# Blender 4.5.2 LTS
# www.blender.org
mtllib rangermech.mtl
o Cube.002
v 0.249902 0.065907 0.174878
v 0.248756 0.216043 0.088681
v 0.189488 0.065840 -0.015689
v 0.189488 0.111604 -0.016689
v 0.334918 0.065907 0.174878
v 0.336032 0.216043 0.088681
v 0.383730 0.065840 -0.015689
v 0.383730 0.111604 -0.016689
v 0.248907 0.187222 0.117884
v 0.185656 0.091367 -0.016182
v 0.387413 0.091367 -0.016182
v 0.336148 0.187222 0.117884
v 0.189488 0.065875 0.084967
v 0.189488 0.173332 0.045589
v 0.383730 0.065875 0.084967
v 0.383730 0.173332 0.045589
v 0.387413 0.148021 0.069140
v 0.185656 0.148021 0.069140
v 0.224742 0.065891 0.129923
v 0.359881 0.194688 0.067135
v 0.356515 0.167621 0.093512
v 0.219122 0.194688 0.067135
v 0.354266 0.065891 0.129923
v 0.222558 0.167621 0.093512
v -0.249902 0.065907 0.174878
v -0.248756 0.216043 0.088681
v -0.189489 0.065840 -0.015689
v -0.189489 0.111604 -0.016689
v -0.334918 0.065907 0.174878
v -0.336032 0.216043 0.088681
v -0.383730 0.065840 -0.015689
v -0.383730 0.111604 -0.016689
v -0.248908 0.187222 0.117884
v -0.185656 0.091367 -0.016182
v -0.387413 0.091367 -0.016182
v -0.336148 0.187222 0.117884
v -0.189489 0.065875 0.084967
v -0.189489 0.173332 0.045589
v -0.383730 0.065875 0.084967
v -0.383730 0.173332 0.045589
v -0.387413 0.148021 0.069140
v -0.185656 0.148021 0.069140
v -0.224742 0.065891 0.129923
v -0.359881 0.194688 0.067135
v -0.356515 0.167621 0.093512
v -0.219123 0.194688 0.067135
v -0.354267 0.065891 0.129923
v -0.222558 0.167621 0.093512
vn -0.9986 0.0330 -0.0419
vn -0.9887 0.1169 -0.0937
vn -0.9998 -0.0081 -0.0165
vn -0.0000 -0.0221 -0.9998
vn -0.0000 -0.0250 -0.9997
vn 0.8158 0.2961 0.4968
vn 0.7796 0.4259 0.4592
vn 0.8121 0.3871 0.4367
vn 0.8476 0.2867 0.4466
vn -0.0000 0.5777 0.8162
vn -0.0000 0.7117 0.7024
vn -0.0000 0.5780 0.8161
vn -0.0000 -1.0000 0.0004
vn -0.0000 0.7102 -0.7040
vn -0.0000 0.4252 0.9051
vn 0.8354 0.1671 0.5236
vn 0.8748 0.1754 0.4515
vn -0.0000 -0.0193 -0.9998
vn -0.9975 -0.0679 0.0207
vn -0.7722 0.1986 0.6035
vn -0.7497 0.3408 0.5672
vn -0.7061 0.3310 0.6259
vn -0.7064 0.1719 0.6866
vn 0.9977 -0.0652 0.0199
vn 0.9998 -0.0078 -0.0158
vn 0.9987 0.0318 -0.0403
vn 0.9896 0.1124 -0.0902
vn -0.7088 0.4813 0.5157
vn -0.6787 0.5094 0.5290
vn -0.7808 0.3390 0.5248
vn -0.7397 0.4501 0.5003
vn -0.8120 0.2155 0.5423
vn 0.7663 0.1526 0.6241
vn 0.7687 0.2963 0.5668
vn 0.7468 0.4612 0.4791
vn 0.9986 0.0330 -0.0419
vn 0.9998 -0.0081 -0.0165
vn 0.9887 0.1169 -0.0937
vn -0.8158 0.2961 0.4968
vn -0.8476 0.2867 0.4466
vn -0.8121 0.3871 0.4367
vn -0.7796 0.4259 0.4592
vn -0.8354 0.1671 0.5236
vn -0.8748 0.1754 0.4515
vn 0.9975 -0.0679 0.0207
vn 0.7722 0.1986 0.6035
vn 0.7064 0.1719 0.6866
vn 0.7061 0.3310 0.6259
vn 0.7497 0.3408 0.5672
vn -0.9977 -0.0652 0.0199
vn -0.9987 0.0318 -0.0403
vn -0.9998 -0.0078 -0.0158
vn -0.9896 0.1124 -0.0902
vn 0.6787 0.5094 0.5290
vn 0.7088 0.4813 0.5157
vn 0.7808 0.3390 0.5248
vn 0.7397 0.4501 0.5003
vn 0.8120 0.2155 0.5423
vn -0.7663 0.1526 0.6241
vn -0.7687 0.2963 0.5668
vn -0.7468 0.4612 0.4791
vt 0.916904 0.260072
vt 0.912545 0.250747
vt 0.942019 0.246752
vt 0.947205 0.251412
vt 0.965944 0.450858
vt 0.961535 0.450023
vt 0.961535 0.407716
vt 0.965944 0.406914
vt 0.905987 0.303634
vt 0.897741 0.312748
vt 0.888901 0.301379
vt 0.901658 0.296777
vt 0.890070 0.269809
vt 0.901562 0.275036
vt 0.924694 0.279056
vt 0.923275 0.293322
vt 0.919561 0.288719
vt 0.920905 0.283825
vt 0.935829 0.412911
vt 0.935829 0.443569
vt 0.929222 0.437114
vt 0.929222 0.418105
vt 0.971505 0.450023
vt 0.971505 0.407716
vt 0.930671 0.272401
vt 0.951839 0.258331
vt 0.907120 0.267451
vt 0.951839 0.315450
vt 0.946350 0.322870
vt 0.914259 0.310787
vt 0.928192 0.299173
vt 0.942437 0.450023
vt 0.942437 0.407716
vt 0.940317 0.327395
vt 0.909128 0.320207
vt 0.899748 0.258051
s 1
usemtl Material.006
f 18/1/1 14/2/2 4/3/2 10/4/3
f 10/5/4 4/6/5 8/7/5 11/8/4
f 21/9/6 20/10/7 6/11/8 12/12/9
f 12/12/10 6/11/11 2/13/11 9/14/12
f 19/15/13 23/16/13 5/17/13 1/18/13
f 20/19/14 22/20/14 2/21/14 6/22/14
f 5/17/15 12/12/10 9/14/12 1/18/15
f 23/16/16 21/9/6 12/12/9 5/17/17
f 3/23/18 10/5/4 11/8/4 7/24/18
f 13/25/19 18/1/1 10/4/3 3/26/19
f 19/15/20 24/27/21 18/1/22 13/25/23
f 7/28/24 11/29/25 17/30/26 15/31/24
f 8/7/14 4/6/14 14/32/14 16/33/14
f 3/26/13 7/28/13 15/31/13 13/25/13
f 11/29/25 8/34/27 16/35/27 17/30/26
f 24/27/21 22/36/28 14/2/29 18/1/22
f 9/14/30 2/13/31 22/36/28 24/27/21
f 1/18/32 9/14/30 24/27/21 19/15/20
f 15/31/33 17/30/34 21/9/6 23/16/16
f 16/33/14 14/32/14 22/20/14 20/19/14
f 13/25/13 15/31/13 23/16/13 19/15/13
f 17/30/34 16/35/35 20/10/7 21/9/6
f 42/1/36 34/4/37 28/3/38 38/2/38
f 34/5/4 35/8/4 32/7/5 28/6/5
f 45/9/39 36/12/40 30/11/41 44/10/42
f 36/12/10 33/14/12 26/13/11 30/11/11
f 43/15/13 25/18/13 29/17/13 47/16/13
f 44/19/14 30/22/14 26/21/14 46/20/14
f 29/17/15 25/18/15 33/14/12 36/12/10
f 47/16/43 29/17/44 36/12/40 45/9/39
f 27/23/18 31/24/18 35/8/4 34/5/4
f 37/25/45 27/26/45 34/4/37 42/1/36
f 43/15/46 37/25/47 42/1/48 48/27/49
f 31/28/50 39/31/50 41/30/51 35/29/52
f 32/7/14 40/33/14 38/32/14 28/6/14
f 27/26/13 37/25/13 39/31/13 31/28/13
f 35/29/52 41/30/51 40/35/53 32/34/53
f 48/27/49 42/1/48 38/2/54 46/36/55
f 33/14/56 48/27/49 46/36/55 26/13/57
f 25/18/58 43/15/46 48/27/49 33/14/56
f 39/31/59 47/16/43 45/9/39 41/30/60
f 40/33/14 44/19/14 46/20/14 38/32/14
f 37/25/13 43/15/13 47/16/13 39/31/13
f 41/30/60 45/9/39 44/10/42 40/35/61
o Cube.003
v 0.207261 0.116847 -0.034628
v 0.248161 0.186202 -0.084387
v 0.207261 0.049851 -0.081140
v 0.248161 0.052388 -0.170091
v 0.372247 0.116847 -0.034628
v 0.331347 0.186202 -0.084387
v 0.372247 0.049851 -0.081140
v 0.331347 0.052388 -0.170091
v 0.207261 0.077257 -0.074199
v 0.248161 0.114606 -0.142852
v 0.372247 0.077257 -0.074199
v 0.331347 0.114606 -0.142852
v 0.227694 0.151525 -0.059507
v 0.230965 0.051120 -0.122110
v 0.348543 0.051120 -0.122110
v 0.351814 0.151525 -0.059507
v 0.354773 0.096633 -0.103149
v 0.224735 0.096633 -0.103149
v -0.207261 0.116847 -0.034628
v -0.248161 0.186202 -0.084387
v -0.207261 0.049851 -0.081140
v -0.248161 0.052388 -0.170091
v -0.372247 0.116847 -0.034628
v -0.331347 0.186202 -0.084387
v -0.372247 0.049851 -0.081140
v -0.331347 0.052388 -0.170091
v -0.207261 0.077257 -0.074199
v -0.248161 0.114606 -0.142852
v -0.372247 0.077257 -0.074199
v -0.331347 0.114606 -0.142852
v -0.227694 0.151525 -0.059507
v -0.230965 0.051120 -0.122110
v -0.348543 0.051120 -0.122110
v -0.351814 0.151525 -0.059507
v -0.354773 0.096633 -0.103149
v -0.224736 0.096633 -0.103149
vn -0.8964 0.2135 -0.3883
vn -0.9029 0.2052 -0.3777
vn -0.9107 0.1172 -0.3962
vn -0.8962 0.1099 -0.4297
vn -0.0000 -0.9996 -0.0293
vn -0.0000 -0.9997 -0.0264
vn 0.8964 0.2135 -0.3883
vn 0.9029 0.2052 -0.3777
vn 0.8847 0.3052 -0.3524
vn 0.8893 0.3071 -0.3389
vn -0.0000 0.5829 0.8125
vn -0.0000 -0.7069 0.7073
vn -0.0000 0.5216 -0.8532
vn -0.0000 0.6325 -0.7746
vn -0.0000 0.4011 -0.9161
vn -0.0000 -0.2455 0.9694
vn 0.8962 0.1099 -0.4297
vn 0.9107 0.1172 -0.3962
vn -0.8893 0.3071 -0.3389
vn -0.8847 0.3052 -0.3524
vn -0.8955 0.3096 -0.3197
vn -0.8903 0.2016 -0.4083
vn 0.8699 0.0974 -0.4835
vn 0.8903 0.2016 -0.4083
vn 0.8955 0.3096 -0.3197
vn -0.0000 -0.9995 -0.0309
vn -0.8699 0.0974 -0.4835
vt 0.954811 0.650634
vt 0.956136 0.639778
vt 0.971580 0.640484
vt 0.966397 0.651536
vt 0.706430 0.401313
vt 0.710370 0.390316
vt 0.729430 0.390316
vt 0.733370 0.401313
vt 0.955090 0.610934
vt 0.956453 0.621785
vt 0.935422 0.621023
vt 0.938697 0.610160
vt 0.734120 0.439787
vt 0.729430 0.449566
vt 0.710370 0.449566
vt 0.705681 0.439787
vt 0.700999 0.417183
vt 0.738802 0.417183
vt 0.738802 0.430008
vt 0.700999 0.430008
vt 0.935422 0.640587
vt 0.971602 0.621071
vt 0.700999 0.410705
vt 0.738802 0.410705
vt 0.966615 0.610104
vt 0.938575 0.651349
vt 0.942016 0.661937
vt 0.954939 0.659674
vt 0.961660 0.600055
vt 0.955268 0.601880
vt 0.942245 0.599507
vt 0.961332 0.661555
s 1
usemtl Material.006
f 66/37/62 58/38/63 52/39/64 62/40/65
f 62/41/66 52/42/67 56/43/67 63/44/66
f 65/45/68 60/46/69 54/47/70 64/48/71
f 64/49/72 54/50/72 50/51/72 61/52/72
f 57/53/73 59/54/73 53/55/73 49/56/73
f 60/46/74 58/38/74 50/57/75 54/47/75
f 56/58/76 52/39/76 58/38/74 60/46/74
f 51/59/77 55/60/77 59/54/77 57/53/77
f 63/61/78 56/58/79 60/46/69 65/45/68
f 61/62/80 50/57/81 58/38/63 66/37/62
f 49/63/82 61/62/80 66/37/62 57/64/83
f 55/65/84 63/61/78 65/45/68 59/66/85
f 53/55/72 64/49/72 61/52/72 49/56/72
f 59/66/85 65/45/68 64/48/71 53/67/86
f 51/59/87 62/41/66 63/44/66 55/60/87
f 57/64/83 66/37/62 62/40/65 51/68/88
f 84/37/68 80/40/78 70/39/79 76/38/69
f 80/41/66 81/44/66 74/43/67 70/42/67
f 83/45/62 82/48/80 72/47/81 78/46/63
f 82/49/72 79/52/72 68/51/72 72/50/72
f 75/53/73 67/56/73 71/55/73 77/54/73
f 78/46/74 72/47/75 68/57/75 76/38/74
f 74/58/76 78/46/74 76/38/74 70/39/76
f 69/59/77 75/53/77 77/54/77 73/60/77
f 81/61/65 83/45/62 78/46/63 74/58/64
f 79/62/71 84/37/68 76/38/69 68/57/70
f 67/63/86 75/64/85 84/37/68 79/62/71
f 73/65/88 77/66/83 83/45/62 81/61/65
f 71/55/72 67/56/72 79/52/72 82/49/72
f 77/66/83 71/67/82 82/48/80 83/45/62
f 69/59/87 73/60/87 81/44/66 80/41/66
f 75/64/85 69/68/84 80/40/78 84/37/68
o Cube.004
v 0.181737 0.026216 0.100156
v 0.181737 0.061291 0.108571
v 0.168790 0.026216 -0.064129
v 0.168790 0.061291 -0.052349
v 0.392066 0.026216 0.100156
v 0.392066 0.061291 0.108571
v 0.407451 0.026216 -0.064129
v 0.407451 0.061291 -0.052349
v 0.178340 0.037022 0.108422
v 0.164980 0.037022 -0.056407
v 0.411261 0.037022 -0.056407
v 0.395462 0.037022 0.108422
v 0.187294 0.067133 0.101822
v 0.175024 0.067133 -0.045600
v 0.386509 0.067133 0.101822
v 0.401218 0.067133 -0.045600
v 0.315213 0.026216 -0.064129
v 0.261029 0.026216 -0.064129
v 0.261029 0.061291 -0.052349
v 0.315213 0.061291 -0.052349
v 0.234667 0.026216 0.186722
v 0.348698 0.026216 0.186722
v 0.348698 0.061291 0.195136
v 0.234667 0.061291 0.195136
v 0.350632 0.037022 0.194987
v 0.232733 0.037022 0.194987
v 0.260164 0.037022 -0.056407
v 0.316078 0.037022 -0.056407
v 0.345534 0.067133 0.188388
v 0.237832 0.067133 0.188388
v 0.313797 0.067133 -0.045600
v 0.262444 0.067133 -0.045600
v -0.181737 0.026216 0.100156
v -0.181737 0.061291 0.108571
v -0.168791 0.026216 -0.064129
v -0.168791 0.061291 -0.052349
v -0.392066 0.026216 0.100156
v -0.392066 0.061291 0.108571
v -0.407451 0.026216 -0.064129
v -0.407451 0.061291 -0.052349
v -0.178340 0.037022 0.108422
v -0.164981 0.037022 -0.056407
v -0.411262 0.037022 -0.056407
v -0.395463 0.037022 0.108422
v -0.187294 0.067133 0.101822
v -0.175024 0.067133 -0.045600
v -0.386509 0.067133 0.101822
v -0.401218 0.067133 -0.045600
v -0.315213 0.026216 -0.064129
v -0.261029 0.026216 -0.064129
v -0.261029 0.061291 -0.052349
v -0.315213 0.061291 -0.052349
v -0.234668 0.026216 0.186722
v -0.348698 0.026216 0.186722
v -0.348698 0.061291 0.195136
v -0.234668 0.061291 0.195136
v -0.350633 0.037022 0.194987
v -0.232734 0.037022 0.194987
v -0.260164 0.037022 -0.056407
v -0.316078 0.037022 -0.056407
v -0.345534 0.067133 0.188388
v -0.237832 0.067133 0.188388
v -0.313798 0.067133 -0.045600
v -0.262444 0.067133 -0.045600
vn -0.9870 0.1396 0.0797
vn -0.0000 0.1649 -0.9863
vn 0.9859 0.1382 0.0944
vn -0.8465 0.0898 0.5248
vn -0.0000 -1.0000 -0.0000
vn 0.5821 0.7621 0.2836
vn -0.7247 -0.5224 0.4493
vn 0.9238 -0.3728 0.0875
vn -0.0000 0.5814 -0.8136
vn -0.9283 -0.3644 0.0742
vn 0.7022 0.7086 0.0685
vn -0.7027 0.7091 0.0575
vn -0.0000 0.7561 -0.6545
vn -0.0000 1.0000 -0.0000
vn 0.7751 -0.4932 0.3949
vn -0.5406 0.7768 0.3231
vn -0.0000 0.7561 0.6545
vn -0.9905 0.0290 0.1342
vn 0.8870 0.0947 0.4519
vn -0.0000 -0.0061 1.0000
vn 0.9931 0.0500 0.1064
vn 0.9870 0.1396 0.0797
vn -0.9859 0.1382 0.0944
vn 0.8465 0.0898 0.5248
vn -0.5821 0.7621 0.2836
vn 0.7247 -0.5224 0.4493
vn -0.9238 -0.3728 0.0875
vn 0.9283 -0.3644 0.0742
vn -0.7022 0.7086 0.0685
vn 0.7027 0.7091 0.0575
vn -0.7751 -0.4932 0.3949
vn 0.5406 0.7768 0.3231
vn 0.9905 0.0290 0.1342
vn -0.8870 0.0947 0.4519
vn -0.9931 0.0500 0.1064
vt 0.791741 0.910638
vt 0.785698 0.908680
vt 0.791036 0.874012
vt 0.797101 0.870902
vt 0.750908 0.853930
vt 0.753071 0.862995
vt 0.730916 0.872182
vt 0.724969 0.868789
vt 0.735141 0.907629
vt 0.728739 0.909402
vt 0.776770 0.933981
vt 0.772595 0.927762
vt 0.943682 0.593479
vt 0.920258 0.593479
vt 0.924165 0.551759
vt 0.935179 0.529776
vt 0.746533 0.927284
vt 0.736922 0.905850
vt 0.747600 0.925100
vt 0.780888 0.934373
vt 0.795163 0.910124
vt 0.721893 0.865392
vt 0.725261 0.908605
vt 0.748930 0.849892
vt 0.800275 0.867668
vt 0.732975 0.873605
vt 0.784021 0.906912
vt 0.788922 0.875334
vt 0.753918 0.865509
vt 0.771626 0.925623
vt 0.768281 0.866092
vt 0.769280 0.863596
vt 0.772051 0.855048
vt 0.774187 0.851137
vt 0.741920 0.934373
vt 0.737550 0.934244
vt 0.947142 0.886712
vt 0.923718 0.886712
vt 0.930413 0.823009
vt 0.943854 0.844992
vt 0.937622 0.527285
vt 0.946141 0.591161
vt 0.921195 0.884462
vt 0.927895 0.820593
vt 0.568988 0.890815
vt 0.598928 0.890815
vt 0.591962 0.954656
vt 0.577763 0.954656
s 0
usemtl Material.006
f 93/69/89 86/70/89 88/71/89 94/72/89
f 112/73/90 104/74/90 92/75/90 95/76/90
f 95/76/91 92/75/91 90/77/91 96/78/91
f 110/79/92 108/80/92 86/70/92 93/69/92
f 101/81/93 91/82/93 89/83/93 106/84/93
f 107/85/94 90/77/94 99/86/94 113/87/94
f 105/88/95 110/79/95 93/69/95 85/89/95
f 91/90/96 95/76/96 96/78/96 89/91/96
f 101/92/97 112/73/97 95/76/97 91/90/97
f 85/89/98 93/69/98 94/72/98 87/93/98
f 92/75/99 100/94/99 99/86/99 90/77/99
f 86/70/100 97/95/100 98/96/100 88/71/100
f 104/74/101 115/97/101 100/94/101 92/75/101
f 113/87/102 99/86/102 100/94/102 115/97/102
f 97/95/102 114/98/102 116/99/102 98/96/102
f 114/98/102 113/87/102 115/97/102 116/99/102
f 88/71/101 98/96/101 116/99/101 103/100/101
f 103/100/101 116/99/101 115/97/101 104/74/101
f 87/93/97 94/72/97 111/101/97 102/102/97
f 89/91/103 96/78/103 109/103/103 106/104/103
f 86/70/104 108/80/104 114/98/104 97/95/104
f 108/80/105 107/85/105 113/87/105 114/98/105
f 87/105/93 102/106/93 105/107/93 85/108/93
f 106/84/106 109/109/106 112/110/106 101/81/106
f 96/78/107 90/77/107 107/85/107 109/103/107
f 109/103/108 107/85/108 108/80/108 110/79/108
f 94/72/90 88/71/90 103/100/90 111/101/90
f 111/101/90 103/100/90 104/74/90 112/73/90
f 105/107/109 102/106/109 111/111/109 110/112/109
f 109/113/93 110/114/93 111/115/93 112/116/93
f 125/69/110 126/72/110 120/71/110 118/70/110
f 144/73/90 127/76/90 124/75/90 136/74/90
f 127/76/111 128/78/111 122/77/111 124/75/111
f 142/79/112 125/69/112 118/70/112 140/80/112
f 133/81/93 138/84/93 121/83/93 123/82/93
f 139/85/113 145/87/113 131/86/113 122/77/113
f 137/88/114 117/89/114 125/69/114 142/79/114
f 123/90/115 121/91/115 128/78/115 127/76/115
f 133/92/97 123/90/97 127/76/97 144/73/97
f 117/89/116 119/93/116 126/72/116 125/69/116
f 124/75/117 122/77/117 131/86/117 132/94/117
f 118/70/118 120/71/118 130/96/118 129/95/118
f 136/74/101 124/75/101 132/94/101 147/97/101
f 145/87/102 147/97/102 132/94/102 131/86/102
f 129/95/102 130/96/102 148/99/102 146/98/102
f 146/98/102 148/99/102 147/97/102 145/87/102
f 120/71/101 135/100/101 148/99/101 130/96/101
f 135/100/101 136/74/101 147/97/101 148/99/101
f 119/93/97 134/102/97 143/101/97 126/72/97
f 121/91/119 138/104/119 141/103/119 128/78/119
f 118/70/120 129/95/120 146/98/120 140/80/120
f 140/80/105 146/98/105 145/87/105 139/85/105
f 119/105/93 117/108/93 137/107/93 134/106/93
f 138/84/121 133/81/121 144/110/121 141/109/121
f 128/78/122 141/103/122 139/85/122 122/77/122
f 141/103/108 142/79/108 140/80/108 139/85/108
f 126/72/90 143/101/90 135/100/90 120/71/90
f 143/101/90 144/73/90 136/74/90 135/100/90
f 137/107/123 142/112/123 143/111/123 134/106/123
f 141/113/93 144/116/93 143/115/93 142/114/93
o Cube.005
v 0.180689 0.026216 -0.078954
v 0.184596 0.053085 -0.078954
v 0.237486 0.026216 -0.190498
v 0.237486 0.053085 -0.181850
v 0.401252 0.026216 -0.078954
v 0.397344 0.053085 -0.078954
v 0.344455 0.026216 -0.190498
v 0.344455 0.053085 -0.181850
v 0.180689 0.039651 -0.082969
v 0.237486 0.039651 -0.196367
v 0.344455 0.039651 -0.196367
v 0.401252 0.039651 -0.082969
v 0.308798 0.026216 -0.190498
v 0.273142 0.026216 -0.190498
v 0.273142 0.053085 -0.181850
v 0.308798 0.053085 -0.181850
v 0.254210 0.026216 -0.078954
v 0.327731 0.026216 -0.078954
v 0.326428 0.053085 -0.078954
v 0.255512 0.053085 -0.078954
v 0.327731 0.039651 -0.082969
v 0.254210 0.039651 -0.082969
v 0.273142 0.039651 -0.196367
v 0.308798 0.039651 -0.196367
v 0.308798 0.032421 -0.193023
v 0.273142 0.032421 -0.193023
v 0.254432 0.033144 -0.080968
v 0.327509 0.033144 -0.080968
v -0.180689 0.026216 -0.078954
v -0.184597 0.053085 -0.078954
v -0.237486 0.026216 -0.190498
v -0.237486 0.053085 -0.181850
v -0.401252 0.026216 -0.078954
v -0.397345 0.053085 -0.078954
v -0.344455 0.026216 -0.190498
v -0.344455 0.053085 -0.181850
v -0.180689 0.039651 -0.082969
v -0.237486 0.039651 -0.196367
v -0.344455 0.039651 -0.196367
v -0.401252 0.039651 -0.082969
v -0.308799 0.026216 -0.190498
v -0.273143 0.026216 -0.190498
v -0.273143 0.053085 -0.181850
v -0.308799 0.053085 -0.181850
v -0.254210 0.026216 -0.078954
v -0.327731 0.026216 -0.078954
v -0.326429 0.053085 -0.078954
v -0.255513 0.053085 -0.078954
v -0.327731 0.039651 -0.082969
v -0.254210 0.039651 -0.082969
v -0.273143 0.039651 -0.196367
v -0.308799 0.039651 -0.196367
v -0.308799 0.032421 -0.193023
v -0.273143 0.032421 -0.193023
v -0.254432 0.033144 -0.080968
v -0.327509 0.033144 -0.080968
vn -0.8158 0.4040 -0.4137
vn -0.0000 0.7339 -0.6792
vn 0.8158 0.4040 -0.4137
vn -0.0000 -0.2864 0.9581
vn -0.0000 -1.0000 -0.0000
vn -0.0000 1.0000 -0.0000
vn 0.8806 -0.1636 -0.4447
vn -0.0024 -0.4003 -0.9164
vn -0.8806 -0.1636 -0.4447
vn 0.0024 -0.4003 -0.9164
vn 0.0004 0.2864 0.9581
vn -0.0000 -1.0000 0.0065
vn -0.9853 0.0406 0.1657
vn 0.9853 0.0406 0.1657
vn -0.0004 0.2864 0.9581
vn -0.0000 -0.4198 -0.9076
vn -0.0000 0.2939 0.9558
vt 0.921326 0.916495
vt 0.922940 0.920741
vt 0.908574 0.941208
vt 0.903810 0.941851
vt 0.911995 0.963877
vt 0.917188 0.959573
vt 0.923447 0.966739
vt 0.920159 0.970356
vt 0.947873 0.965399
vt 0.950610 0.968969
vt 0.940134 0.926045
vt 0.936795 0.930062
vt 0.897811 0.686138
vt 0.907608 0.687738
vt 0.918208 0.720933
vt 0.898008 0.717634
vt 0.911613 0.950124
vt 0.919541 0.974344
vt 0.954523 0.972086
vt 0.908530 0.968051
vt 0.909713 0.965982
vt 0.920734 0.911489
vt 0.899973 0.940323
vt 0.905509 0.952488
vt 0.902440 0.953455
vt 0.899973 0.953455
vt 0.952348 0.948088
vt 0.954576 0.947465
vt 0.956954 0.947777
vt 0.947260 0.948778
vt 0.883309 0.718650
vt 0.873512 0.720250
vt 0.873709 0.688755
vt 0.893909 0.685456
vt 0.252996 0.952881
vt 0.262922 0.952881
vt 0.268130 0.984076
vt 0.247787 0.984076
vt 0.896076 0.717083
vt 0.896076 0.685456
vt 0.871777 0.689306
vt 0.871777 0.720932
vt 0.941817 0.924480
vt 0.942809 0.922281
s 0
usemtl Material.006
f 157/117/124 150/118/124 152/119/124 158/120/124
f 172/121/125 164/122/125 156/123/125 159/124/125
f 159/124/126 156/123/126 154/125/126 160/126/126
f 170/127/127 168/128/127 150/118/127 157/117/127
f 161/129/128 155/130/128 153/131/128 166/132/128
f 163/133/129 152/119/129 150/118/129 168/128/129
f 155/134/130 159/124/130 160/126/130 153/135/130
f 161/136/131 173/137/131 172/121/131 159/124/131 155/134/131
f 149/138/132 157/117/132 158/120/132 151/139/132
f 151/139/133 158/120/133 171/140/133 174/141/133 162/142/133
f 153/135/134 160/126/134 169/143/134 176/144/134 166/145/134
f 156/123/129 164/122/129 167/146/129 154/125/129
f 164/122/129 163/133/129 168/128/129 167/146/129
f 151/147/128 162/148/128 165/149/128 149/150/128
f 160/126/127 154/125/127 167/146/127 169/143/127
f 169/143/127 167/146/127 168/128/127 170/127/127
f 158/120/125 152/119/125 163/133/125 171/140/125
f 171/140/125 163/133/125 164/122/125 172/121/125
f 174/151/135 173/152/135 176/153/135 175/154/135
f 161/129/136 166/132/136 176/155/136 173/156/136
f 175/157/137 165/149/137 162/148/137 174/158/137
f 175/159/138 170/127/138 157/117/138 149/138/138 165/160/138
f 171/140/139 172/121/139 173/137/139 174/141/139
f 169/143/140 170/127/140 175/159/140 176/144/140
f 185/117/126 186/120/126 180/119/126 178/118/126
f 200/121/125 187/124/125 184/123/125 192/122/125
f 187/124/124 188/126/124 182/125/124 184/123/124
f 198/127/127 185/117/127 178/118/127 196/128/127
f 189/129/128 194/132/128 181/131/128 183/130/128
f 191/133/129 196/128/129 178/118/129 180/119/129
f 183/134/132 181/135/132 188/126/132 187/124/132
f 189/136/133 183/134/133 187/124/133 200/121/133 201/137/133
f 177/138/130 179/139/130 186/120/130 185/117/130
f 179/139/131 190/142/131 202/141/131 199/140/131 186/120/131
f 181/135/138 194/145/138 204/144/138 197/143/138 188/126/138
f 184/123/129 182/125/129 195/146/129 192/122/129
f 192/122/129 195/146/129 196/128/129 191/133/129
f 179/147/128 177/150/128 193/149/128 190/148/128
f 188/126/127 197/143/127 195/146/127 182/125/127
f 197/143/127 198/127/127 196/128/127 195/146/127
f 186/120/125 199/140/125 191/133/125 180/119/125
f 199/140/125 200/121/125 192/122/125 191/133/125
f 202/151/135 203/154/135 204/153/135 201/152/135
f 189/129/137 201/156/137 204/155/137 194/132/137
f 203/157/136 202/158/136 190/148/136 193/149/136
f 203/159/134 193/160/134 177/138/134 185/117/134 198/127/134
f 199/140/139 202/141/139 201/137/139 200/121/139
f 197/143/140 204/144/140 203/159/140 198/127/140
o Cube.006
v 0.243875 0.231348 0.075204
v 0.254609 0.276294 0.052460
v 0.243875 0.231348 -0.076046
v 0.254609 0.276294 -0.051284
v 0.330967 0.231348 0.075204
v 0.320233 0.276294 0.052460
v 0.330967 0.231348 -0.076046
v 0.320233 0.276294 -0.051284
v 0.239343 0.181523 0.075204
v 0.239343 0.181523 -0.076046
v 0.335499 0.181523 0.075204
v 0.335499 0.181523 -0.076046
v 0.252448 0.239150 0.066383
v 0.252448 0.239150 -0.067093
v 0.322394 0.239150 -0.067093
v 0.322394 0.239150 0.066383
v -0.243876 0.231348 0.075204
v -0.254610 0.276294 0.052460
v -0.243876 0.231348 -0.076046
v -0.254610 0.276294 -0.051284
v -0.330967 0.231348 0.075204
v -0.320233 0.276294 0.052460
v -0.330967 0.231348 -0.076046
v -0.320233 0.276294 -0.051284
v -0.239343 0.181523 0.075204
v -0.239343 0.181523 -0.076046
v -0.335499 0.181523 0.075204
v -0.335499 0.181523 -0.076046
v -0.252449 0.239150 0.066383
v -0.252449 0.239150 -0.067093
v -0.322394 0.239150 -0.067093
v -0.322394 0.239150 0.066383
v 0.243875 0.231348 -0.000421
v 0.253529 0.257722 0.059421
v 0.254609 0.276294 0.000588
v 0.248162 0.235249 -0.071569
v 0.287421 0.231348 -0.076046
v 0.287421 0.276294 -0.051284
v 0.326680 0.235249 -0.071569
v 0.330967 0.231348 -0.000421
v 0.320233 0.276294 0.000588
v 0.326680 0.235249 0.070793
v 0.287421 0.231348 0.075204
v 0.287421 0.276294 0.052460
v 0.239343 0.181523 -0.000421
v 0.287421 0.181523 -0.076046
v 0.335499 0.181523 -0.000421
v 0.287421 0.181523 0.075204
v 0.241609 0.206435 0.075204
v 0.333233 0.206435 0.075204
v 0.333233 0.206435 -0.076046
v 0.241609 0.206435 -0.076046
v 0.248162 0.235249 0.070793
v 0.253529 0.257722 -0.059189
v 0.321313 0.257722 -0.059189
v 0.321313 0.257722 0.059421
v 0.287421 0.239150 0.066383
v 0.322394 0.239150 -0.000355
v 0.287421 0.239150 -0.067093
v 0.252448 0.239150 -0.000355
v -0.243876 0.231348 -0.000421
v -0.253529 0.257722 0.059421
v -0.254610 0.276294 0.000588
v -0.248162 0.235249 -0.071569
v -0.287421 0.231348 -0.076046
v -0.287421 0.276294 -0.051284
v -0.326681 0.235249 -0.071569
v -0.330967 0.231348 -0.000421
v -0.320233 0.276294 0.000588
v -0.326681 0.235249 0.070793
v -0.287421 0.231348 0.075204
v -0.287421 0.276294 0.052460
v -0.239343 0.181523 -0.000421
v -0.287421 0.181523 -0.076046
v -0.335499 0.181523 -0.000421
v -0.287421 0.181523 0.075204
v -0.241610 0.206435 0.075204
v -0.333233 0.206435 0.075204
v -0.333233 0.206435 -0.076046
v -0.241610 0.206435 -0.076046
v -0.248162 0.235249 0.070793
v -0.253529 0.257722 -0.059189
v -0.321314 0.257722 -0.059189
v -0.321314 0.257722 0.059421
v -0.287421 0.239150 0.066383
v -0.322394 0.239150 -0.000355
v -0.287421 0.239150 -0.067093
v -0.252449 0.239150 -0.000355
v 0.253529 0.257722 0.000116
v 0.287421 0.257722 -0.059189
v 0.321313 0.257722 0.000116
v 0.287421 0.257722 0.059421
v 0.287421 0.206435 0.075204
v 0.287421 0.276294 0.000588
v 0.287421 0.181523 -0.000421
v 0.287421 0.206435 -0.076046
v 0.241609 0.206435 -0.000421
v 0.333233 0.206435 -0.000421
v 0.287421 0.235249 0.070793
v 0.326680 0.235249 -0.000388
v 0.287421 0.235249 -0.071569
v 0.248162 0.235249 -0.000388
v -0.253529 0.257722 0.000116
v -0.287421 0.257722 -0.059189
v -0.321314 0.257722 0.000116
v -0.287421 0.257722 0.059421
v -0.287421 0.206435 0.075204
v -0.287421 0.276294 0.000588
v -0.287421 0.181523 -0.000421
v -0.287421 0.206435 -0.076046
v -0.241610 0.206435 -0.000421
v -0.333233 0.206435 -0.000421
v -0.287421 0.235249 0.070793
v -0.326681 0.235249 -0.000388
v -0.287421 0.235249 -0.071569
v -0.248162 0.235249 -0.000388
vn -0.9983 0.0581 -0.0000
vn -0.0000 0.3916 -0.9201
vn 0.9983 0.0581 -0.0000
vn -0.0000 0.3510 0.9364
vn -0.0000 -0.0000 1.0000
vn -0.0000 1.0000 -0.0000
vn -0.0000 -1.0000 -0.0000
vn -0.0000 -0.0000 -1.0000
vn -0.9959 0.0906 -0.0000
vn 0.9959 0.0906 -0.0000
vn -0.0000 0.7491 0.6625
vn 0.6731 0.7396 -0.0000
vn -0.0000 0.7539 -0.6570
vn -0.6731 0.7396 -0.0000
vt 0.892343 0.785349
vt 0.895501 0.783686
vt 0.903565 0.788884
vt 0.901745 0.791150
vt 0.898659 0.782023
vt 0.905385 0.786619
vt 0.912112 0.791215
vt 0.911630 0.794083
vt 0.911148 0.796951
vt 0.908121 0.739049
vt 0.910116 0.742401
vt 0.904111 0.746527
vt 0.901709 0.743381
vt 0.912112 0.745752
vt 0.906512 0.749673
vt 0.900911 0.753593
vt 0.898105 0.750653
vt 0.895298 0.747712
vt 0.895058 0.761663
vt 0.891924 0.760511
vt 0.898193 0.762815
vt 0.895474 0.772038
vt 0.892012 0.772674
vt 0.888550 0.773310
vt 0.893756 0.778180
vt 0.890446 0.779330
vt 0.897066 0.777030
vt 0.886198 0.773540
vt 0.888514 0.780040
vt 0.884285 0.781901
vt 0.880973 0.774223
vt 0.890830 0.786541
vt 0.887597 0.789579
vt 0.884363 0.792617
vt 0.880055 0.783761
vt 0.875747 0.774906
vt 0.408340 0.218577
vt 0.414711 0.218577
vt 0.414711 0.228649
vt 0.408340 0.228649
vt 0.421083 0.218577
vt 0.421083 0.228649
vt 0.421083 0.238721
vt 0.414711 0.238721
vt 0.408340 0.238721
vt 0.482522 0.214238
vt 0.491858 0.214238
vt 0.491858 0.228922
vt 0.482522 0.228922
vt 0.501193 0.214238
vt 0.501193 0.228922
vt 0.501193 0.243606
vt 0.491858 0.243606
vt 0.482522 0.243606
vt 0.908193 0.735128
vt 0.900566 0.740631
vt 0.895785 0.736453
vt 0.904170 0.729322
vt 0.892938 0.746134
vt 0.887400 0.743583
vt 0.881861 0.741033
vt 0.891004 0.732275
vt 0.900148 0.723516
vt 0.901119 0.793199
vt 0.898295 0.796555
vt 0.911407 0.799857
vt 0.908994 0.803532
vt 0.906581 0.807207
vt 0.895472 0.799912
vt 0.889568 0.759837
vt 0.884186 0.758903
vt 0.878804 0.757970
vt 0.887374 0.773425
vt 0.889480 0.779685
vt 0.891586 0.785945
vt 0.894118 0.746923
vt 0.890746 0.760174
vt 0.908157 0.737089
vt 0.901137 0.742006
vt 0.901432 0.792175
vt 0.911278 0.798404
vt 0.884285 0.781901
vt 0.414711 0.228649
vt 0.895785 0.736453
vt 0.890746 0.760174
s 0
usemtl Material.006
f 217/161/141 238/162/141 293/163/141 264/164/141
f 238/162/141 206/165/141 239/166/141 293/163/141
f 293/163/141 239/166/141 208/167/141 258/168/141
f 264/164/141 293/163/141 258/168/141 218/169/141
f 218/170/142 258/171/142 294/172/142 263/173/142
f 258/171/142 208/174/142 242/175/142 294/172/142
f 294/172/142 242/175/142 212/176/142 259/177/142
f 263/173/142 294/172/142 259/177/142 219/178/142
f 219/178/143 259/177/143 295/179/143 262/180/143
f 259/177/143 212/176/143 245/181/143 295/179/143
f 295/179/143 245/181/143 210/182/143 260/183/143
f 262/180/143 295/179/143 260/183/143 220/184/143
f 220/184/144 260/183/144 296/185/144 261/186/144
f 260/183/144 210/182/144 248/187/144 296/185/144
f 296/185/144 248/187/144 206/165/144 238/162/144
f 261/186/144 296/185/144 238/162/144 217/161/144
f 209/188/145 247/189/145 297/190/145 254/191/145
f 247/189/145 205/192/145 253/193/145 297/190/145
f 297/190/145 253/193/145 213/194/145 252/195/145
f 254/191/145 297/190/145 252/195/145 215/196/145
f 212/197/146 242/198/146 298/199/146 245/200/146
f 242/198/146 208/201/146 239/202/146 298/199/146
f 298/199/146 239/202/146 206/203/146 248/204/146
f 245/200/146 298/199/146 248/204/146 210/205/146
f 214/206/147 250/207/147 299/208/147 249/209/147
f 250/207/147 216/210/147 251/211/147 299/208/147
f 299/208/147 251/211/147 215/212/147 252/213/147
f 249/209/147 299/208/147 252/213/147 213/214/147
f 207/215/148 241/216/148 300/217/148 256/218/148
f 241/216/148 211/219/148 255/220/148 300/217/148
f 300/217/148 255/220/148 216/221/148 250/222/148
f 256/218/148 300/217/148 250/222/148 214/223/148
f 205/192/149 237/224/149 301/225/149 253/193/149
f 237/224/149 207/226/149 256/227/149 301/225/149
f 301/225/149 256/227/149 214/228/149 249/229/149
f 253/193/149 301/225/149 249/229/149 213/194/149
f 211/219/150 244/230/150 302/231/150 255/220/150
f 244/230/150 209/188/150 254/191/150 302/231/150
f 302/231/150 254/191/150 215/196/150 251/232/150
f 255/220/150 302/231/150 251/232/150 216/221/150
f 209/188/151 246/233/151 303/234/151 247/189/151
f 246/233/151 220/184/151 261/186/151 303/234/151
f 303/234/151 261/186/151 217/161/151 257/235/151
f 247/189/151 303/234/151 257/235/151 205/192/151
f 211/219/152 243/236/152 304/237/152 244/230/152
f 243/236/152 219/178/152 262/180/152 304/237/152
f 304/237/152 262/180/152 220/184/152 246/233/152
f 244/230/152 304/237/152 246/233/152 209/188/152
f 207/215/153 240/238/153 305/239/153 241/216/153
f 240/238/153 218/170/153 263/173/153 305/239/153
f 305/239/153 263/173/153 219/178/153 243/236/153
f 241/216/153 305/239/153 243/236/153 211/219/153
f 205/192/154 257/235/154 306/240/154 237/224/154
f 257/235/154 217/161/154 264/164/154 306/240/154
f 306/240/154 264/164/154 218/169/154 240/241/154
f 237/224/154 306/240/154 240/241/154 207/226/154
f 233/161/143 292/164/143 307/163/143 266/162/143
f 292/164/143 234/169/143 286/168/143 307/163/143
f 307/163/143 286/168/143 224/167/143 267/166/143
f 266/162/143 307/163/143 267/166/143 222/165/143
f 234/170/142 291/173/142 308/172/142 286/171/142
f 291/173/142 235/178/142 287/177/142 308/172/142
f 308/172/142 287/177/142 228/176/142 270/175/142
f 286/171/142 308/172/142 270/175/142 224/174/142
f 235/178/141 290/180/141 309/179/141 287/177/141
f 290/180/141 236/184/141 288/183/141 309/179/141
f 309/179/141 288/183/141 226/182/141 273/181/141
f 287/177/141 309/179/141 273/181/141 228/176/141
f 236/184/144 289/186/144 310/185/144 288/183/144
f 289/186/144 233/161/144 266/162/144 310/185/144
f 310/185/144 266/162/144 222/165/144 276/187/144
f 288/183/144 310/185/144 276/187/144 226/182/144
f 225/188/145 282/191/145 311/242/145 275/189/145
f 282/191/145 231/196/145 280/195/145 311/242/145
f 311/242/145 280/195/145 229/194/145 281/193/145
f 275/189/145 311/242/145 281/193/145 221/192/145
f 228/197/146 273/200/146 312/243/146 270/198/146
f 273/200/146 226/205/146 276/204/146 312/243/146
f 312/243/146 276/204/146 222/203/146 267/202/146
f 270/198/146 312/243/146 267/202/146 224/201/146
f 230/206/147 277/209/147 313/208/147 278/207/147
f 277/209/147 229/214/147 280/213/147 313/208/147
f 313/208/147 280/213/147 231/212/147 279/211/147
f 278/207/147 313/208/147 279/211/147 232/210/147
f 223/215/148 284/218/148 314/244/148 269/216/148
f 284/218/148 230/223/148 278/222/148 314/244/148
f 314/244/148 278/222/148 232/221/148 283/220/148
f 269/216/148 314/244/148 283/220/148 227/219/148
f 221/192/150 281/193/150 315/225/150 265/224/150
f 281/193/150 229/194/150 277/229/150 315/225/150
f 315/225/150 277/229/150 230/228/150 284/227/150
f 265/224/150 315/225/150 284/227/150 223/226/150
f 227/219/149 283/220/149 316/231/149 272/230/149
f 283/220/149 232/221/149 279/232/149 316/231/149
f 316/231/149 279/232/149 231/196/149 282/191/149
f 272/230/149 316/231/149 282/191/149 225/188/149
f 225/188/151 275/189/151 317/234/151 274/233/151
f 275/189/151 221/192/151 285/235/151 317/234/151
f 317/234/151 285/235/151 233/161/151 289/186/151
f 274/233/151 317/234/151 289/186/151 236/184/151
f 227/219/154 272/230/154 318/245/154 271/236/154
f 272/230/154 225/188/154 274/233/154 318/245/154
f 318/245/154 274/233/154 236/184/154 290/180/154
f 271/236/154 318/245/154 290/180/154 235/178/154
f 223/215/153 269/216/153 319/239/153 268/238/153
f 269/216/153 227/219/153 271/236/153 319/239/153
f 319/239/153 271/236/153 235/178/153 291/173/153
f 268/238/153 319/239/153 291/173/153 234/170/153
f 221/192/152 265/224/152 320/240/152 285/235/152
f 265/224/152 223/226/152 268/241/152 320/240/152
f 320/240/152 268/241/152 234/169/152 292/164/152
f 285/235/152 320/240/152 292/164/152 233/161/152
o Cylinder
v 0.222712 0.207589 -0.040458
v 0.354672 0.207589 -0.040458
v 0.222712 0.190430 -0.035861
v 0.354672 0.190430 -0.035861
v 0.222712 0.177870 -0.023300
v 0.354672 0.177870 -0.023300
v 0.222712 0.173272 -0.006142
v 0.354672 0.173272 -0.006142
v 0.222712 0.177870 0.011017
v 0.354672 0.177870 0.011017
v 0.222712 0.190430 0.023577
v 0.354672 0.190430 0.023577
v 0.222712 0.207589 0.028175
v 0.354672 0.207589 0.028175
v 0.222712 0.224747 0.023577
v 0.354672 0.224747 0.023577
v 0.222712 0.237308 0.011016
v 0.354672 0.237308 0.011016
v 0.222712 0.241905 -0.006142
v 0.354672 0.241905 -0.006142
v 0.222712 0.237308 -0.023300
v 0.354672 0.237308 -0.023300
v 0.222712 0.224747 -0.035861
v 0.354672 0.224747 -0.035861
v 0.222712 0.207589 -0.072122
v 0.222712 0.174599 -0.063282
v 0.354672 0.174599 -0.063282
v 0.354672 0.207589 -0.072122
v 0.222712 0.150448 -0.039132
v 0.354672 0.150448 -0.039132
v 0.222712 0.141608 -0.006142
v 0.354672 0.141608 -0.006142
v 0.222712 0.150448 0.026848
v 0.354672 0.150448 0.026848
v 0.222712 0.174599 0.050999
v 0.354672 0.174599 0.050999
v 0.222712 0.207589 0.059839
v 0.354672 0.207589 0.059839
v 0.222712 0.240579 0.050999
v 0.354672 0.240579 0.050999
v 0.222712 0.264729 0.026848
v 0.354672 0.264729 0.026848
v 0.222712 0.273569 -0.006142
v 0.354672 0.273569 -0.006142
v 0.222712 0.264729 -0.039132
v 0.354672 0.264729 -0.039132
v 0.222712 0.240579 -0.063282
v 0.354672 0.240579 -0.063282
v 0.218312 0.207589 -0.040458
v 0.218312 0.190430 -0.035861
v 0.359071 0.190430 -0.035861
v 0.359071 0.207589 -0.040458
v 0.218312 0.177870 -0.023300
v 0.359071 0.177870 -0.023300
v 0.218312 0.173272 -0.006142
v 0.359071 0.173272 -0.006142
v 0.218312 0.177870 0.011017
v 0.359071 0.177870 0.011017
v 0.218312 0.190430 0.023577
v 0.359071 0.190430 0.023577
v 0.218312 0.207589 0.028175
v 0.359071 0.207589 0.028175
v 0.218312 0.224747 0.023577
v 0.359071 0.224747 0.023577
v 0.218312 0.237308 0.011016
v 0.359071 0.237308 0.011017
v 0.218312 0.241905 -0.006142
v 0.359071 0.241905 -0.006142
v 0.218312 0.237308 -0.023300
v 0.359071 0.237308 -0.023300
v 0.218312 0.224747 -0.035861
v 0.359071 0.224747 -0.035861
v -0.222712 0.207589 -0.040458
v -0.354673 0.207589 -0.040458
v -0.222712 0.190430 -0.035861
v -0.354673 0.190430 -0.035861
v -0.222712 0.177870 -0.023300
v -0.354673 0.177870 -0.023300
v -0.222712 0.173272 -0.006142
v -0.354673 0.173272 -0.006142
v -0.222712 0.177870 0.011017
v -0.354673 0.177870 0.011017
v -0.222712 0.190430 0.023577
v -0.354673 0.190430 0.023577
v -0.222712 0.207589 0.028175
v -0.354673 0.207589 0.028175
v -0.222712 0.224747 0.023577
v -0.354673 0.224747 0.023577
v -0.222712 0.237308 0.011016
v -0.354673 0.237308 0.011016
v -0.222712 0.241905 -0.006142
v -0.354673 0.241905 -0.006142
v -0.222712 0.237308 -0.023300
v -0.354673 0.237308 -0.023300
v -0.222712 0.224747 -0.035861
v -0.354673 0.224747 -0.035861
v -0.222712 0.207589 -0.072122
v -0.222712 0.174599 -0.063282
v -0.354673 0.174599 -0.063282
v -0.354673 0.207589 -0.072122
v -0.222712 0.150448 -0.039132
v -0.354673 0.150448 -0.039132
v -0.222712 0.141608 -0.006142
v -0.354673 0.141608 -0.006142
v -0.222712 0.150448 0.026848
v -0.354673 0.150448 0.026848
v -0.222712 0.174599 0.050999
v -0.354673 0.174599 0.050999
v -0.222712 0.207589 0.059839
v -0.354673 0.207589 0.059839
v -0.222712 0.240579 0.050999
v -0.354673 0.240579 0.050999
v -0.222712 0.264729 0.026848
v -0.354673 0.264729 0.026848
v -0.222712 0.273569 -0.006142
v -0.354673 0.273569 -0.006142
v -0.222712 0.264729 -0.039132
v -0.354673 0.264729 -0.039132
v -0.222712 0.240579 -0.063282
v -0.354673 0.240579 -0.063282
v -0.218313 0.207589 -0.040458
v -0.218313 0.190430 -0.035861
v -0.359072 0.190430 -0.035861
v -0.359072 0.207589 -0.040458
v -0.218313 0.177870 -0.023300
v -0.359072 0.177870 -0.023300
v -0.218313 0.173272 -0.006142
v -0.359072 0.173272 -0.006142
v -0.218313 0.177870 0.011017
v -0.359072 0.177870 0.011017
v -0.218313 0.190430 0.023577
v -0.359072 0.190430 0.023577
v -0.218313 0.207589 0.028175
v -0.359072 0.207589 0.028175
v -0.218313 0.224747 0.023577
v -0.359072 0.224747 0.023577
v -0.218313 0.237308 0.011016
v -0.359072 0.237308 0.011017
v -0.218313 0.241905 -0.006142
v -0.359072 0.241905 -0.006142
v -0.218313 0.237308 -0.023300
v -0.359072 0.237308 -0.023300
v -0.218313 0.224747 -0.035861
v -0.359072 0.224747 -0.035861
vn -0.0000 -0.2588 -0.9659
vn -0.0000 -0.5000 -0.8660
vn -0.0000 -0.8660 -0.5000
vn -0.0000 -0.9659 -0.2588
vn -0.0000 -0.9659 0.2588
vn -0.0000 -0.8660 0.5000
vn -0.0000 -0.7071 0.7071
vn -0.0000 -0.2588 0.9659
vn -0.0000 -0.0000 1.0000
vn -0.0000 0.2588 0.9659
vn -0.0000 0.7071 0.7071
vn -0.0000 0.8660 0.5000
vn -0.0000 0.9659 0.2588
vn -0.0000 0.9659 -0.2588
vn -0.0000 0.8660 -0.5000
vn -0.0000 0.5000 -0.8660
vn -0.0000 0.2588 -0.9659
vn -1.0000 -0.0000 -0.0000
vn 1.0000 -0.0000 -0.0000
vt 0.465136 0.805196
vt 0.496647 0.805325
vt 0.495314 0.813696
vt 0.466874 0.813511
vt 0.494715 0.821262
vt 0.467688 0.820974
vt 0.494433 0.828695
vt 0.468119 0.828175
vt 0.494316 0.835956
vt 0.468218 0.835332
vt 0.494184 0.843126
vt 0.468240 0.842480
vt 0.494070 0.850316
vt 0.467949 0.849617
vt 0.494115 0.857580
vt 0.467744 0.856791
vt 0.494452 0.864916
vt 0.467286 0.864143
vt 0.495081 0.872555
vt 0.466587 0.871862
vt 0.496635 0.880808
vt 0.465031 0.880346
vt 0.869224 0.707760
vt 0.869398 0.712739
vt 0.868190 0.712490
vt 0.868053 0.708151
vt 0.499819 0.890114
vt 0.461561 0.890594
vt 0.461573 0.795655
vt 0.500295 0.794914
vt 0.867035 0.717102
vt 0.865910 0.716458
vt 0.457084 0.815356
vt 0.454959 0.809025
vt 0.506828 0.808913
vt 0.504732 0.815181
vt 0.458421 0.821654
vt 0.504885 0.821897
vt 0.457619 0.828492
vt 0.505575 0.829121
vt 0.458600 0.835307
vt 0.504241 0.836223
vt 0.457414 0.842265
vt 0.505136 0.843336
vt 0.458248 0.849277
vt 0.503886 0.850396
vt 0.456920 0.856216
vt 0.504865 0.857333
vt 0.457520 0.863286
vt 0.504050 0.864295
vt 0.455875 0.870012
vt 0.505458 0.870865
vt 0.455056 0.877030
vt 0.506156 0.877654
vt 0.452341 0.883113
vt 0.508547 0.883363
vt 0.452341 0.802961
vt 0.509682 0.802696
vt 0.861960 0.718390
vt 0.857724 0.718322
vt 0.854069 0.715961
vt 0.851784 0.712178
vt 0.851860 0.707731
vt 0.854136 0.703828
vt 0.858090 0.701765
vt 0.862285 0.701971
vt 0.865746 0.704397
vt 0.837740 0.701751
vt 0.842078 0.702318
vt 0.845509 0.704903
vt 0.847257 0.708783
vt 0.847151 0.712902
vt 0.844884 0.716329
vt 0.841404 0.718458
vt 0.837308 0.718416
vt 0.833541 0.716483
vt 0.831139 0.712884
vt 0.830840 0.708347
vt 0.833187 0.703667
vt 0.832760 0.717410
vt 0.829953 0.713323
vt 0.853181 0.702825
vt 0.857863 0.700544
vt 0.842504 0.701167
vt 0.846429 0.704122
vt 0.857411 0.719496
vt 0.853201 0.716849
vt 0.845708 0.717140
vt 0.841747 0.719567
vt 0.866603 0.703549
vt 0.829515 0.708122
vt 0.850609 0.707422
vt 0.848408 0.708519
vt 0.862221 0.719496
vt 0.837054 0.719567
vt 0.862648 0.700912
vt 0.831862 0.703024
vt 0.850575 0.712545
vt 0.848274 0.713219
vt 0.866406 0.717495
vt 0.832710 0.702468
vt 0.837551 0.700544
s 1
usemtl Material.006
f 345/246/155 348/247/155 347/248/156 346/249/156
f 346/249/156 347/248/156 350/250/157 349/251/157
f 349/251/157 350/250/157 352/252/158 351/253/158
f 351/253/159 352/252/159 354/254/160 353/255/160
f 353/255/160 354/254/160 356/256/161 355/257/161
f 355/257/162 356/256/162 358/258/163 357/259/163
f 357/259/163 358/258/163 360/260/164 359/261/164
f 359/261/165 360/260/165 362/262/166 361/263/166
f 361/263/166 362/262/166 364/264/167 363/265/167
f 363/265/168 364/264/168 366/266/169 365/267/169
f 324/268/156 322/269/155 372/270/155 371/271/156
f 365/267/169 366/266/169 368/272/170 367/273/170
f 367/274/170 368/275/170 348/247/171 345/246/171
f 322/269/171 344/276/170 392/277/170 372/270/171
f 323/278/172 321/279/172 345/246/172 346/249/172
f 322/280/173 324/281/173 347/248/173 348/247/173
f 325/282/172 323/278/172 346/249/172 349/251/172
f 324/281/173 326/283/173 350/250/173 347/248/173
f 327/284/172 325/282/172 349/251/172 351/253/172
f 326/283/173 328/285/173 352/252/173 350/250/173
f 329/286/172 327/284/172 351/253/172 353/255/172
f 328/285/173 330/287/173 354/254/173 352/252/173
f 331/288/172 329/286/172 353/255/172 355/257/172
f 330/287/173 332/289/173 356/256/173 354/254/173
f 333/290/172 331/288/172 355/257/172 357/259/172
f 332/289/173 334/291/173 358/258/173 356/256/173
f 335/292/172 333/290/172 357/259/172 359/261/172
f 334/291/173 336/293/173 360/260/173 358/258/173
f 337/294/172 335/292/172 359/261/172 361/263/172
f 336/293/173 338/295/173 362/262/173 360/260/173
f 339/296/172 337/294/172 361/263/172 363/265/172
f 338/295/173 340/297/173 364/264/173 362/262/173
f 341/298/172 339/296/172 363/265/172 365/267/172
f 340/297/173 342/299/173 366/266/173 364/264/173
f 343/300/172 341/298/172 365/267/172 367/273/172
f 342/299/173 344/301/173 368/272/173 366/266/173
f 321/279/172 343/302/172 367/274/172 345/246/172
f 344/303/173 322/280/173 348/247/173 368/275/173
f 371/271/173 372/270/173 392/277/173 390/304/173 388/305/173 386/306/173 384/307/173 382/308/173 380/309/173 378/310/173 376/311/173 374/312/173
f 369/313/172 370/314/172 373/315/172 375/316/172 377/317/172 379/318/172 381/319/172 383/320/172 385/321/172 387/322/172 389/323/172 391/324/172
f 337/325/166 339/326/167 387/322/167 385/321/166
f 332/327/161 330/328/160 378/310/160 380/309/161
f 323/329/156 325/330/157 373/315/157 370/314/156
f 340/331/167 338/332/166 386/306/166 388/305/167
f 331/333/162 333/334/163 381/319/163 379/318/162
f 326/335/157 324/268/156 371/271/156 374/312/157
f 339/326/168 341/336/169 389/323/169 387/322/168
f 334/337/163 332/327/162 380/309/162 382/308/163
f 325/330/157 327/338/158 375/316/158 373/315/157
f 342/339/169 340/331/168 388/305/168 390/304/169
f 333/334/163 335/340/164 383/320/164 381/319/163
f 328/341/158 326/335/157 374/312/157 376/311/158
f 341/336/169 343/342/170 391/324/170 389/323/169
f 336/343/164 334/337/163 382/308/163 384/307/164
f 327/338/159 329/344/160 377/317/160 375/316/159
f 344/345/170 342/339/169 390/304/169 392/277/170
f 335/340/165 337/325/166 385/321/166 383/320/165
f 330/328/160 328/341/159 376/311/159 378/310/160
f 343/346/170 321/347/171 369/313/171 391/324/170
f 321/347/155 323/329/156 370/314/156 369/313/155
f 338/332/166 336/343/165 384/307/165 386/306/166
f 329/344/160 331/333/161 379/318/161 377/317/160
f 417/246/155 418/249/156 419/248/156 420/247/155
f 418/249/156 421/251/157 422/250/157 419/248/156
f 421/251/157 423/253/158 424/252/158 422/250/157
f 423/253/159 425/255/160 426/254/160 424/252/159
f 425/255/160 427/257/161 428/256/161 426/254/160
f 427/257/162 429/259/163 430/258/163 428/256/162
f 429/259/163 431/261/164 432/260/164 430/258/163
f 431/261/165 433/263/166 434/262/166 432/260/165
f 433/263/166 435/265/167 436/264/167 434/262/166
f 435/265/168 437/267/169 438/266/169 436/264/168
f 396/268/156 443/271/156 444/270/155 394/269/155
f 437/267/169 439/273/170 440/272/170 438/266/169
f 439/274/170 417/246/171 420/247/171 440/275/170
f 394/269/171 444/270/171 464/277/170 416/276/170
f 395/278/173 418/249/173 417/246/173 393/279/173
f 394/280/172 420/247/172 419/248/172 396/281/172
f 397/282/173 421/251/173 418/249/173 395/278/173
f 396/281/172 419/248/172 422/250/172 398/283/172
f 399/284/173 423/253/173 421/251/173 397/282/173
f 398/283/172 422/250/172 424/252/172 400/285/172
f 401/286/173 425/255/173 423/253/173 399/284/173
f 400/285/172 424/252/172 426/254/172 402/287/172
f 403/288/173 427/257/173 425/255/173 401/286/173
f 402/287/172 426/254/172 428/256/172 404/289/172
f 405/290/173 429/259/173 427/257/173 403/288/173
f 404/289/172 428/256/172 430/258/172 406/291/172
f 407/292/173 431/261/173 429/259/173 405/290/173
f 406/291/172 430/258/172 432/260/172 408/293/172
f 409/294/173 433/263/173 431/261/173 407/292/173
f 408/293/172 432/260/172 434/262/172 410/295/172
f 411/296/173 435/265/173 433/263/173 409/294/173
f 410/295/172 434/262/172 436/264/172 412/297/172
f 413/298/173 437/267/173 435/265/173 411/296/173
f 412/297/172 436/264/172 438/266/172 414/299/172
f 415/300/173 439/273/173 437/267/173 413/298/173
f 414/299/172 438/266/172 440/272/172 416/301/172
f 393/279/173 417/246/173 439/274/173 415/302/173
f 416/303/172 440/275/172 420/247/172 394/280/172
f 443/271/172 446/312/172 448/311/172 450/310/172 452/309/172 454/308/172 456/307/172 458/306/172 460/305/172 462/304/172 464/277/172 444/270/172
f 441/313/173 463/324/173 461/323/173 459/322/173 457/321/173 455/320/173 453/319/173 451/318/173 449/317/173 447/316/173 445/315/173 442/314/173
f 409/325/166 457/321/166 459/322/167 411/326/167
f 404/327/161 452/309/161 450/310/160 402/328/160
f 395/329/156 442/314/156 445/315/157 397/330/157
f 412/331/167 460/305/167 458/306/166 410/332/166
f 403/333/162 451/318/162 453/319/163 405/334/163
f 398/335/157 446/312/157 443/271/156 396/268/156
f 411/326/168 459/322/168 461/323/169 413/336/169
f 406/337/163 454/308/163 452/309/162 404/327/162
f 397/330/157 445/315/157 447/316/158 399/338/158
f 414/339/169 462/304/169 460/305/168 412/331/168
f 405/334/163 453/319/163 455/320/164 407/340/164
f 400/341/158 448/311/158 446/312/157 398/335/157
f 413/336/169 461/323/169 463/324/170 415/342/170
f 408/343/164 456/307/164 454/308/163 406/337/163
f 399/338/159 447/316/159 449/317/160 401/344/160
f 416/345/170 464/277/170 462/304/169 414/339/169
f 407/340/165 455/320/165 457/321/166 409/325/166
f 402/328/160 450/310/160 448/311/159 400/341/159
f 415/346/170 463/324/170 441/313/171 393/347/171
f 393/347/155 441/313/155 442/314/156 395/329/156
f 410/332/166 458/306/166 456/307/165 408/343/165
f 401/344/160 449/317/160 451/318/161 403/333/161
o Cube.007
v 0.207612 0.038536 0.074405
v 0.246247 0.182960 0.074405
v 0.235151 0.038536 -0.131394
v 0.252338 0.182960 -0.074405
v 0.366710 0.038536 0.074405
v 0.328074 0.182960 0.074405
v 0.345849 0.038536 -0.131394
v 0.328074 0.182960 -0.074405
v 0.207612 0.115663 0.074405
v 0.244753 0.115663 -0.102900
v 0.344895 0.115663 -0.102900
v 0.366710 0.115663 0.074405
v 0.207612 0.038536 -0.042850
v 0.246247 0.182960 -0.014356
v 0.366710 0.038536 -0.042850
v 0.328074 0.182960 -0.014356
v 0.366710 0.115663 -0.028603
v 0.213272 0.115663 -0.028603
v -0.207613 0.038536 0.074405
v -0.246248 0.182960 0.074405
v -0.235152 0.038536 -0.131394
v -0.252338 0.182960 -0.074405
v -0.366710 0.038536 0.074405
v -0.328075 0.182960 0.074405
v -0.345849 0.038536 -0.131394
v -0.328075 0.182960 -0.074405
v -0.207613 0.115663 0.074405
v -0.244753 0.115663 -0.102900
v -0.344896 0.115663 -0.102900
v -0.366710 0.115663 0.074405
v -0.207613 0.038536 -0.042850
v -0.246248 0.182960 -0.014356
v -0.366710 0.038536 -0.042850
v -0.328075 0.182960 -0.014356
v -0.366710 0.115663 -0.028603
v -0.213272 0.115663 -0.028603
vn -0.9530 0.2577 -0.1593
vn -0.8977 0.4214 -0.1284
vn -0.9015 0.3517 -0.2521
vn -0.9189 0.2529 -0.3028
vn -0.0000 0.3668 -0.9303
vn -0.0000 0.3899 -0.9209
vn -0.0000 0.3666 -0.9304
vn 0.9642 0.2460 -0.0985
vn 0.8838 0.4634 -0.0647
vn 0.8672 0.4979 -0.0000
vn 0.9662 0.2576 -0.0000
vn -0.0000 -0.0000 1.0000
vn -0.0000 -1.0000 -0.0000
vn -0.0000 1.0000 -0.0000
vn 0.9889 0.0427 -0.1422
vn 1.0000 -0.0000 -0.0000
vn -0.0000 0.3466 -0.9380
vn -0.9723 0.1213 -0.2000
vn -0.9241 0.1842 -0.3349
vn -0.9989 0.0390 -0.0257
vn -0.9652 0.2601 -0.0265
vn 0.9645 0.0760 -0.2528
vn 0.9530 0.2151 -0.2135
vn 0.8976 0.4161 -0.1457
vn -0.8814 0.4717 -0.0260
vn 0.9530 0.2577 -0.1593
vn 0.9189 0.2529 -0.3028
vn 0.9015 0.3517 -0.2521
vn 0.8977 0.4214 -0.1284
vn -0.9642 0.2460 -0.0985
vn -0.9662 0.2576 -0.0000
vn -0.8672 0.4979 -0.0000
vn -0.8838 0.4634 -0.0647
vn -0.9889 0.0427 -0.1422
vn -1.0000 -0.0000 -0.0000
vn 0.9723 0.1213 -0.2000
vn 0.9241 0.1842 -0.3349
vn 0.9989 0.0390 -0.0257
vn 0.9652 0.2601 -0.0265
vn -0.9645 0.0760 -0.2528
vn -0.9530 0.2151 -0.2135
vn -0.8976 0.4161 -0.1457
vn 0.8814 0.4717 -0.0260
vt 0.738446 0.214574
vt 0.729442 0.202177
vt 0.738369 0.199065
vt 0.750584 0.202585
vt 0.739240 0.189071
vt 0.749875 0.183617
vt 0.737596 0.173412
vt 0.729232 0.187206
vt 0.708881 0.184860
vt 0.713575 0.164139
vt 0.805133 0.437254
vt 0.796504 0.452286
vt 0.778227 0.452286
vt 0.769597 0.437254
vt 0.769597 0.393836
vt 0.805133 0.393836
vt 0.805133 0.420027
vt 0.769597 0.420027
vt 0.710309 0.205844
vt 0.752107 0.159848
vt 0.722712 0.144312
vt 0.768808 0.207785
vt 0.768808 0.179234
vt 0.753101 0.227050
vt 0.726023 0.243516
vt 0.716059 0.225276
vt 0.775748 0.374059
vt 0.800474 0.374059
s 1
usemtl Material.006
f 482/348/174 478/349/175 468/350/176 474/351/177
f 474/351/178 468/350/179 472/352/179 475/353/180
f 481/354/181 480/355/182 470/356/183 476/357/184
f 476/358/185 470/359/185 466/360/185 473/361/185
f 477/362/186 479/363/186 469/364/186 465/365/186
f 480/355/187 478/349/187 466/366/187 470/356/187
f 469/364/185 476/358/185 473/361/185 465/365/185
f 479/367/188 481/354/181 476/357/184 469/368/189
f 467/369/190 474/351/178 475/353/180 471/370/190
f 477/371/191 482/348/174 474/351/177 467/369/192
f 465/372/193 473/373/194 482/348/174 477/371/191
f 471/370/195 475/353/196 481/354/181 479/367/188
f 472/352/187 468/350/187 478/349/187 480/355/187
f 467/374/186 471/375/186 479/363/186 477/362/186
f 475/353/196 472/352/197 480/355/182 481/354/181
f 473/373/194 466/366/198 478/349/175 482/348/174
f 500/348/199 492/351/200 486/350/201 496/349/202
f 492/351/178 493/353/180 490/352/179 486/350/179
f 499/354/203 494/357/204 488/356/205 498/355/206
f 494/358/185 491/361/185 484/360/185 488/359/185
f 495/362/186 483/365/186 487/364/186 497/363/186
f 498/355/187 488/356/187 484/366/187 496/349/187
f 487/364/185 483/365/185 491/361/185 494/358/185
f 497/367/207 487/368/208 494/357/204 499/354/203
f 485/369/190 489/370/190 493/353/180 492/351/178
f 495/371/209 485/369/210 492/351/200 500/348/199
f 483/372/211 495/371/209 500/348/199 491/373/212
f 489/370/213 497/367/207 499/354/203 493/353/214
f 490/352/187 498/355/187 496/349/187 486/350/187
f 485/374/186 495/362/186 497/363/186 489/375/186
f 493/353/214 499/354/203 498/355/206 490/352/215
f 491/373/212 500/348/199 496/349/202 484/366/216
o Cube
v 0.136863 1.473759 0.454239
v 0.147296 1.260080 0.175275
v 0.135847 1.466556 0.454483
v 0.190834 1.521359 0.299029
v 0.107197 1.232622 0.270229
v 0.156036 1.539255 0.392207
v 0.151403 1.280794 0.192277
v 0.111876 1.259116 0.291657
v 0.140424 1.277502 0.197334
v 0.100850 1.254829 0.286881
v 0.184390 1.493980 0.322425
v 0.182995 1.486759 0.323061
v 0.147865 1.465458 0.456470
v 0.148880 1.472652 0.456225
v 0.176771 1.495692 0.328210
v 0.175765 1.488453 0.329329
v -0.000000 1.260080 0.175275
v -0.000000 1.253771 0.322654
v -0.000000 1.585444 0.443651
v -0.000000 1.521359 0.299029
v -0.000000 1.498333 0.522636
v -0.000000 1.491142 0.522526
v -0.000000 1.232622 0.270229
v -0.000000 1.539255 0.392207
v -0.000000 1.280794 0.192277
v -0.000000 1.281326 0.346525
v -0.000000 1.277502 0.197334
v -0.000000 1.276995 0.336320
v -0.000000 1.493980 0.322425
v -0.000000 1.486759 0.323061
v -0.000000 1.490848 0.530263
v -0.000000 1.497974 0.529979
v -0.000000 1.495692 0.328210
v -0.000000 1.488453 0.329329
v -0.136863 1.473759 0.454239
v -0.147296 1.260080 0.175275
v -0.135847 1.466556 0.454483
v -0.190835 1.521359 0.299029
v -0.107197 1.232622 0.270229
v -0.156037 1.539255 0.392207
v -0.151403 1.280794 0.192277
v -0.111876 1.259116 0.291657
v -0.140425 1.277502 0.197334
v -0.100850 1.254829 0.286881
v -0.184391 1.493980 0.322425
v -0.182996 1.486759 0.323061
v -0.147865 1.465458 0.456470
v -0.148880 1.472652 0.456225
v -0.176772 1.495692 0.328210
v -0.175765 1.488453 0.329329
vn -0.1789 -0.9608 -0.2119
vn 0.9528 -0.1066 0.2842
vn 0.0475 -0.8806 0.4715
vn 0.3235 -0.9423 -0.0858
vn -0.1522 -0.9875 0.0407
vn 0.4440 -0.0230 0.8957
vn 0.9224 -0.0643 0.3808
vn -0.2938 -0.5018 0.8135
vn 0.4175 0.6246 0.6600
vn 0.1867 0.9587 0.2144
vn 0.9456 0.1375 0.2950
vn 0.9180 -0.3193 0.2354
vn 0.1512 0.9875 -0.0455
vn 0.2463 -0.6350 0.7322
vn -0.0000 0.7848 -0.6198
vn -0.0000 -0.6496 -0.7602
vn -0.0000 -0.8381 -0.5456
vn -0.0000 -0.9274 0.3741
vn -0.0000 0.9821 -0.1886
vn -0.0000 -0.1528 -0.9883
vn -0.0000 0.9654 -0.2608
vn -0.0000 -0.9606 -0.2778
vn -0.0000 0.7441 -0.6681
vn -0.0000 -0.9589 0.2837
vn -0.0000 0.5360 -0.8442
vn 0.1789 -0.9608 -0.2119
vn -0.9528 -0.1066 0.2842
vn -0.0475 -0.8806 0.4715
vn -0.3235 -0.9423 -0.0858
vn 0.1522 -0.9875 0.0407
vn -0.4440 -0.0230 0.8957
vn -0.9224 -0.0643 0.3808
vn -0.4175 0.6246 0.6600
vn -0.1867 0.9587 0.2144
vn -0.9456 0.1375 0.2950
vn -0.9180 -0.3193 0.2354
vn -0.1512 0.9875 -0.0455
vn -0.2463 -0.6350 0.7322
vn 0.2938 -0.5018 0.8135
vt 0.813565 0.255233
vt 0.817271 0.279998
vt 0.815544 0.281378
vt 0.812236 0.256792
vt 0.540613 0.037488
vt 0.537921 0.067287
vt 0.536313 0.067525
vt 0.539018 0.037912
vt 0.538148 0.696052
vt 0.511191 0.708005
vt 0.511191 0.705740
vt 0.535824 0.694135
vt 0.555968 0.678979
vt 0.559353 0.679211
vt 0.816250 0.309322
vt 0.815085 0.309322
vt 0.543641 0.101411
vt 0.542036 0.101411
vt 0.555789 0.670238
vt 0.535572 0.687520
vt 0.486810 0.687520
vt 0.511191 0.700080
vt 0.486559 0.694135
vt 0.830284 0.266708
vt 0.848231 0.309322
vt 0.540460 0.748591
vt 0.570041 0.745277
vt 0.568255 0.747061
vt 0.539307 0.750889
vt 0.816094 0.246752
vt 0.511191 0.757783
vt 0.511191 0.756487
vt 0.664616 0.864119
vt 0.670892 0.862585
vt 0.670892 0.895474
vt 0.664616 0.895474
vt 0.770286 0.259022
vt 0.769597 0.249414
vt 0.663268 0.861668
vt 0.663268 0.895474
vt 0.511191 0.685929
vt 0.100008 0.877791
vt 0.078823 0.885561
vt 0.078823 0.842951
vt 0.100008 0.842951
vt 0.523852 0.001716
vt 0.525361 0.001084
vt 0.567458 0.792747
vt 0.565774 0.792655
vt 0.511191 0.656618
vt 0.115445 0.842951
vt 0.770411 0.260450
vt 0.608792 0.854614
vt 0.608792 0.895474
vt 0.813565 0.363411
vt 0.812236 0.361851
vt 0.815544 0.337265
vt 0.817271 0.338646
vt 0.540613 0.165335
vt 0.539018 0.164910
vt 0.536313 0.135297
vt 0.537921 0.135536
vt 0.484234 0.696052
vt 0.466415 0.678979
vt 0.463029 0.679211
vt 0.466593 0.670238
vt 0.830284 0.351935
vt 0.481922 0.748591
vt 0.483075 0.750889
vt 0.454127 0.747061
vt 0.452341 0.745277
vt 0.816094 0.371891
vt 0.664616 0.926828
vt 0.670892 0.928362
vt 0.769597 0.369229
vt 0.770286 0.359621
vt 0.663268 0.929279
vt 0.100008 0.808111
vt 0.078823 0.800342
vt 0.525361 0.201739
vt 0.523852 0.201107
vt 0.456608 0.792655
vt 0.454923 0.792747
vt 0.770411 0.358193
vt 0.608792 0.936333
s 0
usemtl Material.006
f 511/376/217 514/377/217 501/378/217 515/379/217
f 515/380/218 501/381/218 503/382/218 516/383/218
f 508/384/219 526/385/219 528/386/219 510/387/219
f 509/388/220 507/389/220 508/384/220 510/387/220
f 514/377/221 532/390/221 521/391/221 501/378/221
f 501/381/222 521/392/222 522/393/222 503/382/222
f 502/394/223 509/388/223 510/387/223 505/395/223
f 539/396/224 518/397/224 528/386/224 544/398/224
f 506/399/225 519/400/225 532/390/225 514/377/225
f 513/401/226 512/402/226 516/403/226 503/404/226
f 514/377/227 511/376/227 504/405/227 506/399/227
f 507/389/228 512/402/228 513/401/228 508/384/228
f 503/404/229 522/406/229 531/407/229 513/401/229
f 513/401/230 531/407/230 526/385/230 508/384/230
f 509/408/231 502/409/231 517/410/231 527/411/231
f 504/405/232 511/376/232 529/412/232 520/413/232
f 507/414/233 509/408/233 527/411/233 525/415/233
f 505/395/234 518/397/234 523/416/234
f 506/417/235 504/418/235 520/419/235 524/420/235
f 515/380/236 516/383/236 534/421/236 533/422/236
f 516/403/237 512/402/237 530/423/237 534/424/237
f 502/394/238 505/395/238 523/416/238 517/425/238
f 506/417/239 524/420/239 519/426/239
f 511/376/240 515/379/240 533/427/240 529/412/240
f 512/428/241 507/414/241 525/415/241 530/429/241
f 545/430/242 549/431/242 535/432/242 548/433/242
f 549/434/243 550/435/243 537/436/243 535/437/243
f 544/398/244 528/386/244 526/385/244 542/438/244
f 543/439/245 544/398/245 542/438/245 541/440/245
f 535/432/246 521/391/246 532/390/246 548/433/246
f 537/436/247 522/393/247 521/392/247 535/437/247
f 536/441/248 539/396/248 544/398/248 543/439/248
f 548/433/249 532/390/249 519/400/249 540/442/249
f 547/443/250 537/444/250 550/445/250 546/446/250
f 548/433/251 540/442/251 538/447/251 545/430/251
f 541/440/252 542/438/252 547/443/252 546/446/252
f 547/443/253 531/407/253 522/406/253 537/444/253
f 542/438/254 526/385/254 531/407/254 547/443/254
f 543/448/231 527/411/231 517/410/231 536/449/231
f 538/447/232 520/450/232 529/451/232 545/430/232
f 541/452/233 525/415/233 527/411/233 543/448/233
f 539/396/234 523/416/234 518/397/234
f 540/453/235 524/420/235 520/419/235 538/454/235
f 549/434/236 533/455/236 534/456/236 550/435/236
f 550/445/237 534/457/237 530/458/237 546/446/237
f 536/441/238 517/425/238 523/416/238 539/396/238
f 540/453/239 519/426/239 524/420/239
f 545/430/240 529/451/240 533/459/240 549/431/240
f 546/460/241 530/429/241 525/415/241 541/452/241
f 510/387/255 528/386/255 518/397/255 505/395/255
o Cube.001
v 0.167474 1.489711 0.442119
v 0.167474 1.612102 0.335103
v 0.167474 1.497850 0.156574
v 0.167474 1.625610 0.156574
v 0.392152 1.490020 0.358273
v 0.392152 1.576268 0.246096
v 0.392152 1.584727 0.060272
v 0.238085 1.625610 0.156574
v 0.238085 1.489711 0.423015
v 0.238085 1.612102 0.321979
v 0.167474 1.420374 0.156574
v 0.167474 1.406866 0.335103
v 0.220452 1.420374 0.156574
v 0.338487 1.412088 0.273374
v 0.220452 1.406866 0.335103
v 0.167474 1.653502 -0.339737
v 0.167474 1.564704 -0.225911
v 0.238085 1.564704 -0.225911
v 0.238085 1.653502 -0.339737
v 0.392152 1.601229 -0.247161
v 0.220452 1.494172 -0.179887
v 0.167474 1.494172 -0.179887
v 0.167474 1.492282 0.351920
v 0.167474 1.616369 0.278709
v 0.386583 1.498830 0.279145
v 0.392152 1.578940 0.187397
v 0.238085 1.616369 0.269730
v 0.167474 1.411133 0.278709
v 0.338487 1.414850 0.242439
v 0.220452 1.411133 0.278709
v 0.167474 1.570064 0.371860
v 0.167474 1.581728 0.156574
v 0.386097 1.561777 0.076588
v 0.392152 1.546644 0.284626
v 0.238085 1.570064 0.356682
v 0.167474 1.623003 -0.300641
v 0.392152 1.593856 -0.241958
v 0.238085 1.623003 -0.300641
v 0.390239 1.551425 0.218910
v 0.167474 1.573749 0.303854
v 0.293903 1.430607 0.177396
v 0.294677 1.520387 -0.178519
v 0.339492 1.566055 0.076897
v 0.329012 1.525713 0.109327
v 0.341114 1.506678 0.280967
v 0.293661 1.424140 0.244391
v 0.345508 1.597943 -0.242134
v 0.345995 1.585836 -0.231612
v 0.343789 1.556169 0.220434
v 0.167474 1.412351 0.262610
v 0.220452 1.412351 0.262610
v -0.167475 1.489711 0.442119
v -0.167475 1.612102 0.335103
v -0.167475 1.497850 0.156574
v -0.167475 1.625610 0.156574
v -0.392153 1.490020 0.358273
v -0.392153 1.576268 0.246096
v -0.392153 1.584727 0.060272
v -0.238086 1.625610 0.156574
v -0.238086 1.489711 0.423015
v -0.238086 1.612102 0.321979
v -0.167475 1.420374 0.156574
v -0.167475 1.406866 0.335103
v -0.220453 1.420374 0.156574
v -0.338487 1.412088 0.273374
v -0.220453 1.406866 0.335103
v -0.167475 1.653502 -0.339737
v -0.167475 1.564704 -0.225911
v -0.238086 1.564704 -0.225911
v -0.238086 1.653502 -0.339737
v -0.392153 1.601229 -0.247161
v -0.220453 1.494172 -0.179887
v -0.167475 1.494172 -0.179887
v -0.167475 1.492282 0.351920
v -0.167475 1.616369 0.278709
v -0.386583 1.498830 0.279145
v -0.392153 1.578940 0.187397
v -0.238086 1.616369 0.269730
v -0.167475 1.411133 0.278709
v -0.338487 1.414850 0.242439
v -0.220453 1.411133 0.278709
v -0.167475 1.570064 0.371860
v -0.167475 1.581728 0.156574
v -0.386097 1.561777 0.076588
v -0.392153 1.546644 0.284626
v -0.238086 1.570064 0.356682
v -0.167475 1.623003 -0.300641
v -0.392153 1.593856 -0.241958
v -0.238086 1.623003 -0.300641
v -0.390240 1.551425 0.218910
v -0.167475 1.573749 0.303854
v -0.293903 1.430607 0.177396
v -0.294677 1.520387 -0.178519
v -0.339493 1.566055 0.076897
v -0.329013 1.525713 0.109327
v -0.341115 1.506678 0.280967
v -0.293661 1.424140 0.244391
v -0.345509 1.597943 -0.242134
v -0.345996 1.585836 -0.231612
v -0.343789 1.556169 0.220434
v -0.167475 1.412351 0.262610
v -0.220453 1.412351 0.262610
vn -1.0000 -0.0000 -0.0000
vn 0.9982 -0.0564 -0.0187
vn 0.1510 0.6402 0.7532
vn 0.2878 -0.7575 0.5860
vn 0.0123 0.9969 0.0783
vn 0.2601 0.9637 0.0603
vn -0.0890 -0.9909 -0.1011
vn 0.4278 0.6460 0.6322
vn 0.0044 -0.9968 -0.0802
vn -0.0000 -0.9971 -0.0754
vn -0.0000 -0.9768 -0.2142
vn 0.8733 -0.4779 -0.0944
vn 0.0988 -0.7626 0.6393
vn 0.1173 -0.7548 -0.6453
vn -0.0000 -0.7885 -0.6151
vn -0.0000 -0.5465 -0.8375
vn -0.0606 -0.8836 -0.4642
vn -0.0000 0.9984 0.0561
vn 0.2896 0.9557 0.0528
vn -0.1268 -0.7543 -0.6442
vn 0.1000 -0.8153 -0.5704
vn 0.2784 0.9586 0.0600
vn 0.0050 0.9969 0.0783
vn 0.9834 -0.1798 -0.0259
vn -0.0976 -0.9929 -0.0674
vn 0.1456 -0.6299 -0.7629
vn 0.3421 0.6716 0.6572
vn 0.1819 0.6368 0.7492
vn 0.9922 -0.1085 -0.0614
vn 0.9798 -0.2000 -0.0060
vn 0.9836 -0.1799 0.0092
vn 0.8465 -0.5245 -0.0913
vn 0.8968 -0.4329 -0.0908
vn 0.9740 -0.2155 -0.0704
vn 0.0347 0.3858 -0.9219
vn 0.2649 -0.9385 -0.2214
vn 0.1494 -0.9853 -0.0823
vn 1.0000 -0.0000 -0.0000
vn -0.9982 -0.0564 -0.0187
vn -0.1510 0.6402 0.7532
vn -0.2878 -0.7575 0.5860
vn -0.0123 0.9969 0.0783
vn -0.2601 0.9637 0.0603
vn 0.0890 -0.9909 -0.1011
vn -0.4278 0.6460 0.6322
vn -0.0044 -0.9968 -0.0802
vn -0.8733 -0.4779 -0.0944
vn -0.0988 -0.7626 0.6393
vn -0.1173 -0.7548 -0.6453
vn 0.0606 -0.8836 -0.4642
vn -0.2896 0.9557 0.0528
vn 0.1268 -0.7543 -0.6442
vn -0.1000 -0.8153 -0.5704
vn -0.2784 0.9586 0.0600
vn -0.0050 0.9969 0.0783
vn -0.9834 -0.1798 -0.0259
vn 0.0976 -0.9929 -0.0674
vn -0.1456 -0.6299 -0.7629
vn -0.3421 0.6716 0.6572
vn -0.1819 0.6368 0.7492
vn -0.9922 -0.1085 -0.0614
vn -0.9798 -0.2000 -0.0060
vn -0.9836 -0.1799 0.0092
vn -0.8465 -0.5245 -0.0913
vn -0.8968 -0.4329 -0.0908
vn -0.9740 -0.2155 -0.0704
vn -0.0347 0.3858 -0.9219
vn -0.2649 -0.9385 -0.2214
vn -0.1494 -0.9853 -0.0823
vt 0.495009 0.284260
vt 0.505569 0.291618
vt 0.505569 0.323475
vt 0.494188 0.322614
vt 0.287582 0.163872
vt 0.293683 0.152595
vt 0.297074 0.168231
vt 0.295685 0.179530
vt 0.330472 0.196775
vt 0.334882 0.184504
vt 0.352707 0.192180
vt 0.346919 0.207583
vt 0.297552 0.196433
vt 0.317314 0.219043
vt 0.290559 0.230156
vt 0.283407 0.204657
vt 0.335862 0.171335
vt 0.355205 0.175624
vt 0.283431 0.032997
vt 0.284332 0.122824
vt 0.271095 0.123257
vt 0.270298 0.033192
vt 0.452341 0.319447
vt 0.472434 0.320968
vt 0.482267 0.421477
vt 0.464878 0.408156
vt 0.276428 0.228862
vt 0.279153 0.203515
vt 0.274581 0.242668
vt 0.291389 0.244585
vt 0.721199 0.709628
vt 0.707403 0.709435
vt 0.710385 0.619709
vt 0.724185 0.620167
vt 0.474823 0.270196
vt 0.452341 0.291789
vt 0.452341 0.287590
vt 0.285911 0.186731
vt 0.329175 0.234300
vt 0.564265 0.197440
vt 0.564036 0.184579
vt 0.604848 0.210956
vt 0.604798 0.213295
vt 0.545957 0.197609
vt 0.545809 0.184818
vt 0.546024 0.222163
vt 0.564454 0.222247
vt 0.559561 0.244161
vt 0.545809 0.244025
vt 0.272627 0.227906
vt 0.274586 0.209772
vt 0.355970 0.140747
vt 0.336149 0.140979
vt 0.329505 0.002039
vt 0.349351 0.001084
vt 0.290358 0.117486
vt 0.285322 0.031316
vt 0.503063 0.452740
vt 0.495920 0.442002
vt 0.273449 0.186966
vt 0.273806 0.164355
vt 0.475927 0.246752
vt 0.452341 0.272881
vt 0.270298 0.241959
vt 0.592655 0.213230
vt 0.592739 0.217380
vt 0.495387 0.266550
vt 0.505569 0.276908
vt 0.579302 0.239100
vt 0.772389 0.683046
vt 0.763102 0.693241
vt 0.764046 0.602741
vt 0.766711 0.599507
vt 0.740304 0.714769
vt 0.744780 0.619756
vt 0.766685 0.738246
vt 0.740752 0.732030
vt 0.776534 0.720409
vt 0.721366 0.737380
vt 0.707403 0.737418
s 0
usemtl Material.006
f 590/461/256 574/462/256 554/463/256 582/464/256
f 589/465/257 576/466/257 556/467/257 584/468/257
f 585/469/258 560/470/258 552/471/258 581/472/258
f 555/473/259 559/474/259 565/475/259 564/476/259
f 577/477/260 574/478/260 552/471/260 560/470/260
f 576/466/261 577/477/261 560/470/261 556/467/261
f 587/479/262 583/480/262 593/481/262 597/482/262
f 584/468/263 556/467/263 560/470/263 585/469/263
f 561/483/256 553/484/256 567/485/256 572/486/256
f 580/487/264 579/488/264 564/476/264 565/475/264
f 578/489/265 580/487/265 565/475/265 562/490/265
f 563/491/266 561/492/266 572/493/266 571/494/266
f 573/495/256 553/484/256 561/483/256 600/496/256 578/497/256
f 575/498/267 555/473/267 564/476/267 579/488/267
f 559/474/268 551/499/268 562/490/268 565/475/268
f 588/500/269 569/501/269 570/502/269 587/503/269
f 586/504/270 566/505/270 569/501/270 588/500/270
f 567/506/271 568/507/271 571/508/271 572/509/271
f 601/510/272 596/511/272 579/488/272 580/487/272
f 554/512/273 558/513/273 569/514/273 566/515/273
f 558/513/274 557/516/274 570/517/274 569/514/274
f 582/464/256 554/463/256 566/518/256 586/519/256
f 589/465/275 575/498/275 595/520/275 599/521/275
f 551/522/256 573/495/256 578/497/256 562/523/256
f 600/524/265 601/510/265 580/487/265 578/489/265
f 587/503/276 597/525/276 598/526/276 568/507/276 588/500/276
f 557/516/277 558/513/277 577/477/277 576/466/277
f 558/513/278 554/512/278 574/478/278 577/477/278
f 583/480/279 557/516/279 576/466/279 589/465/279
f 581/527/256 552/528/256 574/462/256 590/461/256
f 551/522/256 581/527/256 590/461/256 573/495/256
f 583/480/280 589/465/280 599/521/280 593/481/280
f 553/484/256 582/464/256 586/519/256 567/485/256
f 567/506/270 586/504/270 588/500/270 568/507/270
f 568/507/281 598/526/281 592/529/281 571/508/281
f 555/473/282 584/468/282 585/469/282 559/474/282
f 559/474/283 585/469/283 581/472/283 551/499/283
f 575/498/284 589/465/284 584/468/284 555/473/284
f 557/516/285 583/480/285 587/479/285 570/517/285
f 573/495/256 590/461/256 582/464/256 553/484/256
f 593/530/286 594/531/286 598/532/286 597/533/286
f 594/531/287 591/534/287 592/535/287 598/532/287
f 594/531/288 595/536/288 596/537/288 591/534/288
f 594/531/289 593/530/289 599/538/289 595/536/289
f 575/498/290 579/488/290 596/511/290 595/520/290
f 571/494/291 592/535/291 591/534/291 563/491/291
f 561/492/265 563/491/265 601/539/265 600/540/265
f 563/491/292 591/534/292 596/537/292 601/539/292
f 641/461/293 633/464/293 605/463/293 625/462/293
f 640/465/294 635/468/294 607/467/294 627/466/294
f 636/469/295 632/472/295 603/471/295 611/470/295
f 606/473/296 615/476/296 616/475/296 610/474/296
f 628/477/297 611/470/297 603/471/297 625/478/297
f 627/466/298 607/467/298 611/470/298 628/477/298
f 638/479/299 648/482/299 644/481/299 634/480/299
f 635/468/300 636/469/300 611/470/300 607/467/300
f 612/483/293 623/486/293 618/485/293 604/484/293
f 631/487/301 616/475/301 615/476/301 630/488/301
f 629/489/265 613/490/265 616/475/265 631/487/265
f 614/491/266 622/494/266 623/493/266 612/492/266
f 624/495/293 629/497/293 651/496/293 612/483/293 604/484/293
f 626/498/302 630/488/302 615/476/302 606/473/302
f 610/474/303 616/475/303 613/490/303 602/499/303
f 639/500/304 638/503/304 621/502/304 620/501/304
f 637/504/270 639/500/270 620/501/270 617/505/270
f 618/506/271 623/509/271 622/508/271 619/507/271
f 652/510/305 631/487/305 630/488/305 647/511/305
f 605/512/273 617/515/273 620/514/273 609/513/273
f 609/513/306 620/514/306 621/517/306 608/516/306
f 633/464/293 637/519/293 617/518/293 605/463/293
f 640/465/307 650/521/307 646/520/307 626/498/307
f 602/522/293 613/523/293 629/497/293 624/495/293
f 651/524/265 629/489/265 631/487/265 652/510/265
f 638/503/308 639/500/308 619/507/308 649/526/308 648/525/308
f 608/516/309 627/466/309 628/477/309 609/513/309
f 609/513/310 628/477/310 625/478/310 605/512/310
f 634/480/311 640/465/311 627/466/311 608/516/311
f 632/527/293 641/461/293 625/462/293 603/528/293
f 602/522/293 624/495/293 641/461/293 632/527/293
f 634/480/312 644/481/312 650/521/312 640/465/312
f 604/484/293 618/485/293 637/519/293 633/464/293
f 618/506/270 619/507/270 639/500/270 637/504/270
f 619/507/313 622/508/313 643/529/313 649/526/313
f 606/473/314 610/474/314 636/469/314 635/468/314
f 610/474/315 602/499/315 632/472/315 636/469/315
f 626/498/316 606/473/316 635/468/316 640/465/316
f 608/516/317 621/517/317 638/479/317 634/480/317
f 624/495/293 604/484/293 633/464/293 641/461/293
f 644/530/318 648/533/318 649/532/318 645/531/318
f 645/531/319 649/532/319 643/535/319 642/534/319
f 645/531/320 642/534/320 647/537/320 646/536/320
f 645/531/321 646/536/321 650/538/321 644/530/321
f 626/498/322 646/520/322 647/511/322 630/488/322
f 622/494/323 614/491/323 642/534/323 643/535/323
f 612/492/265 651/540/265 652/539/265 614/491/265
f 614/491/324 652/539/324 647/537/324 642/534/324
o Cube.012
v 0.054336 0.906275 0.167905
v 0.070458 1.090350 0.257011
v 0.054336 0.926650 -0.068873
v 0.070458 1.090350 -0.130342
v 0.027448 0.935624 -0.101716
v -0.000000 0.935624 -0.101716
v -0.000000 1.090350 -0.183398
v 0.035593 1.090350 -0.183398
v -0.000000 0.896601 0.198229
v 0.027449 0.896601 0.198229
v 0.035593 1.090350 0.287336
v -0.000000 1.090350 0.287336
v 0.054336 0.896245 0.090514
v 0.054336 0.912418 -0.038059
v 0.070458 1.090350 -0.085991
v 0.070458 1.090350 0.127893
v 0.035593 1.090350 -0.055667
v 0.035593 1.090350 0.158218
v -0.000000 1.090350 -0.055667
v -0.000000 1.090350 0.158218
v -0.000000 0.880995 -0.025655
v -0.000000 0.880995 0.120839
v 0.027449 0.880995 -0.025655
v 0.027449 0.880995 0.120839
v 0.070458 1.090350 0.229612
v 0.035593 1.090350 0.259937
v -0.000000 1.090350 0.259937
v -0.000000 0.893289 0.181807
v 0.027449 0.893289 0.181807
v 0.054336 0.904147 0.151482
v 0.070458 1.122262 0.229612
v 0.070458 1.122262 0.257011
v -0.000000 1.103663 0.287336
v 0.035593 1.103663 0.287336
v 0.035593 1.103663 0.259937
v -0.000000 1.103663 0.259937
v -0.054336 0.906275 0.167905
v -0.070458 1.090350 0.257011
v -0.054336 0.926650 -0.068873
v -0.070458 1.090350 -0.130342
v -0.027449 0.935624 -0.101716
v -0.035593 1.090350 -0.183398
v -0.027449 0.896601 0.198229
v -0.035593 1.090350 0.287336
v -0.054336 0.896245 0.090514
v -0.054336 0.912418 -0.038059
v -0.070458 1.090350 -0.085991
v -0.070458 1.090350 0.127893
v -0.035593 1.090350 -0.055667
v -0.035593 1.090350 0.158218
v -0.027449 0.880995 -0.025655
v -0.027449 0.880995 0.120839
v -0.070458 1.090350 0.229612
v -0.035593 1.090350 0.259937
v -0.027449 0.893289 0.181807
v -0.054336 0.904147 0.151482
v -0.070458 1.122262 0.229612
v -0.070458 1.122262 0.257011
v -0.035593 1.103663 0.287336
v -0.035593 1.103663 0.259937
vn 0.7544 -0.3161 -0.5753
vn 0.9961 -0.0887 0.0043
vn 0.4892 -0.8604 0.1425
vn -0.6563 -0.0000 -0.7545
vn -0.0000 -0.0000 1.0000
vn 1.0000 -0.0000 -0.0000
vn -0.0000 -0.9803 0.1977
vn 0.6844 -0.3465 0.6415
vn -0.0000 -0.4178 0.9085
vn -0.0000 -0.4669 -0.8843
vn -0.0000 -0.8122 -0.5833
vn -0.0000 -1.0000 -0.0000
vn -0.0000 1.0000 -0.0000
vn 0.4865 -0.7345 -0.4732
vn 0.6340 -0.7720 -0.0454
vn 0.9948 -0.1000 -0.0189
vn 0.9962 -0.0865 -0.0041
vn 0.5527 -0.8222 0.1362
vn -0.4707 0.8823 -0.0000
vn 0.6563 -0.0000 0.7545
vn -0.0000 -0.0000 -1.0000
vn 0.9963 -0.0857 0.0042
vn -0.7544 -0.3161 -0.5753
vn -0.9961 -0.0887 0.0043
vn -0.4892 -0.8604 0.1425
vn 0.6563 -0.0000 -0.7545
vn -1.0000 -0.0000 -0.0000
vn -0.6844 -0.3465 0.6415
vn -0.4865 -0.7345 -0.4732
vn -0.6340 -0.7720 -0.0454
vn -0.9948 -0.1000 -0.0189
vn -0.9962 -0.0865 -0.0041
vn -0.5527 -0.8222 0.1362
vn 0.4707 0.8823 -0.0000
vn -0.6563 -0.0000 0.7545
vn -0.9963 -0.0857 0.0042
vt 0.670146 0.020658
vt 0.708093 0.012297
vt 0.705547 0.023205
vt 0.669774 0.031765
vt 0.656674 0.087844
vt 0.701465 0.114801
vt 0.697742 0.120749
vt 0.657188 0.091783
vt 0.649643 0.096705
vt 0.651301 0.101095
vt 0.708300 0.125303
vt 0.705707 0.127211
vt 0.701922 0.122141
vt 0.696171 0.142145
vt 0.696620 0.130547
vt 0.699790 0.130458
vt 0.701467 0.141814
vt 0.701320 0.122657
vt 0.641328 0.099920
vt 0.643845 0.105408
vt 0.666064 0.014188
vt 0.713840 0.001084
vt 0.654197 0.038694
vt 0.646907 0.034817
vt 0.646572 0.078832
vt 0.637815 0.078861
vt 0.728140 0.035627
vt 0.718078 0.037604
vt 0.728140 0.099722
vt 0.716610 0.097190
vt 0.707397 0.032028
vt 0.708217 0.087833
vt 0.665385 0.038643
vt 0.656691 0.071128
vt 0.716194 0.134452
vt 0.712357 0.137334
s 0
usemtl Material.006
f 657/541/325 660/542/325 656/543/325 655/544/325
f 682/545/326 677/546/326 654/547/326 653/548/326
f 681/549/327 682/545/327 653/548/327 662/550/327
f 677/546/328 678/551/328 687/552/328 683/553/328
f 664/554/329 663/555/329 686/556/329 685/557/329
f 654/547/330 677/546/330 683/553/330 684/558/330
f 680/559/331 681/549/331 662/550/331 661/560/331
f 653/548/332 654/547/332 663/555/332 662/550/332
f 662/550/333 663/555/333 664/554/333 661/560/333
f 658/561/334 659/562/334 660/542/334 657/541/334
f 658/561/335 657/541/335 675/563/335 673/564/335
f 673/564/336 675/563/336 676/565/336 674/566/336
f 660/542/337 659/562/337 671/567/337 669/568/337
f 669/568/337 671/567/337 672/569/337 670/570/337
f 656/543/337 660/542/337 669/568/337 667/571/337
f 667/571/337 669/568/337 670/570/337 668/572/337
f 657/541/338 655/544/338 666/573/338 675/563/338
f 675/563/339 666/573/339 665/574/339 676/565/339
f 655/544/340 656/543/340 667/571/340 666/573/340
f 666/573/341 667/571/341 668/572/341 665/574/341
f 674/566/331 676/565/331 681/549/331 680/559/331
f 670/570/337 672/569/337 679/575/337 678/551/337
f 668/572/337 670/570/337 678/551/337 677/546/337
f 676/565/342 665/574/342 682/545/342 681/549/342
f 683/553/343 687/552/343 686/556/343 684/558/343
f 687/552/337 688/576/337 685/557/337 686/556/337
f 663/555/344 654/547/344 684/558/344 686/556/344
f 678/551/345 679/575/345 688/576/345 687/552/345
f 665/574/346 668/572/346 677/546/346 682/545/346
f 693/541/347 691/544/347 692/543/347 694/542/347
f 708/545/348 689/548/348 690/547/348 705/546/348
f 707/549/349 695/550/349 689/548/349 708/545/349
f 705/546/350 709/553/350 712/552/350 706/551/350
f 664/554/329 685/557/329 711/556/329 696/555/329
f 690/547/351 710/558/351 709/553/351 705/546/351
f 680/559/331 661/560/331 695/550/331 707/549/331
f 689/548/352 695/550/352 696/555/352 690/547/352
f 695/550/333 661/560/333 664/554/333 696/555/333
f 658/561/334 693/541/334 694/542/334 659/562/334
f 658/561/335 673/564/335 703/563/335 693/541/335
f 673/564/336 674/566/336 704/565/336 703/563/336
f 694/542/337 701/568/337 671/567/337 659/562/337
f 701/568/337 702/570/337 672/569/337 671/567/337
f 692/543/337 699/571/337 701/568/337 694/542/337
f 699/571/337 700/572/337 702/570/337 701/568/337
f 693/541/353 703/563/353 698/573/353 691/544/353
f 703/563/354 704/565/354 697/574/354 698/573/354
f 691/544/355 698/573/355 699/571/355 692/543/355
f 698/573/356 697/574/356 700/572/356 699/571/356
f 674/566/331 680/559/331 707/549/331 704/565/331
f 702/570/337 706/551/337 679/575/337 672/569/337
f 700/572/337 705/546/337 706/551/337 702/570/337
f 704/565/357 707/549/357 708/545/357 697/574/357
f 709/553/358 710/558/358 711/556/358 712/552/358
f 712/552/337 711/556/337 685/557/337 688/576/337
f 696/555/359 711/556/359 710/558/359 690/547/359
f 706/551/345 712/552/345 688/576/345 679/575/345
f 697/574/360 708/545/360 705/546/360 700/572/360
o Cube.023
v 0.180198 1.076931 0.116265
v 0.170577 1.137681 0.116265
v 0.180198 1.076931 0.020964
v 0.170577 1.137681 0.020964
v 0.237453 1.086000 0.116265
v 0.227832 1.146749 0.116265
v 0.237453 1.086000 0.020964
v 0.227832 1.146749 0.020964
v 0.208826 1.081466 0.020964
v 0.199204 1.142215 0.020964
v 0.208826 1.081466 0.116265
v 0.199204 1.142215 0.116265
v 0.172114 1.074846 0.136421
v 0.163133 1.135684 0.135370
v 0.163133 1.135684 0.001858
v 0.172114 1.074846 0.000807
v 0.197821 1.078861 -0.011965
v 0.188840 1.139700 0.148142
v 0.188840 1.139700 -0.010914
v 0.197821 1.078861 0.149193
v 0.134709 1.070648 0.213027
v 0.125728 1.131487 0.211975
v 0.125728 1.131487 -0.074747
v 0.134709 1.070648 -0.075798
v 0.160416 1.074664 -0.088570
v 0.151435 1.135502 0.224747
v 0.151435 1.135502 -0.087519
v 0.160416 1.074664 0.225799
v 0.213056 1.143482 0.160173
v 0.222037 1.082644 0.161225
v 0.213056 1.143482 -0.022945
v 0.222037 1.082644 -0.023996
v 0.175651 1.139285 0.236779
v 0.184632 1.078447 0.237830
v 0.175651 1.139285 -0.099550
v 0.184632 1.078447 -0.100602
v 0.081238 1.066938 0.241279
v 0.071616 1.127687 0.241279
v 0.071616 1.127687 -0.104051
v 0.081238 1.066938 -0.104051
v 0.081238 1.066938 -0.133035
v 0.071616 1.127687 0.270264
v 0.071616 1.127687 -0.133035
v 0.081238 1.066938 0.270264
v 0.233314 1.072344 0.112813
v 0.233314 1.072344 0.024415
v 0.210835 1.068783 0.112813
v 0.210835 1.068783 0.024415
v 0.198341 1.066009 -0.014959
v 0.163645 1.062115 -0.086016
v 0.198341 1.066009 0.152187
v 0.163645 1.062115 0.223244
v 0.217356 1.068979 -0.024407
v 0.182661 1.065085 -0.095463
v 0.217356 1.068979 0.161635
v 0.182661 1.065085 0.232692
v 0.197579 1.152474 0.025477
v 0.221562 1.156272 0.025477
v 0.221562 1.156272 0.111751
v 0.197579 1.152474 0.111751
v 0.151690 1.145975 -0.083713
v 0.185552 1.149775 -0.014364
v 0.151690 1.145975 0.220942
v 0.185552 1.149775 0.151593
v 0.171977 1.149144 -0.093793
v 0.205839 1.152944 -0.024444
v 0.171977 1.149144 0.231021
v 0.205839 1.152944 0.161672
v -0.180199 1.076931 0.116265
v -0.170577 1.137681 0.116265
v -0.180199 1.076931 0.020964
v -0.170577 1.137681 0.020964
v -0.237454 1.086000 0.116265
v -0.227832 1.146749 0.116265
v -0.237454 1.086000 0.020964
v -0.227832 1.146749 0.020964
v -0.208826 1.081466 0.020964
v -0.199205 1.142215 0.020964
v -0.208826 1.081466 0.116265
v -0.199205 1.142215 0.116265
v -0.172114 1.074846 0.136421
v -0.163134 1.135684 0.135370
v -0.163134 1.135684 0.001858
v -0.172114 1.074846 0.000807
v -0.197821 1.078861 -0.011965
v -0.188840 1.139700 0.148142
v -0.188840 1.139700 -0.010914
v -0.197821 1.078861 0.149193
v -0.134710 1.070648 0.213027
v -0.125729 1.131487 0.211975
v -0.125729 1.131487 -0.074747
v -0.134710 1.070648 -0.075798
v -0.160416 1.074664 -0.088570
v -0.151435 1.135502 0.224747
v -0.151435 1.135502 -0.087519
v -0.160416 1.074664 0.225799
v -0.213056 1.143482 0.160173
v -0.222037 1.082644 0.161225
v -0.213056 1.143482 -0.022945
v -0.222037 1.082644 -0.023996
v -0.175651 1.139285 0.236779
v -0.184632 1.078447 0.237830
v -0.175651 1.139285 -0.099550
v -0.184632 1.078447 -0.100602
v -0.081238 1.066938 0.241279
v -0.071616 1.127687 0.241279
v -0.071616 1.127687 -0.104051
v -0.081238 1.066938 -0.104051
v -0.081238 1.066938 -0.133035
v -0.071616 1.127687 0.270264
v -0.071616 1.127687 -0.133035
v -0.081238 1.066938 0.270264
v -0.233315 1.072344 0.112813
v -0.233315 1.072344 0.024415
v -0.210835 1.068783 0.112813
v -0.210835 1.068783 0.024415
v -0.198341 1.066009 -0.014959
v -0.163646 1.062115 -0.086016
v -0.198341 1.066009 0.152187
v -0.163646 1.062115 0.223244
v -0.217357 1.068979 -0.024407
v -0.182661 1.065085 -0.095463
v -0.217357 1.068979 0.161635
v -0.182661 1.065085 0.232692
v -0.197580 1.152474 0.025477
v -0.221563 1.156272 0.025477
v -0.221563 1.156272 0.111751
v -0.197580 1.152474 0.111751
v -0.151691 1.145975 -0.083713
v -0.185552 1.149775 -0.014364
v -0.151691 1.145975 0.220942
v -0.185552 1.149775 0.151593
v -0.171978 1.149144 -0.093793
v -0.205839 1.152944 -0.024444
v -0.171978 1.149144 0.231021
v -0.205839 1.152944 0.161672
vn -0.9877 -0.1564 -0.0000
vn -0.0000 -0.0000 -1.0000
vn 0.9877 0.1564 -0.0000
vn 0.1620 -0.9864 -0.0289
vn 0.0406 -0.2564 -0.9657
vn -0.1564 0.9877 -0.0000
vn 0.7585 0.5155 0.3986
vn 0.1564 -0.9877 -0.0000
vn -0.0000 -0.0000 1.0000
vn 0.9360 0.1460 0.3202
vn 0.1460 -0.9891 0.0171
vn 0.4382 0.0492 0.8975
vn -0.9151 -0.1433 0.3768
vn -0.9151 -0.1433 -0.3768
vn 0.9360 0.1460 -0.3202
vn 0.1620 -0.9864 0.0289
vn -0.1624 0.9863 -0.0306
vn -0.1624 0.9863 0.0306
vn 0.4848 0.0817 -0.8708
vn -0.4660 -0.0789 -0.8813
vn -0.1460 0.9891 -0.0171
vn -0.8869 -0.1385 0.4407
vn -0.1460 0.9891 0.0171
vn 0.1460 -0.9891 -0.0171
vn -0.8869 -0.1385 -0.4407
vn 0.8869 0.1385 -0.4407
vn 0.8869 0.1385 0.4407
vn 0.3554 0.4046 -0.8426
vn -0.4382 -0.0492 -0.8975
vn 0.4382 0.0492 -0.8975
vn 0.8674 -0.2848 -0.4079
vn -0.4382 -0.0492 0.8975
vn 0.1033 -0.9941 0.0320
vn -0.1039 0.9941 -0.0316
vn -0.4660 -0.0789 0.8813
vn 0.4848 0.0817 0.8708
vn -0.1039 0.9941 0.0316
vn 0.1033 -0.9941 -0.0320
vn -0.3919 -0.2793 0.8766
vn 0.0406 -0.2564 0.9657
vn 0.9570 -0.2901 -0.0000
vn 0.8674 -0.2848 0.4079
vn -0.3919 -0.2793 -0.8766
vn 0.4602 -0.1837 0.8686
vn 0.4602 -0.1837 -0.8686
vn 0.8352 0.5499 -0.0000
vn -0.0623 0.3937 0.9171
vn -0.0623 0.3937 -0.9171
vn 0.3554 0.4046 0.8426
vn -0.4614 0.3129 0.8302
vn 0.7585 0.5155 -0.3986
vn -0.4614 0.3129 -0.8302
vn 0.9877 -0.1564 -0.0000
vn -0.9877 0.1564 -0.0000
vn -0.1620 -0.9864 -0.0289
vn -0.0406 -0.2564 -0.9657
vn 0.1564 0.9877 -0.0000
vn -0.7585 0.5155 0.3986
vn -0.1564 -0.9877 -0.0000
vn -0.9360 0.1460 0.3202
vn -0.1460 -0.9891 0.0171
vn -0.4382 0.0492 0.8975
vn 0.9151 -0.1433 0.3768
vn 0.9151 -0.1433 -0.3768
vn -0.9360 0.1460 -0.3202
vn -0.1620 -0.9864 0.0289
vn 0.1624 0.9863 -0.0306
vn 0.1624 0.9863 0.0306
vn -0.4848 0.0817 -0.8708
vn 0.4660 -0.0789 -0.8813
vn 0.1460 0.9891 -0.0171
vn 0.8869 -0.1385 0.4407
vn 0.1460 0.9891 0.0171
vn -0.1460 -0.9891 -0.0171
vn 0.8869 -0.1385 -0.4407
vn -0.8869 0.1385 -0.4407
vn -0.8869 0.1385 0.4407
vn -0.3554 0.4046 -0.8426
vn 0.4382 -0.0492 -0.8975
vn -0.4382 0.0492 -0.8975
vn -0.8674 -0.2848 -0.4079
vn 0.4382 -0.0492 0.8975
vn -0.1033 -0.9941 0.0320
vn 0.1039 0.9941 -0.0316
vn 0.4660 -0.0789 0.8813
vn -0.4848 0.0817 0.8708
vn 0.1039 0.9941 0.0316
vn -0.1033 -0.9941 -0.0320
vn 0.3919 -0.2793 0.8766
vn -0.0406 -0.2564 0.9657
vn -0.9570 -0.2901 -0.0000
vn -0.8674 -0.2848 0.4079
vn 0.3919 -0.2793 -0.8766
vn -0.4602 -0.1837 0.8686
vn -0.4602 -0.1837 -0.8686
vn -0.8352 0.5499 -0.0000
vn 0.0623 0.3937 0.9171
vn 0.0623 0.3937 -0.9171
vn -0.3554 0.4046 0.8426
vn 0.4614 0.3129 0.8302
vn -0.7585 0.5155 -0.3986
vn 0.4614 0.3129 -0.8302
vt 0.200404 0.325215
vt 0.188480 0.325215
vt 0.188480 0.306740
vt 0.200404 0.306740
vt 0.771549 0.532612
vt 0.753606 0.530593
vt 0.759079 0.526183
vt 0.765159 0.525999
vt 0.759278 0.516674
vt 0.765335 0.517234
vt 0.776558 0.509919
vt 0.770988 0.511533
vt 0.770541 0.504274
vt 0.776685 0.505267
vt 0.766627 0.525483
vt 0.769097 0.526141
vt 0.747598 0.532056
vt 0.747244 0.510954
vt 0.753601 0.512066
vt 0.758648 0.491939
vt 0.758503 0.499589
vt 0.757360 0.499096
vt 0.757552 0.492433
vt 0.777710 0.533897
vt 0.753273 0.504846
vt 0.768700 0.487773
vt 0.774944 0.485496
vt 0.753356 0.537948
vt 0.771143 0.540231
vt 0.765509 0.544438
vt 0.759237 0.544260
vt 0.188636 0.302749
vt 0.200558 0.302513
vt 0.200558 0.329442
vt 0.188636 0.329206
vt 0.777814 0.539029
vt 0.746870 0.536607
vt 0.746595 0.506227
vt 0.753761 0.556864
vt 0.769833 0.557294
vt 0.771092 0.580951
vt 0.753538 0.581412
vt 0.188309 0.345750
vt 0.200230 0.345986
vt 0.199290 0.357695
vt 0.187366 0.357665
vt 0.747102 0.483852
vt 0.753164 0.486544
vt 0.188309 0.286205
vt 0.200230 0.285969
vt 0.755410 0.543774
vt 0.755032 0.552421
vt 0.747464 0.559507
vt 0.776170 0.559766
vt 0.764695 0.552719
vt 0.758996 0.552094
vt 0.764496 0.499890
vt 0.764245 0.491849
vt 0.754586 0.500072
vt 0.767961 0.499343
vt 0.767825 0.491805
vt 0.766860 0.545200
vt 0.766190 0.552176
vt 0.771070 0.464429
vt 0.754022 0.462941
vt 0.754723 0.454907
vt 0.771771 0.456395
vt 0.771309 0.589223
vt 0.753755 0.589684
vt 0.777438 0.469134
vt 0.746992 0.466797
vt 0.187366 0.274289
vt 0.199290 0.274260
vt 0.746487 0.577081
vt 0.777814 0.576518
vt 0.766742 0.517777
vt 0.769451 0.517085
vt 0.765810 0.499166
vt 0.765667 0.492387
vt 0.769339 0.544888
vt 0.768191 0.552608
vt 0.757854 0.525566
vt 0.754823 0.526430
vt 0.755329 0.516493
vt 0.758057 0.517313
vt 0.755035 0.491631
vt 0.758084 0.544747
vt 0.757851 0.551564
s 0
usemtl Material.006
f 713/577/361 714/578/361 716/579/361 715/580/361
f 721/581/362 722/582/362 720/583/362 719/584/362
f 719/584/363 720/583/363 718/585/363 717/586/363
f 713/587/364 723/588/364 732/589/364 725/590/364
f 721/581/365 719/584/365 758/591/365 760/592/365
f 722/582/366 716/593/366 714/594/366 724/595/366
f 745/596/367 741/597/367 780/598/367 779/599/367
f 715/600/368 721/581/368 723/588/368 713/587/368
f 717/586/369 718/585/369 724/595/369 723/588/369
f 723/588/370 724/595/370 730/601/370 732/589/370
f 725/590/371 732/589/371 740/602/371 733/603/371
f 731/604/372 729/605/372 744/606/372 743/607/372
f 715/580/373 716/579/373 727/608/373 728/609/373
f 714/578/374 713/577/374 725/610/374 726/611/374
f 722/582/375 721/581/375 729/605/375 731/604/375
f 721/581/376 715/600/376 728/612/376 729/605/376
f 716/593/377 722/582/377 731/604/377 727/613/377
f 724/595/378 714/594/378 726/614/378 730/601/378
f 739/615/379 737/616/379 753/617/379 755/618/379
f 734/619/380 733/620/380 749/621/380 750/622/380
f 730/601/381 726/614/381 734/623/381 738/624/381
f 728/609/382 727/608/382 735/625/382 736/626/382
f 739/615/382 731/604/382 774/627/382 773/628/382
f 727/613/383 731/604/383 739/615/383 735/629/383
f 729/605/384 728/612/384 736/630/384 737/616/384
f 726/611/385 725/610/385 733/620/385 734/619/385
f 743/607/386 744/606/386 748/631/386 747/632/386
f 742/633/387 741/597/387 745/596/387 746/634/387
f 741/597/388 730/601/388 776/635/388 780/598/388
f 737/616/389 739/615/389 747/632/389 748/631/389
f 732/589/390 730/601/390 741/597/390 742/633/390
f 740/602/385 732/589/385 763/636/385 764/637/385
f 748/631/391 744/606/391 765/638/391 766/639/391
f 738/624/392 740/602/392 746/634/392 745/596/392
f 756/640/361 754/641/361 750/642/361 749/643/361
f 752/644/361 751/645/361 755/618/361 753/617/361
f 733/603/393 740/602/393 756/640/393 749/646/393
f 738/624/394 734/623/394 750/647/394 754/641/394
f 736/626/395 735/625/395 751/648/395 752/649/395
f 740/602/396 738/624/396 754/641/396 756/640/396
f 735/629/397 739/615/397 755/618/397 751/650/397
f 737/616/398 736/630/398 752/651/398 753/617/398
f 760/592/368 758/591/368 757/652/368 759/653/368
f 764/637/371 763/636/371 767/654/371 768/655/371
f 761/656/384 762/657/384 766/639/384 765/638/384
f 746/634/399 740/602/399 764/637/399 768/655/399
f 729/605/382 737/616/382 762/657/382 761/656/382
f 717/586/400 723/588/400 759/653/400 757/652/400
f 723/588/361 721/581/361 760/592/361 759/653/361
f 719/584/401 717/586/401 757/652/401 758/591/401
f 742/633/402 746/634/402 768/655/402 767/654/402
f 737/616/403 748/631/403 766/639/403 762/657/403
f 744/606/404 729/605/404 761/656/404 765/638/404
f 732/589/405 742/633/405 767/654/405 763/636/405
f 770/658/366 769/659/366 772/660/366 771/661/366
f 776/635/381 775/662/381 779/599/381 780/598/381
f 773/628/383 774/627/383 778/663/383 777/664/383
f 718/585/406 720/583/406 770/658/406 771/661/406
f 730/601/385 738/624/385 775/662/385 776/635/385
f 724/595/407 718/585/407 771/661/407 772/660/407
f 720/583/408 722/582/408 769/659/408 770/658/408
f 731/604/409 743/607/409 778/663/409 774/627/409
f 738/624/410 745/596/410 779/599/410 775/662/410
f 722/582/361 724/595/361 772/660/361 769/659/361
f 743/607/411 747/632/411 777/664/411 778/663/411
f 747/632/412 739/615/412 773/628/412 777/664/412
f 781/577/413 783/580/413 784/579/413 782/578/413
f 789/581/362 787/584/362 788/583/362 790/582/362
f 787/584/414 785/586/414 786/585/414 788/583/414
f 781/587/415 793/590/415 800/589/415 791/588/415
f 789/581/416 828/592/416 826/591/416 787/584/416
f 790/582/417 792/595/417 782/594/417 784/593/417
f 813/596/418 847/599/418 848/598/418 809/597/418
f 783/600/419 781/587/419 791/588/419 789/581/419
f 785/586/369 791/588/369 792/595/369 786/585/369
f 791/588/420 800/589/420 798/601/420 792/595/420
f 793/590/421 801/603/421 808/602/421 800/589/421
f 799/604/422 811/607/422 812/606/422 797/605/422
f 783/580/423 796/609/423 795/608/423 784/579/423
f 782/578/424 794/611/424 793/610/424 781/577/424
f 790/582/425 799/604/425 797/605/425 789/581/425
f 789/581/426 797/605/426 796/612/426 783/600/426
f 784/593/427 795/613/427 799/604/427 790/582/427
f 792/595/428 798/601/428 794/614/428 782/594/428
f 807/615/429 823/618/429 821/617/429 805/616/429
f 802/619/430 818/622/430 817/621/430 801/620/430
f 798/601/431 806/624/431 802/623/431 794/614/431
f 796/609/432 804/626/432 803/625/432 795/608/432
f 807/615/432 841/628/432 842/627/432 799/604/432
f 795/613/433 803/629/433 807/615/433 799/604/433
f 797/605/434 805/616/434 804/630/434 796/612/434
f 794/611/435 802/619/435 801/620/435 793/610/435
f 811/607/436 815/632/436 816/631/436 812/606/436
f 810/633/437 814/634/437 813/596/437 809/597/437
f 809/597/438 848/598/438 844/635/438 798/601/438
f 805/616/439 816/631/439 815/632/439 807/615/439
f 800/589/440 810/633/440 809/597/440 798/601/440
f 808/602/435 832/637/435 831/636/435 800/589/435
f 816/631/441 834/639/441 833/638/441 812/606/441
f 806/624/442 813/596/442 814/634/442 808/602/442
f 824/640/413 817/643/413 818/642/413 822/641/413
f 820/644/413 821/617/413 823/618/413 819/645/413
f 801/603/443 817/646/443 824/640/443 808/602/443
f 806/624/444 822/641/444 818/647/444 802/623/444
f 804/626/445 820/649/445 819/648/445 803/625/445
f 808/602/446 824/640/446 822/641/446 806/624/446
f 803/629/447 819/650/447 823/618/447 807/615/447
f 805/616/448 821/617/448 820/651/448 804/630/448
f 828/592/419 827/653/419 825/652/419 826/591/419
f 832/637/421 836/655/421 835/654/421 831/636/421
f 829/656/434 833/638/434 834/639/434 830/657/434
f 814/634/449 836/655/449 832/637/449 808/602/449
f 797/605/432 829/656/432 830/657/432 805/616/432
f 785/586/450 825/652/450 827/653/450 791/588/450
f 791/588/413 827/653/413 828/592/413 789/581/413
f 787/584/451 826/591/451 825/652/451 785/586/451
f 810/633/452 835/654/452 836/655/452 814/634/452
f 805/616/453 830/657/453 834/639/453 816/631/453
f 812/606/454 833/638/454 829/656/454 797/605/454
f 800/589/455 831/636/455 835/654/455 810/633/455
f 838/658/417 839/661/417 840/660/417 837/659/417
f 844/635/431 848/598/431 847/599/431 843/662/431
f 841/628/433 845/664/433 846/663/433 842/627/433
f 786/585/456 839/661/456 838/658/456 788/583/456
f 798/601/435 844/635/435 843/662/435 806/624/435
f 792/595/457 840/660/457 839/661/457 786/585/457
f 788/583/458 838/658/458 837/659/458 790/582/458
f 799/604/459 842/627/459 846/663/459 811/607/459
f 806/624/460 843/662/460 847/599/460 813/596/460
f 790/582/413 837/659/413 840/660/413 792/595/413
f 811/607/461 846/663/461 845/664/461 815/632/461
f 815/632/462 845/664/462 841/628/462 807/615/462
o Cube.024
v 0.062742 0.942461 0.127721
v 0.045053 0.942461 0.144210
v 0.087652 1.193231 0.224316
v 0.105252 1.193231 0.207821
v 0.045042 0.942461 -0.049180
v 0.062742 0.942461 -0.032766
v 0.105252 1.193231 -0.107634
v 0.087642 1.193231 -0.124052
v 0.100548 0.992375 -0.047670
v 0.082870 0.992375 -0.064083
v 0.082880 0.992375 0.160155
v 0.100548 0.992375 0.143667
v 0.052913 0.967418 -0.056632
v 0.070657 0.967418 -0.040221
v 0.070657 0.967418 0.135697
v 0.052924 0.967418 0.152183
v -0.000000 0.942461 -0.049180
v -0.000000 0.942461 0.144210
v -0.000000 0.967418 0.152183
v -0.000000 0.992375 0.160155
v -0.000000 1.193231 0.224316
v -0.000000 1.193231 -0.124052
v -0.000000 0.967418 -0.056632
v -0.000000 0.992375 -0.064083
v -0.062743 0.942461 0.127721
v -0.045054 0.942461 0.144210
v -0.087653 1.193231 0.224316
v -0.105252 1.193231 0.207821
v -0.045043 0.942461 -0.049180
v -0.062743 0.942461 -0.032766
v -0.105252 1.193231 -0.107634
v -0.087643 1.193231 -0.124052
v -0.100549 0.992375 -0.047670
v -0.082871 0.992375 -0.064083
v -0.082881 0.992375 0.160155
v -0.100549 0.992375 0.143667
v -0.052913 0.967418 -0.056632
v -0.070658 0.967418 -0.040221
v -0.070658 0.967418 0.135697
v -0.052924 0.967418 0.152183
vn 0.6233 -0.3981 -0.6730
vn 0.6215 -0.4099 0.6676
vn 0.6632 -0.2284 -0.7128
vn 0.6627 -0.2420 0.7087
vn 0.4725 -0.7188 -0.5099
vn 0.4698 -0.7244 0.5044
vn -0.0000 -1.0000 -0.0000
vn -0.0000 -0.2861 -0.9582
vn 0.9532 -0.3023 -0.0000
vn 0.9997 -0.0234 -0.0000
vn 0.6409 -0.7676 -0.0000
vn -0.0000 1.0000 -0.0000
vn -0.0000 -0.3043 0.9526
vn -0.6233 -0.3981 -0.6730
vn -0.6215 -0.4099 0.6676
vn -0.6632 -0.2284 -0.7128
vn -0.6627 -0.2420 0.7087
vn -0.4725 -0.7188 -0.5099
vn -0.4698 -0.7244 0.5044
vn -0.9532 -0.3023 -0.0000
vn -0.9997 -0.0234 -0.0000
vn -0.6409 -0.7676 -0.0000
vt 0.514105 0.161530
vt 0.516715 0.155962
vt 0.521685 0.158047
vt 0.519191 0.163585
vt 0.483012 0.129825
vt 0.488546 0.126904
vt 0.491086 0.131716
vt 0.485899 0.134691
vt 0.487155 0.208793
vt 0.508372 0.167464
vt 0.512834 0.169790
vt 0.491495 0.212070
vt 0.433946 0.148174
vt 0.478220 0.136763
vt 0.480181 0.141114
vt 0.436380 0.153135
vt 0.972777 0.953580
vt 0.972777 0.911489
vt 0.982580 0.911489
vt 0.986432 0.915062
vt 0.986432 0.949991
vt 0.982582 0.953580
vt 0.512058 0.059856
vt 0.508875 0.054909
vt 0.519087 0.048502
vt 0.520704 0.054365
vt 0.506133 0.049532
vt 0.475428 0.014186
vt 0.491207 0.001084
vt 0.521685 0.039537
vt 0.718874 0.926862
vt 0.715042 0.930435
vt 0.695967 0.930435
vt 0.695967 0.854614
vt 0.715044 0.854614
vt 0.718874 0.858204
vt 0.430511 0.126888
vt 0.474956 0.119203
vt 0.480945 0.118033
vt 0.486759 0.116912
s 0
usemtl Material.006
f 862/665/463 854/666/463 853/667/463 861/668/463
f 864/669/464 850/670/464 849/671/464 863/672/464
f 855/673/465 857/674/465 858/675/465 856/676/465
f 851/677/466 859/678/466 860/679/466 852/680/466
f 857/674/467 862/665/467 861/668/467 858/675/467
f 859/678/468 864/669/468 863/672/468 860/679/468
f 866/681/469 865/682/469 853/683/469 854/684/469 849/685/469 850/686/469
f 865/687/470 871/688/470 861/689/470 853/690/470
f 872/691/470 870/692/470 856/693/470 858/694/470
f 854/666/471 862/665/471 863/672/471 849/671/471
f 857/674/472 855/673/472 852/680/472 860/679/472
f 871/688/470 872/691/470 858/694/470 861/689/470
f 862/665/473 857/674/473 860/679/473 863/672/473
f 855/695/474 856/696/474 870/697/474 869/698/474 851/699/474 852/700/474
f 859/678/475 851/677/475 869/701/475 868/702/475
f 864/669/475 859/678/475 868/702/475 867/703/475
f 850/670/475 864/669/475 867/703/475 866/704/475
f 886/665/476 885/668/476 877/667/476 878/666/476
f 888/669/477 887/672/477 873/671/477 874/670/477
f 879/673/478 880/676/478 882/675/478 881/674/478
f 875/677/479 876/680/479 884/679/479 883/678/479
f 881/674/480 882/675/480 885/668/480 886/665/480
f 883/678/481 884/679/481 887/672/481 888/669/481
f 866/681/469 874/686/469 873/685/469 878/684/469 877/683/469 865/682/469
f 865/687/470 877/690/470 885/689/470 871/688/470
f 872/691/470 882/694/470 880/693/470 870/692/470
f 878/666/482 873/671/482 887/672/482 886/665/482
f 881/674/483 884/679/483 876/680/483 879/673/483
f 871/688/470 885/689/470 882/694/470 872/691/470
f 886/665/484 887/672/484 884/679/484 881/674/484
f 879/695/474 876/700/474 875/699/474 869/698/474 870/697/474 880/696/474
f 883/678/475 868/702/475 869/701/475 875/677/475
f 888/669/475 867/703/475 868/702/475 883/678/475
f 874/670/475 866/704/475 867/703/475 888/669/475
o Cube.025
v 0.059581 1.037915 0.129313
v 0.065362 1.075730 0.122601
v 0.059581 1.037915 -0.026368
v 0.065362 1.075730 -0.019656
v 0.169045 1.088969 0.122601
v 0.198443 1.089500 0.108435
v 0.198443 1.089500 -0.005489
v 0.169045 1.088969 -0.019656
v 0.108998 1.037915 -0.026368
v 0.119968 1.081470 -0.019656
v 0.109799 1.080401 -0.019656
v 0.108998 1.037915 0.129313
v 0.109799 1.080401 0.122601
v 0.119968 1.081470 0.122601
v 0.059581 0.978756 -0.026368
v 0.059581 0.973417 -0.021282
v 0.059581 0.973417 0.124228
v 0.059581 0.978756 0.129313
v 0.108998 0.994563 -0.026368
v 0.114077 0.990849 -0.021282
v 0.108998 0.994563 0.129313
v 0.114077 0.990849 0.124228
v 0.200706 1.037915 0.112400
v 0.205082 1.043043 0.113652
v 0.174353 1.037915 0.124081
v 0.175610 1.043034 0.128640
v 0.174781 1.040082 -0.021389
v 0.175604 1.043081 -0.025688
v 0.200706 1.037915 -0.009454
v 0.205079 1.043058 -0.010705
v 0.117805 1.070854 -0.021557
v 0.116874 1.065315 -0.017360
v 0.116685 1.061180 -0.022302
v 0.115520 1.061406 -0.023062
v 0.116879 1.038885 0.119542
v 0.117244 1.043064 0.124334
v 0.112504 1.037915 0.127202
v 0.116576 1.032816 0.124529
v -0.059582 1.037915 0.129313
v -0.065363 1.075730 0.122601
v -0.059582 1.037915 -0.026368
v -0.065363 1.075730 -0.019656
v -0.169046 1.088969 0.122601
v -0.198443 1.089500 0.108435
v -0.198443 1.089500 -0.005489
v -0.169046 1.088969 -0.019656
v -0.108999 1.037915 -0.026368
v -0.119969 1.081470 -0.019656
v -0.109800 1.080401 -0.019656
v -0.108999 1.037915 0.129313
v -0.109800 1.080401 0.122601
v -0.119969 1.081470 0.122601
v -0.059582 0.978756 -0.026368
v -0.059582 0.973417 -0.021282
v -0.059582 0.973417 0.124228
v -0.059582 0.978756 0.129313
v -0.108999 0.994563 -0.026368
v -0.114077 0.990849 -0.021282
v -0.108999 0.994563 0.129313
v -0.114077 0.990849 0.124228
v -0.200707 1.037915 0.112400
v -0.205082 1.043043 0.113652
v -0.174353 1.037915 0.124081
v -0.175611 1.043034 0.128640
v -0.174781 1.040082 -0.021389
v -0.175604 1.043081 -0.025688
v -0.200707 1.037915 -0.009454
v -0.205080 1.043058 -0.010705
v -0.117806 1.070854 -0.021557
v -0.116875 1.065315 -0.017360
v -0.116685 1.061180 -0.022302
v -0.115520 1.061406 -0.023062
v -0.116880 1.038885 0.119542
v -0.117245 1.043064 0.124334
v -0.112504 1.037915 0.127202
v -0.116576 1.032816 0.124529
vn -0.9885 0.1511 -0.0000
vn -0.1045 0.9945 -0.0000
vn 0.2154 -0.6735 -0.7071
vn 0.2154 -0.6735 0.7071
vn -0.1050 0.9945 -0.0000
vn -0.0000 -0.0000 -1.0000
vn -0.0082 0.1655 -0.9862
vn -0.0000 -0.0000 1.0000
vn -0.0082 0.1655 0.9862
vn -1.0000 -0.0000 -0.0000
vn 0.3047 -0.9525 -0.0000
vn 0.9813 -0.1010 -0.1638
vn 0.8699 -0.0474 0.4909
vn 0.3063 -0.6618 -0.6842
vn 0.3451 -0.5994 0.7222
vn -0.3373 -0.6283 -0.7010
vn 0.7613 -0.6484 -0.0000
vn -0.0602 -0.7026 0.7091
vn -0.1682 -0.9831 -0.0723
vn 0.4361 0.1700 0.8837
vn 0.9899 0.1415 -0.0000
vn -0.0461 0.0896 0.9949
vn 0.4361 0.1700 -0.8837
vn -0.0121 0.1381 -0.9903
vn -0.0488 0.1641 -0.9852
vn 0.6013 -0.0214 -0.7987
vn 0.9989 -0.0457 -0.0044
vn 0.6033 -0.0210 0.7972
vn 0.2392 0.0888 0.9669
vn 0.9885 0.1511 -0.0000
vn 0.1045 0.9945 -0.0000
vn -0.2154 -0.6735 -0.7071
vn -0.2154 -0.6735 0.7071
vn 0.1050 0.9945 -0.0000
vn 0.0082 0.1655 -0.9862
vn 0.0082 0.1655 0.9862
vn 1.0000 -0.0000 -0.0000
vn -0.3047 -0.9525 -0.0000
vn -0.9813 -0.1011 -0.1638
vn -0.8699 -0.0474 0.4909
vn -0.3063 -0.6618 -0.6842
vn -0.3451 -0.5994 0.7222
vn 0.3373 -0.6283 -0.7010
vn -0.7613 -0.6484 -0.0000
vn 0.0602 -0.7026 0.7091
vn 0.1682 -0.9831 -0.0723
vn -0.4361 0.1700 0.8837
vn -0.9899 0.1415 -0.0000
vn 0.0461 0.0896 0.9949
vn -0.4361 0.1700 -0.8837
vn 0.0121 0.1381 -0.9903
vn 0.0488 0.1641 -0.9852
vn -0.6013 -0.0214 -0.7987
vn -0.9989 -0.0457 -0.0044
vn -0.6033 -0.0210 0.7972
vn -0.2392 0.0888 0.9669
vt 0.897350 0.124629
vt 0.889002 0.123165
vt 0.889002 0.092122
vt 0.897350 0.090658
vt 0.850388 0.786913
vt 0.849516 0.755361
vt 0.851813 0.755801
vt 0.852665 0.786450
vt 0.853040 0.811263
vt 0.839358 0.818426
vt 0.838832 0.816415
vt 0.851099 0.810150
vt 0.839196 0.723516
vt 0.853170 0.730446
vt 0.851282 0.731645
vt 0.838708 0.725559
vt 0.865521 0.777458
vt 0.861395 0.780547
vt 0.861310 0.760661
vt 0.865295 0.763511
vt 0.837120 0.799512
vt 0.850706 0.798987
vt 0.838698 0.788479
vt 0.838328 0.753708
vt 0.851183 0.743187
vt 0.837120 0.742499
vt 0.910259 0.090658
vt 0.911424 0.091767
vt 0.911424 0.123520
vt 0.910259 0.124629
vt 0.983942 0.075497
vt 0.984935 0.087943
vt 0.953284 0.090469
vt 0.952290 0.078024
vt 0.852827 0.789509
vt 0.853869 0.791237
vt 0.852731 0.792526
vt 0.852348 0.792423
vt 0.854832 0.743543
vt 0.853817 0.745043
vt 0.852282 0.743278
vt 0.853720 0.741835
vt 0.873579 0.780856
vt 0.869365 0.786769
vt 0.868478 0.785816
vt 0.872315 0.780063
vt 0.868872 0.752482
vt 0.873229 0.759048
vt 0.871863 0.759918
vt 0.867703 0.753793
vt 0.985377 0.104220
vt 0.983670 0.117926
vt 0.980246 0.123150
vt 0.953955 0.119176
vt 0.952290 0.113110
vt 0.955139 0.100855
vt 0.986380 0.103234
vt 0.953948 0.099620
s 0
usemtl Material.006
f 889/705/485 890/706/485 892/707/485 891/708/485
f 899/709/486 901/710/486 902/711/486 898/712/486
f 908/713/487 904/714/487 903/715/487 907/716/487
f 905/717/488 910/718/488 909/719/488 906/720/488
f 895/721/489 896/722/489 898/712/489 902/711/489 893/723/489 894/724/489
f 891/725/490 897/726/490 907/716/490 903/715/490
f 891/725/491 892/727/491 899/709/491 897/726/491
f 899/709/486 892/727/486 890/728/486 901/710/486
f 900/729/492 889/730/492 906/720/492 909/719/492
f 900/729/493 901/710/493 890/728/493 889/730/493
f 889/705/494 891/708/494 903/731/494 904/732/494 905/733/494 906/734/494
f 904/735/495 908/736/495 910/737/495 905/738/495
f 919/739/496 920/740/496 921/741/496 922/742/496
f 923/743/497 924/744/497 925/745/497 926/746/497
f 917/747/498 915/748/498 916/749/498 918/750/498
f 913/751/499 911/752/499 912/753/499 914/754/499
f 919/739/500 916/749/500 915/748/500 920/740/500
f 918/750/501 912/753/501 911/752/501 917/747/501
f 914/754/502 924/744/502 923/743/502 913/751/502
f 920/755/503 915/756/503 917/757/503 911/758/503 913/759/503 923/760/503
f 893/723/504 914/754/504 912/753/504 894/724/504
f 918/750/505 895/721/505 894/724/505 912/753/505
f 914/754/506 893/723/506 902/711/506 924/744/506
f 895/721/507 918/750/507 916/749/507 896/722/507
f 919/739/508 898/712/508 896/722/508 916/749/508
f 898/712/509 919/739/509 922/742/509 897/726/509 899/709/509
f 907/716/510 897/726/510 922/742/510 921/741/510 908/713/510
f 921/761/511 920/755/511 923/760/511 926/762/511 910/737/511 908/736/511
f 910/718/512 926/746/512 925/745/512 900/729/512 909/719/512
f 901/710/513 900/729/513 925/745/513 924/744/513 902/711/513
f 927/705/514 929/708/514 930/707/514 928/706/514
f 937/709/515 936/712/515 940/711/515 939/710/515
f 946/713/516 945/716/516 941/715/516 942/714/516
f 943/717/517 944/720/517 947/719/517 948/718/517
f 933/721/518 932/724/518 931/723/518 940/711/518 936/712/518 934/722/518
f 929/725/490 941/715/490 945/716/490 935/726/490
f 929/725/519 935/726/519 937/709/519 930/727/519
f 937/709/515 939/710/515 928/728/515 930/727/515
f 938/729/492 947/719/492 944/720/492 927/730/492
f 938/729/520 927/730/520 928/728/520 939/710/520
f 927/705/521 944/734/521 943/733/521 942/732/521 941/731/521 929/708/521
f 942/735/522 943/738/522 948/737/522 946/736/522
f 957/739/523 960/742/523 959/741/523 958/740/523
f 961/743/524 964/746/524 963/745/524 962/744/524
f 955/747/525 956/750/525 954/749/525 953/748/525
f 951/751/526 952/754/526 950/753/526 949/752/526
f 957/739/527 958/740/527 953/748/527 954/749/527
f 956/750/528 955/747/528 949/752/528 950/753/528
f 952/754/529 951/751/529 961/743/529 962/744/529
f 958/755/530 961/760/530 951/759/530 949/758/530 955/757/530 953/756/530
f 931/723/531 932/724/531 950/753/531 952/754/531
f 956/750/532 950/753/532 932/724/532 933/721/532
f 952/754/533 962/744/533 940/711/533 931/723/533
f 933/721/534 934/722/534 954/749/534 956/750/534
f 957/739/535 954/749/535 934/722/535 936/712/535
f 936/712/536 937/709/536 935/726/536 960/742/536 957/739/536
f 945/716/537 946/713/537 959/741/537 960/742/537 935/726/537
f 959/761/538 946/736/538 948/737/538 964/762/538 961/760/538 958/755/538
f 948/718/539 947/719/539 938/729/539 963/745/539 964/746/539
f 939/710/540 940/711/540 962/744/540 963/745/540 938/729/540
o Cube.026
v 0.104714 1.110293 0.221056
v 0.108318 1.224676 0.227051
v 0.104714 1.123348 -0.028056
v 0.108318 1.237731 -0.022061
v 0.160095 1.240685 0.227890
v 0.160095 1.253740 -0.021222
v 0.104714 1.169603 0.224165
v 0.104714 1.182659 -0.024948
v 0.116485 1.121239 0.012198
v 0.116485 1.112403 0.180802
v 0.120089 1.226786 0.186797
v 0.120089 1.235622 0.018193
v 0.184274 1.112403 0.180802
v 0.184274 1.121239 0.012198
v 0.188873 1.251631 0.019032
v 0.188873 1.242795 0.187636
v 0.179891 1.180549 0.015306
v 0.179891 1.171713 0.183911
v 0.116485 1.171713 0.183911
v 0.116485 1.180549 0.015306
v 0.193542 1.251631 0.019032
v 0.193542 1.242795 0.187636
v 0.189159 1.187141 0.015652
v 0.189159 1.178305 0.184256
v 0.162249 1.110679 0.213690
v 0.152438 1.110293 0.221056
v 0.152438 1.123348 -0.028056
v 0.162249 1.122962 -0.020690
v 0.152438 1.186600 -0.024741
v 0.161480 1.182263 -0.017399
v 0.161480 1.169999 0.216616
v 0.152438 1.173545 0.224371
v 0.171516 1.253354 -0.013856
v 0.161705 1.253740 -0.021222
v 0.161705 1.240685 0.227890
v 0.171516 1.241071 0.220524
v 0.170748 1.188855 -0.017053
v 0.161705 1.193192 -0.024396
v 0.161705 1.180137 0.224717
v 0.170748 1.176591 0.216961
v 0.198125 1.112803 0.173156
v 0.190086 1.112403 0.180802
v 0.190086 1.121239 0.012198
v 0.198125 1.120838 0.019845
v 0.197184 1.176431 0.022758
v 0.189090 1.179202 0.015236
v 0.189090 1.170366 0.183840
v 0.197184 1.168396 0.176069
v 0.207392 1.251230 0.026678
v 0.199287 1.251631 0.019032
v 0.199287 1.242795 0.187636
v 0.207392 1.243195 0.179989
v 0.198361 1.185793 0.015581
v 0.206451 1.183023 0.023104
v 0.206451 1.174988 0.176415
v 0.198361 1.176956 0.184185
v -0.104715 1.110293 0.221056
v -0.108319 1.224676 0.227051
v -0.104715 1.123348 -0.028056
v -0.108319 1.237731 -0.022061
v -0.160095 1.240685 0.227890
v -0.160095 1.253740 -0.021222
v -0.104715 1.169603 0.224165
v -0.104715 1.182659 -0.024948
v -0.116486 1.121239 0.012198
v -0.116486 1.112403 0.180802
v -0.120089 1.226786 0.186797
v -0.120089 1.235622 0.018193
v -0.184275 1.112403 0.180802
v -0.184275 1.121239 0.012198
v -0.188873 1.251631 0.019032
v -0.188873 1.242795 0.187636
v -0.179892 1.180549 0.015306
v -0.179892 1.171713 0.183911
v -0.116486 1.171713 0.183911
v -0.116486 1.180549 0.015306
v -0.193542 1.251631 0.019032
v -0.193542 1.242795 0.187636
v -0.189159 1.187141 0.015652
v -0.189159 1.178305 0.184256
v -0.162249 1.110679 0.213690
v -0.152438 1.110293 0.221056
v -0.152438 1.123348 -0.028056
v -0.162249 1.122962 -0.020690
v -0.152438 1.186600 -0.024741
v -0.161481 1.182263 -0.017399
v -0.161481 1.169999 0.216616
v -0.152438 1.173545 0.224371
v -0.171517 1.253354 -0.013856
v -0.161705 1.253740 -0.021222
v -0.161705 1.240685 0.227890
v -0.171517 1.241071 0.220524
v -0.170748 1.188855 -0.017053
v -0.161705 1.193192 -0.024396
v -0.161705 1.180137 0.224717
v -0.170748 1.176591 0.216961
v -0.198125 1.112803 0.173156
v -0.190086 1.112403 0.180802
v -0.190086 1.121239 0.012198
v -0.198125 1.120838 0.019845
v -0.197184 1.176431 0.022758
v -0.189090 1.179202 0.015236
v -0.189090 1.170366 0.183840
v -0.197184 1.168396 0.176069
v -0.207392 1.251230 0.026678
v -0.199288 1.251631 0.019032
v -0.199288 1.242795 0.187636
v -0.207392 1.243195 0.179989
v -0.198362 1.185793 0.015581
v -0.206452 1.183023 0.023104
v -0.206452 1.174988 0.176415
v -0.198362 1.176956 0.184185
vn -0.9580 0.0479 0.2826
vn -0.2549 0.9638 -0.0779
vn -0.9599 -0.0147 0.2799
vn -0.0000 0.9986 0.0523
vn -0.9599 0.0147 -0.2799
vn -1.0000 -0.0000 -0.0000
vn -0.2549 0.9504 0.1782
vn -0.2270 0.9726 0.0510
vn -0.0000 -0.9986 -0.0523
vn -0.9580 0.0772 -0.2761
vn -0.9979 0.0651 0.0034
vn 0.6216 0.0461 -0.7820
vn 0.6216 -0.0359 0.7825
vn 0.6203 0.0361 -0.7835
vn 0.6203 -0.0460 0.7830
vn 0.3865 -0.5029 -0.7731
vn 0.3865 -0.5809 0.7163
vn 0.4386 -0.6494 0.6213
vn 0.4386 -0.5809 -0.6857
vn 0.6863 0.0285 -0.7267
vn 0.6863 -0.0476 0.7257
vn 0.6893 0.0496 -0.7227
vn 0.6893 -0.0262 0.7240
vn 0.8510 0.0102 0.5251
vn -0.0000 -0.0523 0.9986
vn -0.0000 0.0523 -0.9986
vn 0.8510 0.0651 -0.5212
vn 0.5516 -0.7571 -0.3502
vn 0.5516 -0.7895 0.2691
vn 0.8511 -0.0072 -0.5250
vn 0.8511 -0.0621 0.5214
vn 0.9999 0.0169 0.0009
vn 0.5802 -0.8134 -0.0426
vn 0.9999 -0.0138 -0.0007
vn 0.9580 0.0479 0.2826
vn 0.2549 0.9638 -0.0779
vn 0.9599 -0.0147 0.2799
vn 0.9599 0.0147 -0.2799
vn 1.0000 -0.0000 -0.0000
vn 0.2549 0.9504 0.1782
vn 0.2270 0.9726 0.0510
vn 0.9580 0.0772 -0.2761
vn 0.9979 0.0651 0.0034
vn -0.6216 0.0461 -0.7820
vn -0.6216 -0.0359 0.7825
vn -0.6203 0.0361 -0.7835
vn -0.6203 -0.0460 0.7830
vn -0.3865 -0.5029 -0.7731
vn -0.3865 -0.5809 0.7163
vn -0.4386 -0.6494 0.6213
vn -0.4386 -0.5809 -0.6857
vn -0.6863 0.0285 -0.7267
vn -0.6863 -0.0476 0.7257
vn -0.6893 0.0496 -0.7227
vn -0.6893 -0.0262 0.7240
vn -0.8510 0.0102 0.5251
vn -0.8510 0.0651 -0.5212
vn -0.5516 -0.7571 -0.3502
vn -0.5516 -0.7895 0.2691
vn -0.8511 -0.0072 -0.5250
vn -0.8511 -0.0621 0.5214
vn -0.9999 0.0169 0.0009
vn -0.5802 -0.8134 -0.0426
vn -0.9999 -0.0138 -0.0007
vt 0.092896 0.898363
vt 0.078902 0.898397
vt 0.079051 0.887804
vt 0.093001 0.887728
vt 0.657123 0.178164
vt 0.637815 0.166617
vt 0.649680 0.151790
vt 0.657007 0.168355
vt 0.107933 0.898423
vt 0.107994 0.887831
vt 0.656316 0.209021
vt 0.657905 0.178496
vt 0.657178 0.208707
vt 0.107994 0.951870
vt 0.092932 0.951943
vt 0.092857 0.941279
vt 0.107942 0.941220
vt 0.655731 0.219093
vt 0.647692 0.234727
vt 0.637815 0.219432
vt 0.705309 0.222830
vt 0.687078 0.210769
vt 0.687513 0.178542
vt 0.706714 0.166779
vt 0.078939 0.951825
vt 0.078823 0.941199
vt 0.671708 0.222489
vt 0.687374 0.221377
vt 0.687763 0.224657
vt 0.669928 0.226045
vt 0.671413 0.162300
vt 0.689006 0.164497
vt 0.688483 0.167769
vt 0.672985 0.165914
vt 0.656823 0.216461
vt 0.669591 0.220502
vt 0.668294 0.223041
vt 0.656046 0.218821
vt 0.657306 0.168641
vt 0.669631 0.165178
vt 0.670771 0.167769
vt 0.657955 0.171014
vt 0.674103 0.179261
vt 0.672012 0.180180
vt 0.671747 0.177991
vt 0.673749 0.176368
vt 0.673081 0.212060
vt 0.671115 0.210287
vt 0.671419 0.208049
vt 0.673696 0.209099
vt 0.659473 0.205792
vt 0.658645 0.207822
vt 0.659100 0.179478
vt 0.659580 0.181468
vt 0.685213 0.207507
vt 0.685695 0.209588
vt 0.685837 0.179612
vt 0.685017 0.181697
vt 0.673962 0.174404
vt 0.672634 0.144312
vt 0.697234 0.151080
vt 0.695464 0.238374
vt 0.670140 0.244140
vt 0.673167 0.214054
vt 0.671083 0.212446
vt 0.671820 0.175868
s 0
usemtl Material.006
f 984/763/541 976/764/541 968/765/541 972/766/541
f 980/767/542 975/768/542 966/769/542 969/770/542
f 973/771/543 984/763/543 972/766/543 967/772/543
f 979/773/544 980/767/544 986/774/544 985/775/544
f 965/776/545 971/777/545 983/778/545 974/779/545
f 974/779/546 983/778/546 984/763/546 973/771/546
f 970/780/547 968/781/547 976/782/547 979/773/547
f 979/773/548 976/782/548 975/768/548 980/767/548
f 973/783/549 978/784/549 977/785/549 974/786/549
f 971/777/550 966/787/550 975/788/550 983/778/550
f 983/778/551 975/788/551 976/764/551 984/763/551
f 994/789/552 992/790/552 991/791/552 993/792/552
f 996/793/553 990/794/553 989/795/553 995/796/553
f 997/797/554 1001/798/554 1002/799/554 998/800/554
f 999/801/555 1003/802/555 1004/803/555 1000/804/555
f 1001/798/556 994/789/556 993/792/556 1002/799/556
f 1003/802/557 996/793/557 995/796/557 1004/803/557
f 1012/805/558 1019/806/558 1020/807/558 1011/808/558
f 1010/809/559 1017/810/559 1018/811/559 1009/812/559
f 1013/813/560 1018/811/560 1017/810/560 1014/814/560
f 1015/815/561 1020/807/561 1019/806/561 1016/816/561
f 1009/812/562 1008/817/562 1007/818/562 1010/809/562
f 1011/808/563 1006/819/563 1005/820/563 1012/805/563
f 977/785/564 982/821/564 995/796/564 989/795/564
f 990/794/565 996/793/565 971/822/565 965/823/565
f 974/786/549 977/785/549 989/795/549 990/794/549 965/823/549
f 967/824/549 991/791/549 992/790/549 978/784/549 973/783/549
f 967/824/566 972/825/566 993/792/566 991/791/566
f 992/790/567 994/789/567 981/826/567 978/784/567
f 993/792/566 970/780/566 998/800/566 1002/799/566
f 972/825/566 968/781/566 970/780/566 993/792/566
f 981/826/568 994/789/568 1001/798/568 987/827/568
f 996/793/565 969/770/565 966/769/565 971/822/565
f 995/796/569 982/821/569 988/828/569 1004/803/569
f 969/770/565 996/793/565 1003/802/565 999/801/565
f 1001/798/570 997/797/570 985/775/570 987/827/570
f 970/780/544 979/773/544 985/775/544 997/797/544 998/800/544
f 980/767/544 969/770/544 999/801/544 1000/804/544 986/774/544
f 988/828/571 986/774/571 1000/804/571 1004/803/571
f 977/785/549 978/784/549 1007/818/549 1008/817/549 1005/820/549 1006/819/549
f 1008/817/572 1009/812/572 1012/805/572 1005/820/572
f 982/821/565 977/785/565 1006/819/565 1011/808/565
f 978/784/566 981/826/566 1010/809/566 1007/818/566
f 981/826/566 987/827/566 1017/810/566 1010/809/566
f 1012/805/573 1009/812/573 1018/811/573 1019/806/573
f 988/828/565 982/821/565 1011/808/565 1020/807/565
f 1018/811/574 1013/813/574 1016/816/574 1019/806/574
f 987/827/566 985/775/566 1014/814/566 1017/810/566
f 985/775/544 986/774/544 1015/815/544 1016/816/544 1013/813/544 1014/814/544
f 986/774/565 988/828/565 1020/807/565 1015/815/565
f 1040/763/575 1028/766/575 1024/765/575 1032/764/575
f 1036/767/576 1025/770/576 1022/769/576 1031/768/576
f 1029/771/577 1023/772/577 1028/766/577 1040/763/577
f 1035/773/544 1041/775/544 1042/774/544 1036/767/544
f 1021/776/578 1030/779/578 1039/778/578 1027/777/578
f 1030/779/579 1029/771/579 1040/763/579 1039/778/579
f 1026/780/580 1035/773/580 1032/782/580 1024/781/580
f 1035/773/581 1036/767/581 1031/768/581 1032/782/581
f 1029/783/549 1030/786/549 1033/785/549 1034/784/549
f 1027/777/582 1039/778/582 1031/788/582 1022/787/582
f 1039/778/583 1040/763/583 1032/764/583 1031/788/583
f 1050/789/584 1049/792/584 1047/791/584 1048/790/584
f 1052/793/585 1051/796/585 1045/795/585 1046/794/585
f 1053/797/586 1054/800/586 1058/799/586 1057/798/586
f 1055/801/587 1056/804/587 1060/803/587 1059/802/587
f 1057/798/588 1058/799/588 1049/792/588 1050/789/588
f 1059/802/589 1060/803/589 1051/796/589 1052/793/589
f 1068/805/590 1067/808/590 1076/807/590 1075/806/590
f 1066/809/591 1065/812/591 1074/811/591 1073/810/591
f 1069/813/592 1070/814/592 1073/810/592 1074/811/592
f 1071/815/593 1072/816/593 1075/806/593 1076/807/593
f 1065/812/594 1066/809/594 1063/818/594 1064/817/594
f 1067/808/595 1068/805/595 1061/820/595 1062/819/595
f 1033/785/596 1045/795/596 1051/796/596 1038/821/596
f 1046/794/565 1021/823/565 1027/822/565 1052/793/565
f 1030/786/549 1021/823/549 1046/794/549 1045/795/549 1033/785/549
f 1023/824/549 1029/783/549 1034/784/549 1048/790/549 1047/791/549
f 1023/824/566 1047/791/566 1049/792/566 1028/825/566
f 1048/790/597 1034/784/597 1037/826/597 1050/789/597
f 1049/792/566 1058/799/566 1054/800/566 1026/780/566
f 1028/825/566 1049/792/566 1026/780/566 1024/781/566
f 1037/826/598 1043/827/598 1057/798/598 1050/789/598
f 1052/793/565 1027/822/565 1022/769/565 1025/770/565
f 1051/796/599 1060/803/599 1044/828/599 1038/821/599
f 1025/770/565 1055/801/565 1059/802/565 1052/793/565
f 1057/798/600 1043/827/600 1041/775/600 1053/797/600
f 1026/780/544 1054/800/544 1053/797/544 1041/775/544 1035/773/544
f 1036/767/544 1042/774/544 1056/804/544 1055/801/544 1025/770/544
f 1044/828/601 1060/803/601 1056/804/601 1042/774/601
f 1033/785/549 1062/819/549 1061/820/549 1064/817/549 1063/818/549 1034/784/549
f 1064/817/602 1061/820/602 1068/805/602 1065/812/602
f 1038/821/565 1067/808/565 1062/819/565 1033/785/565
f 1034/784/566 1063/818/566 1066/809/566 1037/826/566
f 1037/826/566 1066/809/566 1073/810/566 1043/827/566
f 1068/805/603 1075/806/603 1074/811/603 1065/812/603
f 1044/828/565 1076/807/565 1067/808/565 1038/821/565
f 1074/811/604 1075/806/604 1072/816/604 1069/813/604
f 1043/827/566 1073/810/566 1070/814/566 1041/775/566
f 1041/775/544 1070/814/544 1069/813/544 1072/816/544 1071/815/544 1042/774/544
f 1042/774/565 1071/815/565 1076/807/565 1044/828/565
o Cube.027
v 0.066153 1.191443 0.271030
v 0.066153 1.191443 0.189088
v 0.066153 1.201750 0.190037
v 0.120616 1.187069 0.225154
v 0.120616 1.187069 0.156891
v 0.120616 1.241628 0.156891
v 0.066153 1.127467 0.271030
v 0.066153 1.127467 0.189088
v 0.120616 1.129270 0.225154
v 0.120616 1.129270 0.156891
v -0.000000 1.187069 0.190037
v -0.000000 1.187069 0.294534
v -0.000000 1.120178 0.190037
v -0.000000 1.120178 0.294534
v 0.066153 1.191443 0.254744
v 0.066153 1.201750 0.255693
v 0.120616 1.187069 0.211586
v 0.120616 1.241628 0.211586
v 0.066153 1.127467 0.254744
v 0.120616 1.129270 0.211586
v -0.000000 1.187069 0.255693
v -0.000000 1.120178 0.255693
v -0.066154 1.191443 0.271030
v -0.066154 1.191443 0.189088
v -0.066154 1.201750 0.190037
v -0.120617 1.187069 0.225154
v -0.120617 1.187069 0.156891
v -0.120617 1.241628 0.156891
v -0.066154 1.127467 0.271030
v -0.066154 1.127467 0.189088
v -0.120617 1.129270 0.225154
v -0.120617 1.129270 0.156891
v -0.066154 1.191443 0.254744
v -0.066154 1.201750 0.255693
v -0.120617 1.187069 0.211586
v -0.120617 1.241628 0.211586
v -0.066154 1.127467 0.254744
v -0.120617 1.129270 0.211586
vn -1.0000 -0.0000 -0.0000
vn -0.5174 0.0125 -0.8557
vn 0.6442 -0.0000 0.7648
vn 0.6275 -0.0114 0.7786
vn 0.0331 -0.9995 -0.0000
vn -0.5089 -0.0000 -0.8608
vn -0.0660 0.9978 -0.0000
vn 1.0000 -0.0000 -0.0000
vn 0.3348 -0.0000 0.9423
vn 0.1095 -0.9940 -0.0000
vn -0.0143 -0.0000 -0.9999
vn -0.5908 0.8068 -0.0000
vn 0.0800 0.9968 -0.0000
vn 0.5174 0.0125 -0.8557
vn -0.6442 -0.0000 0.7648
vn -0.6275 -0.0114 0.7786
vn -0.0331 -0.9995 -0.0000
vn 0.5089 -0.0000 -0.8608
vn 0.0660 0.9978 -0.0000
vn -0.3348 -0.0000 0.9423
vn -0.1095 -0.9940 -0.0000
vn 0.0143 -0.0000 -0.9999
vn 0.5908 0.8068 -0.0000
vn -0.0801 0.9968 -0.0000
vt 0.521017 0.941564
vt 0.522676 0.944091
vt 0.514511 0.958880
vt 0.511850 0.957674
vt 0.984583 0.740341
vt 0.987035 0.740399
vt 0.995396 0.756139
vt 0.982498 0.755226
vt 0.540817 0.936051
vt 0.535388 0.922000
vt 0.545189 0.919664
vt 0.550726 0.929532
vt 0.540481 0.940320
vt 0.531532 0.952856
vt 0.547785 0.919556
vt 0.553795 0.931456
vt 0.968834 0.754266
vt 0.969458 0.739279
vt 0.532014 0.923989
vt 0.511850 0.910989
vt 0.525269 0.890815
vt 0.535301 0.911108
vt 0.554929 0.894428
vt 0.543853 0.910451
vt 0.538723 0.914779
vt 0.541532 0.913706
vt 0.968834 0.723516
vt 0.984648 0.724627
vt 0.565470 0.917537
vt 0.552500 0.953871
vt 0.566821 0.941170
vt 0.538982 0.965861
s 0
usemtl Material.006
f 1091/829/605 1092/830/605 1079/831/605 1078/832/605
f 1078/833/606 1079/834/606 1082/835/606 1081/836/606
f 1080/837/607 1077/838/607 1083/839/607 1085/840/607
f 1093/841/608 1094/842/608 1092/830/608 1091/829/608
f 1095/843/609 1096/844/609 1085/840/609 1083/839/609
f 1078/833/610 1081/836/610 1086/845/610 1084/846/610
f 1091/847/611 1078/848/611 1087/849/611 1097/850/611
f 1093/841/612 1080/837/612 1085/840/612 1096/844/612
f 1097/850/605 1087/849/605 1089/851/605 1098/852/605
f 1083/839/613 1077/838/613 1088/853/613 1090/854/613
f 1095/843/614 1083/839/614 1090/854/614 1098/852/614
f 1078/833/615 1084/846/615 1089/855/615 1087/856/615
f 1084/857/614 1095/843/614 1098/852/614 1089/851/614
f 1088/853/605 1097/850/605 1098/852/605 1090/854/605
f 1081/858/612 1093/841/612 1096/844/612 1086/859/612
f 1077/838/611 1091/847/611 1097/850/611 1088/853/611
f 1084/857/609 1086/859/609 1096/844/609 1095/843/609
f 1082/860/616 1079/831/616 1092/830/616 1094/842/616
f 1081/858/612 1082/860/612 1094/842/612 1093/841/612
f 1091/847/617 1077/838/617 1080/837/617 1093/841/617
f 1109/829/612 1100/832/612 1101/831/612 1110/830/612
f 1100/833/618 1103/836/618 1104/835/618 1101/834/618
f 1102/837/619 1107/840/619 1105/839/619 1099/838/619
f 1111/841/620 1109/829/620 1110/830/620 1112/842/620
f 1113/843/621 1105/839/621 1107/840/621 1114/844/621
f 1100/833/622 1106/846/622 1108/845/622 1103/836/622
f 1109/847/623 1097/850/623 1087/849/623 1100/848/623
f 1111/841/605 1114/844/605 1107/840/605 1102/837/605
f 1105/839/624 1090/854/624 1088/853/624 1099/838/624
f 1113/843/625 1098/852/625 1090/854/625 1105/839/625
f 1100/833/626 1087/856/626 1089/855/626 1106/846/626
f 1106/857/625 1089/851/625 1098/852/625 1113/843/625
f 1103/858/605 1108/859/605 1114/844/605 1111/841/605
f 1099/838/623 1088/853/623 1097/850/623 1109/847/623
f 1106/857/621 1113/843/621 1114/844/621 1108/859/621
f 1104/860/627 1112/842/627 1110/830/627 1101/831/627
f 1103/858/605 1111/841/605 1112/842/605 1104/860/605
f 1109/847/628 1111/841/628 1102/837/628 1099/838/628
o Cube.028
v -0.066794 1.088833 0.246952
v -0.066794 1.150803 0.246952
v -0.066794 1.088833 0.098935
v -0.066794 1.150803 0.098935
v 0.066793 1.088833 0.246952
v 0.066793 1.150803 0.246952
v 0.066793 1.088833 0.098935
v 0.066793 1.150803 0.098935
v 0.022264 1.088833 0.130504
v -0.022265 1.088833 0.130504
v -0.022265 1.150803 0.130504
v 0.022264 1.150803 0.130504
v -0.022265 1.088833 0.278520
v 0.022264 1.088833 0.278520
v 0.022264 1.150803 0.278520
v -0.022265 1.150803 0.278520
vn -1.0000 -0.0000 -0.0000
vn -0.5784 -0.0000 -0.8158
vn 1.0000 -0.0000 -0.0000
vn -0.5784 -0.0000 0.8158
vn -0.0000 -1.0000 -0.0000
vn -0.0000 1.0000 -0.0000
vn 0.5784 -0.0000 0.8158
vn -0.0000 -0.0000 1.0000
vn 0.5784 -0.0000 -0.8158
vn -0.0000 -0.0000 -1.0000
vt 0.575000 0.836747
vt 0.563486 0.824876
vt 0.591839 0.797377
vt 0.603352 0.809248
vt 0.266123 0.590609
vt 0.250775 0.590609
vt 0.250775 0.577090
vt 0.266123 0.577090
vt 0.523363 0.886185
vt 0.511850 0.874314
vt 0.540203 0.846815
vt 0.551716 0.858686
vt 0.564231 0.843126
vt 0.557259 0.834713
vt 0.580506 0.874695
vt 0.576853 0.888648
vt 0.557944 0.848849
vt 0.534697 0.808867
vt 0.538349 0.794914
vt 0.511850 0.820232
vt 0.525894 0.817372
vt 0.550972 0.840436
vt 0.603352 0.863330
vt 0.589308 0.866190
vt 0.266123 0.615155
vt 0.250775 0.615155
vt 0.250775 0.601637
vt 0.266123 0.601637
s 0
usemtl Material.006
f 1115/861/629 1116/862/629 1118/863/629 1117/864/629
f 1123/865/630 1126/866/630 1122/867/630 1121/868/630
f 1121/869/631 1122/870/631 1120/871/631 1119/872/631
f 1127/873/632 1130/874/632 1116/862/632 1115/861/632
f 1123/875/633 1121/876/633 1119/872/633 1128/877/633
f 1125/878/634 1118/879/634 1116/862/634 1130/874/634
f 1122/880/634 1126/881/634 1129/882/634 1120/871/634
f 1126/881/634 1125/878/634 1130/874/634 1129/882/634
f 1117/883/633 1124/884/633 1127/873/633 1115/861/633
f 1124/884/633 1123/875/633 1128/877/633 1127/873/633
f 1119/872/635 1120/871/635 1129/882/635 1128/877/635
f 1128/877/636 1129/882/636 1130/874/636 1127/873/636
f 1117/885/637 1118/886/637 1125/887/637 1124/888/637
f 1124/888/638 1125/887/638 1126/866/638 1123/865/638
o Cube.029
v -0.100272 1.556829 0.236431
v -0.100272 1.748884 0.184844
v -0.100272 1.556829 -0.024626
v -0.100272 1.748884 0.026962
v 0.100271 1.556829 0.236431
v 0.100271 1.748884 0.184844
v 0.100271 1.556829 -0.024626
v 0.100271 1.748884 0.026962
v 0.069298 1.556829 -0.036838
v -0.069298 1.556829 -0.036838
v -0.069298 1.748884 0.019576
v 0.069298 1.748884 0.019576
v -0.069298 1.556829 0.248643
v 0.069298 1.556829 0.248643
v 0.069298 1.748884 0.192229
v -0.069298 1.748884 0.192229
v -0.109653 1.556829 0.004383
v -0.109653 1.556829 0.207422
v -0.109653 1.748884 0.167300
v -0.109653 1.748884 0.044505
v 0.109653 1.556829 0.207422
v 0.109653 1.556829 0.004383
v 0.109653 1.748884 0.044505
v 0.109653 1.748884 0.167300
v 0.069298 1.748884 0.044505
v 0.069298 1.748884 0.167300
v -0.069298 1.748884 0.044505
v -0.069298 1.748884 0.167300
v -0.069298 1.556829 0.004383
v -0.069298 1.556829 0.207422
v 0.069298 1.556829 0.004383
v 0.069298 1.556829 0.207422
v 0.059790 1.561479 -0.052669
v -0.059790 1.561479 -0.052669
v -0.059790 1.753534 0.003745
v 0.059790 1.753534 0.003745
v -0.059790 1.561479 0.264474
v 0.059790 1.561479 0.264474
v 0.059790 1.753534 0.208060
v -0.059790 1.753534 0.208060
v -0.095471 1.556829 0.013251
v -0.095471 1.556829 0.198554
v -0.095471 1.748884 0.161936
v -0.095471 1.748884 0.049869
v 0.095470 1.556829 0.198554
v 0.095470 1.556829 0.013251
v 0.095470 1.748884 0.049869
v 0.095470 1.748884 0.161936
v 0.069298 1.748884 0.049869
v 0.069298 1.748884 0.161936
v -0.069298 1.748884 0.049869
v -0.069298 1.748884 0.161936
v -0.069298 1.556829 0.013251
v -0.069298 1.556829 0.198554
v 0.069298 1.556829 0.013251
v 0.069298 1.556829 0.198554
vn -0.9238 0.0889 -0.3723
vn 0.2913 0.2589 -0.9209
vn 0.9238 0.0889 0.3723
vn -0.2913 0.2589 0.9209
vn -0.0000 -1.0000 -0.0000
vn -0.0000 1.0000 -0.0000
vn 0.2913 0.2589 0.9209
vn -0.2913 0.2589 -0.9209
vn -0.0000 0.9595 0.2818
vn 0.9238 0.0889 -0.3723
vn -0.9238 0.0889 0.3723
vn -0.0000 0.2818 0.9595
vn -0.0000 0.2818 -0.9595
vn 0.8664 0.1407 0.4790
vn -0.0000 -0.9595 0.2818
vn -0.8664 0.1407 0.4790
vn -0.8664 0.1407 -0.4790
vn -0.0000 0.9595 -0.2818
vn 0.4415 -0.1758 0.8799
vn 0.8664 0.1407 -0.4790
vn -0.0000 -0.9595 -0.2818
vn -0.4415 -0.1758 0.8799
vn -0.4415 -0.1758 -0.8799
vn -1.0000 -0.0000 -0.0000
vn 0.4415 -0.1758 -0.8799
vn 1.0000 -0.0000 -0.0000
vt 0.416301 0.047074
vt 0.375267 0.062108
vt 0.374518 0.057740
vt 0.415261 0.040364
vt 0.394697 0.216409
vt 0.358138 0.190889
vt 0.361799 0.184815
vt 0.398290 0.209922
vt 0.417547 0.157883
vt 0.374393 0.150987
vt 0.375870 0.146809
vt 0.419913 0.151518
vt 0.424908 0.109311
vt 0.380545 0.104871
vt 0.380777 0.097782
vt 0.424880 0.101895
vt 0.384086 0.952829
vt 0.393075 0.952829
vt 0.390985 0.959290
vt 0.384086 0.962010
vt 0.614955 0.442449
vt 0.614955 0.451438
vt 0.611048 0.449348
vt 0.609403 0.442449
vt 0.614955 0.402590
vt 0.614955 0.411579
vt 0.609403 0.411579
vt 0.611048 0.404680
vt 0.344227 0.952829
vt 0.353216 0.952829
vt 0.353216 0.962010
vt 0.346317 0.959290
vt 0.377047 0.139814
vt 0.421411 0.144255
vt 0.372133 0.051061
vt 0.413025 0.033293
vt 0.647859 0.442449
vt 0.647859 0.411579
vt 0.651534 0.413696
vt 0.651534 0.440331
vt 0.353216 0.898423
vt 0.384086 0.898423
vt 0.384086 0.907604
vt 0.353216 0.907604
vt 0.353216 0.950854
vt 0.384086 0.950854
vt 0.346317 0.901143
vt 0.344227 0.907604
vt 0.347386 0.950854
vt 0.642307 0.442449
vt 0.642307 0.411579
vt 0.616150 0.411579
vt 0.616150 0.442449
vt 0.646214 0.404680
vt 0.642307 0.402590
vt 0.616150 0.405749
vt 0.646214 0.449348
vt 0.642307 0.451438
vt 0.616150 0.448279
vt 0.390985 0.901143
vt 0.393075 0.907604
vt 0.389916 0.950854
vt 0.363399 0.180683
vt 0.400640 0.203551
vt 0.380157 0.093394
vt 0.423822 0.095187
vt 0.421833 0.140034
vt 0.377470 0.135594
vt 0.380122 0.109091
vt 0.424486 0.113531
vt 0.411334 0.029403
vt 0.370442 0.047171
vt 0.359828 0.022742
vt 0.400720 0.004974
vt 0.381968 0.965685
vt 0.355333 0.965685
vt 0.605727 0.440331
vt 0.605727 0.413696
vt 0.402233 0.200183
vt 0.364948 0.177682
vt 0.358138 0.018852
vt 0.399029 0.001084
vt 0.355333 0.894747
vt 0.381968 0.894747
vt 0.376191 0.065356
vt 0.417196 0.050691
vt 0.380046 0.090019
vt 0.423571 0.091470
vt 0.416564 0.161477
vt 0.373615 0.154273
vt 0.389916 0.909579
vt 0.384086 0.909579
vt 0.641112 0.448279
vt 0.641112 0.442449
vt 0.641112 0.411579
vt 0.641112 0.405749
vt 0.353216 0.909579
vt 0.347386 0.909579
s 0
usemtl Material.006
f 1147/889/639 1150/890/639 1134/891/639 1133/892/639
f 1139/893/640 1142/894/640 1138/895/640 1137/896/640
f 1151/897/641 1154/898/641 1136/899/641 1135/900/641
f 1143/901/642 1146/902/642 1132/903/642 1131/904/642
f 1162/905/643 1151/906/643 1135/907/643 1144/908/643
f 1158/909/644 1149/910/644 1132/911/644 1146/912/644
f 1154/913/644 1156/914/644 1145/915/644 1136/916/644
f 1156/914/644 1158/909/644 1146/912/644 1145/915/644
f 1148/917/643 1160/918/643 1143/919/643 1131/920/643
f 1160/918/643 1162/905/643 1144/908/643 1143/919/643
f 1135/900/645 1136/899/645 1145/921/645 1144/922/645
f 1133/892/646 1134/891/646 1141/923/646 1140/924/646
f 1141/925/647 1142/926/647 1166/927/647 1165/928/647
f 1140/929/643 1139/930/643 1161/931/643 1159/932/643
f 1184/933/643 1186/934/643 1162/905/643 1160/918/643
f 1133/935/643 1140/929/643 1159/932/643 1147/936/643
f 1172/937/643 1184/933/643 1160/918/643 1148/917/643
f 1142/926/644 1141/925/644 1157/938/644 1155/939/644
f 1180/940/644 1182/941/644 1158/909/644 1156/914/644
f 1138/942/644 1142/926/644 1155/939/644 1153/943/644
f 1178/944/644 1180/940/644 1156/914/644 1154/913/644
f 1141/925/644 1134/945/644 1150/946/644 1157/938/644
f 1182/941/644 1173/947/644 1149/910/644 1158/909/644
f 1139/930/643 1137/948/643 1152/949/643 1161/931/643
f 1186/934/643 1175/950/643 1151/906/643 1162/905/643
f 1137/896/648 1138/895/648 1153/951/648 1152/952/648
f 1131/904/649 1132/903/649 1149/953/649 1148/954/649
f 1168/955/650 1169/956/650 1170/957/650 1167/958/650
f 1164/959/651 1165/960/651 1166/961/651 1163/962/651
f 1144/922/652 1145/921/652 1169/956/652 1168/955/652
f 1143/919/653 1144/908/653 1168/963/653 1167/964/653
f 1146/902/654 1143/901/654 1167/958/654 1170/957/654
f 1140/924/655 1141/923/655 1165/960/655 1164/959/655
f 1145/915/656 1146/912/656 1170/965/656 1169/966/656
f 1176/967/657 1152/952/657 1153/951/657 1177/968/657
f 1142/969/658 1139/970/658 1163/962/658 1166/961/658
f 1139/930/659 1140/929/659 1164/971/659 1163/972/659
f 1174/973/660 1150/890/660 1147/889/660 1171/974/660
f 1149/953/661 1173/975/661 1172/976/661 1148/954/661
f 1173/975/662 1174/973/662 1171/974/662 1172/976/662
f 1151/897/663 1175/977/663 1178/978/663 1154/898/663
f 1175/977/664 1176/967/664 1177/968/664 1178/978/664
f 1161/931/643 1152/949/643 1176/979/643 1185/980/643
f 1185/980/643 1176/979/643 1175/950/643 1186/934/643
f 1157/938/644 1150/946/644 1174/981/644 1181/982/644
f 1181/982/644 1174/981/644 1173/947/644 1182/941/644
f 1153/943/644 1155/939/644 1179/983/644 1177/984/644
f 1177/984/644 1179/983/644 1180/940/644 1178/944/644
f 1155/939/644 1157/938/644 1181/982/644 1179/983/644
f 1179/983/644 1181/982/644 1182/941/644 1180/940/644
f 1147/936/643 1159/932/643 1183/985/643 1171/986/643
f 1171/986/643 1183/985/643 1184/933/643 1172/937/643
f 1159/932/643 1161/931/643 1185/980/643 1183/985/643
f 1183/985/643 1185/980/643 1186/934/643 1184/933/643
o Cylinder.003
v -0.000000 1.656829 0.041631
v 0.106040 1.619613 0.054792
v -0.000000 1.684074 0.068875
v 0.106040 1.593963 0.061665
v -0.000000 1.694046 0.106092
v 0.106040 1.575186 0.080442
v -0.000000 1.684074 0.143309
v 0.106040 1.568313 0.106092
v -0.000000 1.656829 0.170553
v 0.106040 1.575186 0.131742
v -0.000000 1.619613 0.180526
v 0.106040 1.593963 0.150519
v -0.000000 1.582396 0.170553
v 0.106040 1.619613 0.157392
v -0.000000 1.555151 0.143309
v 0.106040 1.645263 0.150519
v -0.000000 1.545179 0.106092
v 0.106040 1.664040 0.131742
v -0.000000 1.555151 0.068875
v 0.106040 1.670913 0.106092
v -0.000000 1.619613 0.031659
v 0.106040 1.664040 0.080442
v -0.000000 1.582396 0.041631
v 0.106040 1.645263 0.061665
v 0.106040 1.582396 0.041631
v 0.106040 1.619613 0.031659
v 0.106040 1.555151 0.068875
v 0.106040 1.545179 0.106092
v 0.106040 1.555151 0.143309
v 0.106040 1.582396 0.170553
v 0.106040 1.619613 0.180526
v 0.106040 1.656829 0.170553
v 0.106040 1.684074 0.143309
v 0.106040 1.694046 0.106092
v 0.106040 1.684074 0.068875
v 0.106040 1.656829 0.041631
v 0.095820 1.593963 0.061665
v 0.095820 1.619613 0.054792
v 0.095820 1.575186 0.080442
v 0.095820 1.568313 0.106092
v 0.095820 1.575186 0.131742
v 0.095820 1.593963 0.150519
v 0.095820 1.619613 0.157392
v 0.095820 1.645263 0.150519
v 0.095820 1.664040 0.131742
v 0.095820 1.670913 0.106092
v 0.095820 1.664040 0.080442
v 0.095820 1.645263 0.061665
v -0.106041 1.619613 0.054792
v -0.106041 1.593963 0.061665
v -0.106041 1.575186 0.080442
v -0.106041 1.568313 0.106092
v -0.106041 1.575186 0.131742
v -0.106041 1.593963 0.150519
v -0.106041 1.619613 0.157392
v -0.106041 1.645263 0.150519
v -0.106041 1.664040 0.131742
v -0.106041 1.670913 0.106092
v -0.106041 1.664040 0.080442
v -0.106041 1.645263 0.061665
v -0.106041 1.582396 0.041631
v -0.106041 1.619613 0.031659
v -0.106041 1.555151 0.068875
v -0.106041 1.545179 0.106092
v -0.106041 1.555151 0.143309
v -0.106041 1.582396 0.170553
v -0.106041 1.619613 0.180526
v -0.106041 1.656829 0.170553
v -0.106041 1.684074 0.143309
v -0.106041 1.694046 0.106092
v -0.106041 1.684074 0.068875
v -0.106041 1.656829 0.041631
v -0.095821 1.593963 0.061665
v -0.095821 1.619613 0.054792
v -0.095821 1.575186 0.080442
v -0.095821 1.568313 0.106092
v -0.095821 1.575186 0.131742
v -0.095821 1.593963 0.150519
v -0.095821 1.619613 0.157392
v -0.095821 1.645263 0.150519
v -0.095821 1.664040 0.131742
v -0.095821 1.670913 0.106092
v -0.095821 1.664040 0.080442
v -0.095821 1.645263 0.061665
vn -0.0000 1.0000 -0.0000
vn -0.0000 0.9659 -0.2588
vn -0.0000 0.7071 -0.7071
vn -0.0000 0.5000 -0.8660
vn -0.0000 -0.9659 -0.2588
vn -0.0000 -1.0000 -0.0000
vn -0.0000 -0.2588 -0.9659
vn -0.0000 -0.5000 -0.8660
vn -0.0000 0.2588 -0.9659
vn -0.0000 -0.9659 0.2588
vn -0.0000 -0.7071 0.7071
vn -0.0000 -0.5000 0.8660
vn -0.0000 -0.2588 0.9659
vn -0.0000 0.2588 0.9659
vn -0.0000 0.5000 0.8660
vn -0.0000 0.7071 0.7071
vn -0.0000 -0.0000 1.0000
vn -0.0000 0.9659 0.2588
vn -0.0000 -0.7071 -0.7071
vn 1.0000 -0.0000 -0.0000
vn -0.0000 -0.0000 -1.0000
vn -1.0000 -0.0000 -0.0000
vt 0.861533 0.266991
vt 0.858793 0.261436
vt 0.874895 0.252897
vt 0.878194 0.259569
vt 0.854640 0.255951
vt 0.871553 0.246752
vt 0.865240 0.310719
vt 0.866336 0.304051
vt 0.886475 0.305845
vt 0.885494 0.314274
vt 0.860476 0.324167
vt 0.863155 0.317348
vt 0.883771 0.322773
vt 0.881329 0.331304
vt 0.856155 0.331163
vt 0.878237 0.339833
vt 0.867084 0.297505
vt 0.886734 0.297540
vt 0.866961 0.291037
vt 0.886284 0.289409
vt 0.866552 0.284719
vt 0.885166 0.281505
vt 0.865331 0.278603
vt 0.883407 0.273873
vt 0.863841 0.272654
vt 0.881066 0.266554
vt 0.855802 0.321682
vt 0.852533 0.327269
vt 0.850399 0.326026
vt 0.853626 0.320482
vt 0.858750 0.315732
vt 0.860321 0.309520
vt 0.861902 0.303395
vt 0.862224 0.297254
vt 0.862652 0.291183
vt 0.861905 0.285310
vt 0.861271 0.279484
vt 0.859538 0.274047
vt 0.857838 0.268641
vt 0.855042 0.263841
vt 0.851951 0.259497
vt 0.817774 0.580127
vt 0.820331 0.584558
vt 0.820331 0.589673
vt 0.817774 0.594103
vt 0.813343 0.596661
vt 0.808228 0.596661
vt 0.803798 0.594103
vt 0.801240 0.589673
vt 0.801240 0.584558
vt 0.803798 0.580127
vt 0.808228 0.577570
vt 0.813344 0.577570
vt 0.856475 0.314834
vt 0.858100 0.308919
vt 0.857570 0.274641
vt 0.855906 0.269461
vt 0.860391 0.291208
vt 0.859782 0.285531
vt 0.859589 0.303000
vt 0.853339 0.264882
vt 0.859135 0.279899
vt 0.860014 0.297088
vt 0.850399 0.260587
vt 0.231343 0.857754
vt 0.248005 0.865176
vt 0.244706 0.871848
vt 0.228603 0.863309
vt 0.241363 0.877993
vt 0.224450 0.868794
vt 0.235050 0.814026
vt 0.255304 0.810471
vt 0.256285 0.818900
vt 0.236146 0.820694
vt 0.230287 0.800578
vt 0.251139 0.793441
vt 0.253581 0.801972
vt 0.232965 0.807397
vt 0.225966 0.793582
vt 0.248047 0.784912
vt 0.256544 0.827205
vt 0.236895 0.827240
vt 0.256094 0.835337
vt 0.236771 0.833708
vt 0.254976 0.843241
vt 0.236362 0.840026
vt 0.253217 0.850872
vt 0.235141 0.846142
vt 0.250876 0.858191
vt 0.233651 0.852091
vt 0.225612 0.803063
vt 0.223436 0.804263
vt 0.220209 0.798719
vt 0.222343 0.797477
vt 0.228560 0.809013
vt 0.230131 0.815225
vt 0.231712 0.821350
vt 0.232034 0.827491
vt 0.232462 0.833562
vt 0.231715 0.839435
vt 0.231081 0.845261
vt 0.229348 0.850699
vt 0.227648 0.856104
vt 0.224852 0.860904
vt 0.221761 0.865248
vt 0.779982 0.589673
vt 0.779982 0.584558
vt 0.782539 0.580127
vt 0.786970 0.577570
vt 0.792085 0.577570
vt 0.796515 0.580127
vt 0.799073 0.584557
vt 0.799073 0.589673
vt 0.796515 0.594103
vt 0.792085 0.596661
vt 0.786970 0.596661
vt 0.782540 0.594103
vt 0.227910 0.815826
vt 0.226285 0.809911
vt 0.225716 0.855284
vt 0.227381 0.850105
vt 0.229592 0.839214
vt 0.230202 0.833537
vt 0.229399 0.821745
vt 0.223150 0.859864
vt 0.228945 0.844846
vt 0.229824 0.827657
vt 0.220209 0.864158
s 1
usemtl Material.006
f 1220/987/665 1221/988/666 1189/989/666 1191/990/665
f 1221/988/667 1222/991/668 1187/992/668 1189/989/667
f 1213/993/669 1214/994/670 1203/995/670 1205/996/669
f 1212/997/671 1211/998/672 1209/999/672 1207/1000/671
f 1222/1001/668 1212/997/673 1207/1000/673 1187/1002/668
f 1214/994/670 1215/1003/674 1201/1004/674 1203/995/670
f 1215/1003/675 1216/1005/676 1199/1006/676 1201/1004/675
f 1216/1005/676 1217/1007/677 1197/1008/677 1199/1006/676
f 1217/1007/678 1218/1009/679 1195/1010/679 1197/1008/678
f 1218/1009/679 1219/1011/680 1193/1012/680 1195/1010/679
f 1188/1013/681 1210/1014/676 1234/1015/676 1224/1016/681
f 1219/1011/682 1220/987/665 1191/990/665 1193/1012/682
f 1211/998/672 1213/993/683 1205/996/683 1209/999/672
f 1188/1013/684 1190/1017/684 1211/998/684 1212/997/684
f 1190/1017/684 1192/1018/684 1213/993/684 1211/998/684
f 1192/1018/684 1194/1019/684 1214/994/684 1213/993/684
f 1194/1019/684 1196/1020/684 1215/1003/684 1214/994/684
f 1196/1020/684 1198/1021/684 1216/1005/684 1215/1003/684
f 1198/1021/684 1200/1022/684 1217/1007/684 1216/1005/684
f 1200/1022/684 1202/1023/684 1218/1009/684 1217/1007/684
f 1202/1023/684 1204/1024/684 1219/1011/684 1218/1009/684
f 1204/1024/684 1206/1025/684 1220/987/684 1219/1011/684
f 1206/1025/684 1208/1026/684 1221/988/684 1220/987/684
f 1208/1026/684 1210/1027/684 1222/991/684 1221/988/684
f 1210/1014/684 1188/1013/684 1212/997/684 1222/1001/684
f 1223/1028/684 1224/1029/684 1234/1030/684 1233/1031/684 1232/1032/684 1231/1033/684 1230/1034/684 1229/1035/684 1228/1036/684 1227/1037/684 1226/1038/684 1225/1039/684
f 1192/1018/680 1190/1017/679 1223/1040/679 1225/1041/680
f 1206/1025/670 1204/1024/669 1231/1042/669 1232/1043/670
f 1200/1022/685 1198/1021/668 1228/1044/668 1229/1045/685
f 1194/1019/665 1192/1018/682 1225/1041/682 1226/1046/665
f 1208/1026/674 1206/1025/670 1232/1043/670 1233/1047/674
f 1202/1023/672 1200/1022/685 1229/1045/685 1230/1048/672
f 1196/1020/666 1194/1019/665 1226/1046/665 1227/1049/666
f 1210/1027/676 1208/1026/675 1233/1047/675 1234/1050/676
f 1190/1017/679 1188/1013/681 1224/1016/681 1223/1040/679
f 1204/1024/683 1202/1023/672 1230/1048/672 1231/1042/683
f 1198/1021/668 1196/1020/667 1227/1049/667 1228/1044/668
f 1256/1051/665 1191/1052/665 1189/1053/666 1257/1054/666
f 1257/1054/667 1189/1053/667 1187/1055/668 1258/1056/668
f 1249/1057/669 1205/1058/669 1203/1059/670 1250/1060/670
f 1248/1061/671 1207/1062/671 1209/1063/672 1247/1064/672
f 1258/1065/668 1187/1066/668 1207/1062/673 1248/1061/673
f 1250/1060/670 1203/1059/670 1201/1067/674 1251/1068/674
f 1251/1068/675 1201/1067/675 1199/1069/676 1252/1070/676
f 1252/1070/676 1199/1069/676 1197/1071/677 1253/1072/677
f 1253/1072/678 1197/1071/678 1195/1073/679 1254/1074/679
f 1254/1074/679 1195/1073/679 1193/1075/680 1255/1076/680
f 1235/1077/681 1260/1078/681 1270/1079/676 1246/1080/676
f 1255/1076/682 1193/1075/682 1191/1052/665 1256/1051/665
f 1247/1064/672 1209/1063/672 1205/1058/683 1249/1057/683
f 1235/1077/686 1248/1061/686 1247/1064/686 1236/1081/686
f 1236/1081/686 1247/1064/686 1249/1057/686 1237/1082/686
f 1237/1082/686 1249/1057/686 1250/1060/686 1238/1083/686
f 1238/1083/686 1250/1060/686 1251/1068/686 1239/1084/686
f 1239/1084/686 1251/1068/686 1252/1070/686 1240/1085/686
f 1240/1085/686 1252/1070/686 1253/1072/686 1241/1086/686
f 1241/1086/686 1253/1072/686 1254/1074/686 1242/1087/686
f 1242/1087/686 1254/1074/686 1255/1076/686 1243/1088/686
f 1243/1088/686 1255/1076/686 1256/1051/686 1244/1089/686
f 1244/1089/686 1256/1051/686 1257/1054/686 1245/1090/686
f 1245/1090/686 1257/1054/686 1258/1056/686 1246/1091/686
f 1246/1080/686 1258/1065/686 1248/1061/686 1235/1077/686
f 1259/1092/686 1261/1093/686 1262/1094/686 1263/1095/686 1264/1096/686 1265/1097/686 1266/1098/686 1267/1099/686 1268/1100/686 1269/1101/686 1270/1102/686 1260/1103/686
f 1237/1082/680 1261/1104/680 1259/1105/679 1236/1081/679
f 1244/1089/670 1268/1106/670 1267/1107/669 1243/1088/669
f 1241/1086/685 1265/1108/685 1264/1109/668 1240/1085/668
f 1238/1083/665 1262/1110/665 1261/1104/682 1237/1082/682
f 1245/1090/674 1269/1111/674 1268/1106/670 1244/1089/670
f 1242/1087/672 1266/1112/672 1265/1108/685 1241/1086/685
f 1239/1084/666 1263/1113/666 1262/1110/665 1238/1083/665
f 1246/1091/676 1270/1114/676 1269/1111/675 1245/1090/675
f 1236/1081/679 1259/1105/679 1260/1078/681 1235/1077/681
f 1243/1088/683 1267/1107/683 1266/1112/672 1242/1087/672
f 1240/1085/668 1264/1109/668 1263/1113/667 1239/1084/667
o Cube.031
v 0.085074 1.283930 0.171860
v 0.136978 1.454975 0.275176
v 0.085074 1.283930 -0.072243
v 0.136978 1.454975 -0.134314
v 0.181584 1.329473 0.143328
v 0.165965 1.313918 0.153030
v 0.214844 1.454975 0.236071
v 0.225144 1.454975 0.217320
v 0.181584 1.329473 -0.043710
v 0.165965 1.313918 -0.053412
v 0.225144 1.454975 -0.117702
v 0.214844 1.454975 -0.136454
v -0.085074 1.283930 0.171860
v -0.136978 1.454975 0.275176
v -0.085074 1.283930 -0.072243
v -0.136978 1.454975 -0.134314
v -0.181584 1.329473 0.143328
v -0.165965 1.313918 0.153030
v -0.214844 1.454975 0.236071
v -0.225145 1.454975 0.217320
v -0.181584 1.329473 -0.043710
v -0.165965 1.313918 -0.053412
v -0.225145 1.454975 -0.117702
v -0.214844 1.454975 -0.136454
vn -0.9569 0.2904 -0.0000
vn 0.7572 -0.5060 -0.4131
vn 0.7057 -0.7086 -0.0000
vn 0.7572 -0.5060 0.4131
vn 0.3476 -0.9376 -0.0000
vn 0.9447 -0.3279 -0.0000
vn 0.3752 -0.5615 0.7375
vn -0.0000 1.0000 -0.0000
vn 0.1786 -0.4617 -0.8689
vn 0.9569 0.2904 -0.0000
vn -0.7572 -0.5060 -0.4131
vn -0.7057 -0.7086 -0.0000
vn -0.7572 -0.5060 0.4131
vn -0.3476 -0.9376 -0.0000
vn -0.9447 -0.3279 -0.0000
vn -0.3752 -0.5615 0.7375
vn -0.1786 -0.4617 -0.8689
vt 0.115445 0.767489
vt 0.062356 0.798174
vt 0.062356 0.676553
vt 0.115445 0.694989
vt 0.631481 0.705009
vt 0.662858 0.697684
vt 0.669034 0.702539
vt 0.632764 0.709238
vt 0.671145 0.643561
vt 0.664713 0.648275
vt 0.627851 0.633595
vt 0.627135 0.639269
vt 0.698313 0.725918
vt 0.705236 0.622632
vt 0.608792 0.599507
vt 0.608792 0.739827
s 0
usemtl Material.006
f 1271/1115/687 1272/1116/687 1274/1117/687 1273/1118/687
f 1281/1119/688 1279/1120/688 1280/1121/688 1282/1122/688
f 1276/1123/689 1280/1121/689 1279/1120/689 1275/1124/689
f 1277/1125/690 1276/1123/690 1275/1124/690 1278/1126/690
f 1273/1127/691 1280/1121/691 1276/1123/691 1271/1128/691
f 1279/1120/692 1281/1119/692 1278/1126/692 1275/1124/692
f 1276/1123/693 1277/1125/693 1272/1129/693 1271/1128/693
f 1281/1119/694 1282/1122/694 1274/1130/694 1272/1129/694 1277/1125/694 1278/1126/694
f 1273/1127/695 1274/1130/695 1282/1122/695 1280/1121/695
f 1283/1115/696 1285/1118/696 1286/1117/696 1284/1116/696
f 1293/1119/697 1294/1122/697 1292/1121/697 1291/1120/697
f 1288/1123/698 1287/1124/698 1291/1120/698 1292/1121/698
f 1289/1125/699 1290/1126/699 1287/1124/699 1288/1123/699
f 1285/1127/700 1283/1128/700 1288/1123/700 1292/1121/700
f 1291/1120/701 1287/1124/701 1290/1126/701 1293/1119/701
f 1288/1123/702 1283/1128/702 1284/1129/702 1289/1125/702
f 1293/1119/694 1290/1126/694 1289/1125/694 1284/1129/694 1286/1130/694 1294/1122/694
f 1285/1127/703 1292/1121/703 1294/1122/703 1286/1130/703
o Cube.032
v 0.161719 1.410989 0.094482
v 0.161719 1.410989 -0.046166
v 0.161719 1.355162 0.088909
v 0.161719 1.360347 0.094482
v 0.161719 1.360347 -0.046166
v 0.161719 1.355162 -0.040593
v 0.212361 1.410989 0.094482
v 0.217546 1.410989 0.088909
v 0.217546 1.410989 -0.040593
v 0.212361 1.410989 -0.046166
v 0.202662 1.359890 0.076239
v 0.203906 1.355162 0.067667
v 0.212818 1.370046 0.076239
v 0.217546 1.368803 0.067667
v 0.212818 1.370046 -0.027923
v 0.217546 1.368803 -0.019351
v 0.202662 1.359890 -0.027923
v 0.203906 1.355162 -0.019351
vn 0.6343 -0.6343 0.4419
vn 0.6343 -0.6343 -0.4419
vn 0.2659 -0.7783 -0.5688
vn 0.2659 -0.7783 0.5688
vn 0.7783 -0.2659 -0.5688
vn 0.7783 -0.2659 0.5688
vn -0.0000 -1.0000 -0.0000
vn -1.0000 -0.0000 -0.0000
vn 0.2086 -0.2086 0.9555
vn 0.2086 -0.2086 -0.9555
vn 1.0000 -0.0000 -0.0000
vn -0.0000 1.0000 -0.0000
vn 0.7071 -0.7071 -0.0000
vt 0.151581 0.830487
vt 0.156545 0.827729
vt 0.158762 0.831313
vt 0.152281 0.833570
vt 0.156072 0.865000
vt 0.150678 0.861730
vt 0.151584 0.858406
vt 0.158854 0.861094
vt 0.167508 0.890462
vt 0.171548 0.886819
vt 0.172686 0.802313
vt 0.176513 0.807031
vt 0.138430 0.864065
vt 0.137772 0.861723
vt 0.140337 0.828266
vt 0.139884 0.830390
vt 0.607015 0.186948
vt 0.609219 0.184579
vt 0.630747 0.184579
vt 0.630747 0.244369
vt 0.609219 0.244369
vt 0.607015 0.242000
vt 0.120190 0.798580
vt 0.123357 0.890462
s 0
usemtl Material.006
f 1307/1131/704 1305/1132/704 1306/1133/704 1308/1134/704
f 1311/1135/705 1309/1136/705 1310/1137/705 1312/1138/705
f 1299/1139/706 1311/1135/706 1312/1138/706 1300/1140/706
f 1305/1132/707 1298/1141/707 1297/1142/707 1306/1133/707
f 1309/1136/708 1304/1143/708 1303/1144/708 1310/1137/708
f 1301/1145/709 1307/1131/709 1308/1134/709 1302/1146/709
f 1300/1140/710 1312/1138/710 1306/1133/710 1297/1142/710
f 1297/1147/711 1298/1148/711 1295/1149/711 1296/1150/711 1299/1151/711 1300/1152/711
f 1305/1132/712 1307/1131/712 1301/1145/712 1295/1153/712 1298/1141/712
f 1299/1139/713 1296/1154/713 1304/1143/713 1309/1136/713 1311/1135/713
f 1310/1137/714 1303/1144/714 1302/1146/714 1308/1134/714
f 1303/1144/715 1304/1143/715 1296/1154/715 1295/1153/715 1301/1145/715 1302/1146/715
f 1306/1133/716 1312/1138/716 1310/1137/716 1308/1134/716
o Cube.033
v 0.167188 1.414443 0.270526
v 0.167188 1.574876 0.244678
v 0.167188 1.422421 0.167157
v 0.167188 1.583269 0.043859
v 0.316663 1.414443 0.270526
v 0.316663 1.574876 0.244678
v 0.316663 1.422421 0.167157
v 0.316663 1.583269 0.043859
v 0.167188 1.489411 0.351303
v 0.167188 1.504655 0.119079
v 0.316663 1.504655 0.119079
v 0.316663 1.489411 0.351303
v 0.167188 1.460831 -0.162470
v 0.167188 1.595314 -0.219854
v 0.316663 1.460831 -0.162470
v 0.316663 1.595314 -0.219854
v 0.167188 1.550819 -0.219078
v 0.316663 1.550819 -0.219078
v 0.278316 1.399631 0.131135
v 0.167188 1.373556 0.131135
v 0.278316 1.411666 -0.125958
v 0.167188 1.385590 -0.125958
v -0.000000 1.504655 0.119079
v -0.000000 1.422421 0.167157
v -0.000000 1.550819 -0.196133
v -0.000000 1.460831 -0.162470
v -0.000000 1.385590 -0.125958
v -0.000000 1.373556 0.131135
v 0.083594 1.385590 -0.125958
v 0.083594 1.460831 -0.162470
v 0.083594 1.504655 0.119079
v 0.083594 1.422421 0.167157
v 0.083594 1.373556 0.131135
v 0.118526 1.550819 -0.196133
v -0.167188 1.414443 0.270526
v -0.167188 1.574876 0.244678
v -0.167188 1.422421 0.167157
v -0.167188 1.583269 0.043859
v -0.316663 1.414443 0.270526
v -0.316663 1.574876 0.244678
v -0.316663 1.422421 0.167157
v -0.316663 1.583269 0.043859
v -0.167188 1.489411 0.351303
v -0.167188 1.504655 0.119079
v -0.316663 1.504655 0.119079
v -0.316663 1.489411 0.351303
v -0.167188 1.460831 -0.162470
v -0.167188 1.595314 -0.219854
v -0.316663 1.460831 -0.162470
v -0.316663 1.595314 -0.219854
v -0.167188 1.550819 -0.219078
v -0.316663 1.550819 -0.219078
v -0.278317 1.399631 0.131135
v -0.167188 1.373556 0.131135
v -0.278317 1.411666 -0.125958
v -0.167188 1.385590 -0.125958
v -0.083594 1.385590 -0.125958
v -0.083594 1.460831 -0.162470
v -0.083594 1.504655 0.119079
v -0.083594 1.422421 0.167157
v -0.083594 1.373556 0.131135
v -0.118527 1.550819 -0.196133
vn -1.0000 -0.0000 -0.0000
vn 1.0000 -0.0000 -0.0000
vn -0.0000 0.7803 0.6254
vn -0.0000 -0.9970 -0.0769
vn -0.0000 0.9991 0.0418
vn -0.0000 -0.7330 0.6803
vn -0.0000 0.9990 0.0456
vn -0.0000 -0.0174 -0.9998
vn -0.0000 -0.5325 -0.8464
vn -0.0000 0.5047 0.8633
vn -0.0000 -0.4366 -0.8997
vn 0.2282 -0.9725 -0.0455
vn 0.0727 -0.7262 0.6836
vn 0.6827 -0.7280 -0.0626
vn 0.0518 -0.5174 -0.8542
vn -0.0000 -0.9989 -0.0468
vn -0.0000 -0.5934 0.8049
vn -0.0000 -0.3504 -0.9366
vn -0.0000 0.9894 0.1449
vn 0.0245 0.9897 0.1412
vn -0.1552 -0.4187 -0.8948
vn -0.2282 -0.9725 -0.0455
vn -0.0727 -0.7262 0.6836
vn -0.6827 -0.7280 -0.0626
vn -0.0518 -0.5174 -0.8542
vn -0.0245 0.9897 0.1412
vn 0.1552 -0.4187 -0.8948
vt 0.043006 0.453475
vt 0.060687 0.447183
vt 0.106568 0.452352
vt 0.082687 0.471737
vt 0.106583 0.412129
vt 0.084710 0.391216
vt 0.179228 0.400794
vt 0.179833 0.413196
vt 0.050327 0.412905
vt 0.018977 0.390216
vt 0.020152 0.437502
vt 0.031263 0.494011
vt 0.001084 0.480685
vt 0.010327 0.459753
vt 0.040506 0.473079
vt 0.070193 0.368745
vt 0.040846 0.367851
vt 0.178942 0.455348
vt 0.063083 0.483390
vt 0.921635 0.644073
vt 0.933255 0.644260
vt 0.932627 0.683289
vt 0.921007 0.683102
vt 0.893744 0.643443
vt 0.893248 0.682655
vt 0.797639 0.128176
vt 0.797639 0.153087
vt 0.775778 0.153087
vt 0.775778 0.128176
vt 0.162605 0.376250
vt 0.893682 0.621454
vt 0.871802 0.621465
vt 0.871777 0.599636
vt 0.893616 0.599611
vt 0.177651 0.467639
vt 0.080771 0.356552
vt 0.082230 0.325424
vt 0.152910 0.326815
vt 0.152324 0.358849
vt 0.065486 0.326840
vt 0.877447 0.672505
vt 0.871777 0.643309
vt 0.850153 0.599507
vt 0.869609 0.615064
vt 0.869609 0.698377
vt 0.847600 0.686256
vt 0.829515 0.673957
vt 0.836144 0.606976
vt 0.153185 0.302852
vt 0.081340 0.302669
vt 0.080917 0.279378
vt 0.153220 0.279378
vt 0.064407 0.303253
vt 0.063865 0.279772
vt 0.918813 0.630386
vt 0.918656 0.599507
vt 0.806775 0.236400
vt 0.775778 0.236400
vt 0.819501 0.153087
vt 0.819528 0.242341
vt 0.819501 0.128176
s 0
usemtl Material.006
f 1321/1155/717 1314/1156/717 1316/1157/717 1322/1158/717
f 1320/1159/718 1323/1160/718 1330/1161/718 1328/1162/718
f 1323/1160/718 1320/1159/718 1318/1163/718 1324/1164/718
f 1324/1165/719 1318/1163/719 1314/1156/719 1321/1155/719
f 1315/1166/720 1319/1167/720 1317/1168/720 1313/1169/720
f 1320/1159/721 1316/1157/721 1314/1156/721 1318/1163/721
f 1317/1168/722 1324/1165/722 1321/1155/722 1313/1169/722
f 1319/1170/718 1323/1160/718 1324/1164/718 1317/1171/718
f 1316/1157/723 1320/1159/723 1328/1162/723 1326/1172/723
f 1313/1169/717 1321/1155/717 1322/1158/717 1315/1173/717
f 1329/1174/724 1326/1175/724 1328/1176/724 1330/1177/724
f 1325/1178/725 1329/1174/725 1330/1177/725 1327/1179/725
f 1344/1180/726 1343/1181/726 1335/1182/726 1336/1183/726
f 1323/1160/718 1319/1170/718 1327/1184/718 1330/1161/718
f 1342/1185/727 1341/1186/727 1339/1187/727 1338/1188/727
f 1322/1158/717 1316/1157/717 1326/1172/717 1329/1189/717
f 1331/1190/728 1332/1191/728 1334/1192/728 1333/1193/728
f 1319/1170/729 1315/1194/729 1332/1191/729 1331/1190/729
f 1327/1184/730 1319/1170/730 1331/1190/730 1333/1193/730
f 1325/1178/731 1327/1179/731 1333/1195/731 1334/1196/731
f 1336/1197/717 1335/1198/717 1337/1199/717 1338/1200/717
f 1336/1197/717 1338/1200/717 1339/1201/717 1340/1202/717
f 1341/1203/732 1345/1204/732 1340/1205/732 1339/1206/732
f 1345/1204/733 1344/1207/733 1336/1208/733 1340/1205/733
f 1346/1209/734 1342/1185/734 1338/1188/734 1337/1210/734
f 1343/1181/735 1346/1211/735 1337/1212/735 1335/1182/735
f 1322/1213/736 1329/1214/736 1346/1211/736 1343/1181/736
f 1329/1174/737 1325/1178/737 1342/1185/737 1346/1209/737
f 1332/1191/733 1315/1194/733 1344/1207/733 1345/1204/733
f 1334/1192/732 1332/1191/732 1345/1204/732 1341/1203/732
f 1325/1178/727 1334/1196/727 1341/1186/727 1342/1185/727
f 1315/1215/726 1322/1213/726 1343/1181/726 1344/1180/726
f 1355/1155/718 1356/1158/718 1350/1157/718 1348/1156/718
f 1354/1159/717 1362/1162/717 1364/1161/717 1357/1160/717
f 1357/1160/717 1358/1164/717 1352/1163/717 1354/1159/717
f 1358/1165/719 1355/1155/719 1348/1156/719 1352/1163/719
f 1349/1166/720 1347/1169/720 1351/1168/720 1353/1167/720
f 1354/1159/721 1352/1163/721 1348/1156/721 1350/1157/721
f 1351/1168/722 1347/1169/722 1355/1155/722 1358/1165/722
f 1353/1170/717 1351/1171/717 1358/1164/717 1357/1160/717
f 1350/1157/723 1360/1172/723 1362/1162/723 1354/1159/723
f 1347/1169/718 1349/1173/718 1356/1158/718 1355/1155/718
f 1363/1174/724 1364/1177/724 1362/1176/724 1360/1175/724
f 1359/1178/725 1361/1179/725 1364/1177/725 1363/1174/725
f 1372/1180/726 1336/1183/726 1335/1182/726 1371/1181/726
f 1357/1160/717 1364/1161/717 1361/1184/717 1353/1170/717
f 1370/1185/727 1338/1188/727 1339/1187/727 1369/1186/727
f 1356/1158/718 1363/1189/718 1360/1172/718 1350/1157/718
f 1365/1190/738 1367/1193/738 1368/1192/738 1366/1191/738
f 1353/1170/739 1365/1190/739 1366/1191/739 1349/1194/739
f 1361/1184/740 1367/1193/740 1365/1190/740 1353/1170/740
f 1359/1178/741 1368/1196/741 1367/1195/741 1361/1179/741
f 1369/1203/732 1339/1206/732 1340/1205/732 1373/1204/732
f 1373/1204/733 1340/1205/733 1336/1208/733 1372/1207/733
f 1374/1209/734 1337/1210/734 1338/1188/734 1370/1185/734
f 1371/1181/735 1335/1182/735 1337/1212/735 1374/1211/735
f 1356/1213/742 1371/1181/742 1374/1211/742 1363/1214/742
f 1363/1174/743 1374/1209/743 1370/1185/743 1359/1178/743
f 1366/1191/733 1373/1204/733 1372/1207/733 1349/1194/733
f 1368/1192/732 1369/1203/732 1373/1204/732 1366/1191/732
f 1359/1178/727 1370/1185/727 1369/1186/727 1368/1196/727
f 1349/1215/726 1372/1180/726 1371/1181/726 1356/1213/726
o Cylinder.004
v 0.221463 1.504289 -0.110766
v 0.364359 1.504289 -0.110766
v 0.221463 1.468565 -0.101194
v 0.364359 1.468565 -0.101194
v 0.221463 1.442413 -0.075042
v 0.364359 1.442413 -0.075042
v 0.221463 1.432841 -0.039319
v 0.364359 1.432841 -0.039319
v 0.221463 1.442413 -0.003595
v 0.364359 1.442413 -0.003595
v 0.221463 1.468565 0.022557
v 0.364359 1.468565 0.022557
v 0.221463 1.504289 0.032129
v 0.364359 1.504289 0.032129
v 0.221463 1.540012 0.022557
v 0.364359 1.540012 0.022557
v 0.221463 1.566164 -0.003595
v 0.364359 1.566164 -0.003595
v 0.221463 1.575736 -0.039319
v 0.364359 1.575736 -0.039319
v 0.221463 1.566164 -0.075042
v 0.364359 1.566164 -0.075042
v 0.221463 1.540012 -0.101194
v 0.364359 1.540012 -0.101194
v -0.221464 1.504289 -0.110766
v -0.364359 1.504289 -0.110766
v -0.221464 1.468565 -0.101194
v -0.364359 1.468565 -0.101194
v -0.221464 1.442413 -0.075042
v -0.364359 1.442413 -0.075042
v -0.221464 1.432841 -0.039319
v -0.364359 1.432841 -0.039319
v -0.221464 1.442413 -0.003595
v -0.364359 1.442413 -0.003595
v -0.221464 1.468565 0.022557
v -0.364359 1.468565 0.022557
v -0.221464 1.504289 0.032129
v -0.364359 1.504289 0.032129
v -0.221464 1.540012 0.022557
v -0.364359 1.540012 0.022557
v -0.221464 1.566164 -0.003595
v -0.364359 1.566164 -0.003595
v -0.221464 1.575736 -0.039319
v -0.364359 1.575736 -0.039319
v -0.221464 1.566164 -0.075042
v -0.364359 1.566164 -0.075042
v -0.221464 1.540012 -0.101194
v -0.364359 1.540012 -0.101194
vn -0.6532 -0.0000 -0.7572
vn 0.6532 -0.0000 -0.7572
vn -0.6532 -0.3786 -0.6557
vn 0.6532 -0.3786 -0.6557
vn -0.6532 -0.6557 -0.3786
vn 0.6532 -0.6557 -0.3786
vn -0.6532 -0.7572 -0.0000
vn 0.6532 -0.7572 -0.0000
vn -0.6532 -0.6557 0.3786
vn 0.6532 -0.6557 0.3786
vn -0.6532 -0.3786 0.6557
vn 0.6532 -0.3786 0.6557
vn -0.6532 -0.0000 0.7572
vn 0.6532 -0.0000 0.7572
vn -0.6532 0.3786 0.6557
vn 0.6532 0.3786 0.6557
vn -0.6532 0.6557 0.3786
vn 0.6532 0.6557 0.3786
vn -0.6532 0.7572 -0.0000
vn 0.6532 0.7572 -0.0000
vn -0.6532 0.6557 -0.3786
vn 0.6532 0.6557 -0.3786
vn -0.6532 0.3786 -0.6557
vn 0.6532 0.3786 -0.6557
vt 0.821696 0.206243
vt 0.855210 0.206243
vt 0.855210 0.214917
vt 0.821696 0.214917
vt 0.855210 0.223591
vt 0.821696 0.223591
vt 0.855210 0.232266
vt 0.821696 0.232266
vt 0.821696 0.128176
vt 0.855210 0.128176
vt 0.855210 0.136850
vt 0.821696 0.136850
vt 0.855210 0.145524
vt 0.821696 0.145524
vt 0.855210 0.154198
vt 0.821696 0.154198
vt 0.855210 0.162872
vt 0.821696 0.162872
vt 0.855210 0.171547
vt 0.821696 0.171547
vt 0.855210 0.180221
vt 0.821696 0.180221
vt 0.855210 0.188895
vt 0.821696 0.188895
vt 0.597023 0.984859
vt 0.589511 0.989196
vt 0.580837 0.989196
vt 0.573325 0.984859
vt 0.568988 0.977347
vt 0.568988 0.968672
vt 0.573325 0.961160
vt 0.580837 0.956823
vt 0.589511 0.956823
vt 0.597023 0.961160
vt 0.601360 0.968673
vt 0.601360 0.977347
vt 0.855210 0.197569
vt 0.821696 0.197569
vt 0.190529 0.964461
vt 0.199203 0.964461
vt 0.206715 0.968798
vt 0.211052 0.976310
vt 0.211052 0.984984
vt 0.206715 0.992496
vt 0.199203 0.996833
vt 0.190529 0.996833
vt 0.183017 0.992496
vt 0.178680 0.984984
vt 0.178680 0.976310
vt 0.183017 0.968798
s 1
usemtl Material.006
f 1375/1216/744 1376/1217/745 1378/1218/747 1377/1219/746
f 1377/1219/746 1378/1218/747 1380/1220/749 1379/1221/748
f 1379/1221/748 1380/1220/749 1382/1222/751 1381/1223/750
f 1381/1224/750 1382/1225/751 1384/1226/753 1383/1227/752
f 1383/1227/752 1384/1226/753 1386/1228/755 1385/1229/754
f 1385/1229/754 1386/1228/755 1388/1230/757 1387/1231/756
f 1387/1231/756 1388/1230/757 1390/1232/759 1389/1233/758
f 1389/1233/758 1390/1232/759 1392/1234/761 1391/1235/760
f 1391/1235/760 1392/1234/761 1394/1236/763 1393/1237/762
f 1393/1237/762 1394/1236/763 1396/1238/765 1395/1239/764
f 1378/1240/747 1376/1241/745 1398/1242/767 1396/1243/765 1394/1244/763 1392/1245/761 1390/1246/759 1388/1247/757 1386/1248/755 1384/1249/753 1382/1250/751 1380/1251/749
f 1395/1239/764 1396/1238/765 1398/1252/767 1397/1253/766
f 1397/1253/766 1398/1252/767 1376/1217/745 1375/1216/744
f 1375/1254/744 1377/1255/746 1379/1256/748 1381/1257/750 1383/1258/752 1385/1259/754 1387/1260/756 1389/1261/758 1391/1262/760 1393/1263/762 1395/1264/764 1397/1265/766
f 1399/1216/745 1401/1219/747 1402/1218/746 1400/1217/744
f 1401/1219/747 1403/1221/749 1404/1220/748 1402/1218/746
f 1403/1221/749 1405/1223/751 1406/1222/750 1404/1220/748
f 1405/1224/751 1407/1227/753 1408/1226/752 1406/1225/750
f 1407/1227/753 1409/1229/755 1410/1228/754 1408/1226/752
f 1409/1229/755 1411/1231/757 1412/1230/756 1410/1228/754
f 1411/1231/757 1413/1233/759 1414/1232/758 1412/1230/756
f 1413/1233/759 1415/1235/761 1416/1234/760 1414/1232/758
f 1415/1235/761 1417/1237/763 1418/1236/762 1416/1234/760
f 1417/1237/763 1419/1239/765 1420/1238/764 1418/1236/762
f 1402/1240/746 1404/1251/748 1406/1250/750 1408/1249/752 1410/1248/754 1412/1247/756 1414/1246/758 1416/1245/760 1418/1244/762 1420/1243/764 1422/1242/766 1400/1241/744
f 1419/1239/765 1421/1253/767 1422/1252/766 1420/1238/764
f 1421/1253/767 1399/1216/745 1400/1217/744 1422/1252/766
f 1399/1254/745 1421/1265/767 1419/1264/765 1417/1263/763 1415/1262/761 1413/1261/759 1411/1260/757 1409/1259/755 1407/1258/753 1405/1257/751 1403/1256/749 1401/1255/747
o Cube.034
v -0.125874 1.172523 0.190527
v -0.125874 1.424270 0.211033
v -0.125874 1.172523 -0.033772
v -0.125874 1.424270 -0.033772
v 0.125873 1.172523 0.190527
v 0.125873 1.424270 0.211033
v 0.125873 1.172523 -0.033772
v 0.125873 1.424270 -0.033772
v -0.000000 1.172523 -0.087823
v -0.000000 1.424270 -0.087823
v -0.000000 1.172523 0.254776
v -0.000000 1.424270 0.275282
v 0.062937 1.424270 -0.087823
v 0.062937 1.172523 0.237601
v 0.062937 1.172523 -0.087823
v 0.062937 1.424270 0.258107
v -0.062937 1.172523 -0.087823
v -0.062937 1.424270 0.258107
v -0.062937 1.424270 -0.087823
v -0.062937 1.172523 0.237601
vn -1.0000 -0.0000 -0.0000
vn 0.6515 -0.0000 -0.7586
vn 1.0000 -0.0000 -0.0000
vn -0.4415 -0.0728 0.8943
vn -0.4339 -0.0731 0.8980
vn -0.5977 -0.0651 0.7991
vn -0.0000 -1.0000 -0.0000
vn -0.0000 1.0000 -0.0000
vn 0.4415 -0.0728 0.8943
vn 0.4339 -0.0731 0.8980
vn 0.2625 -0.0783 0.9618
vn -0.0000 -0.0000 -1.0000
vn 0.5977 -0.0651 0.7991
vn -0.6515 -0.0000 -0.7586
vn -0.2625 -0.0783 0.9618
vt 0.224850 0.172264
vt 0.218325 0.150383
vt 0.268131 0.044863
vt 0.268131 0.231357
vt 0.857377 0.190818
vt 0.932892 0.190818
vt 0.932892 0.215704
vt 0.857377 0.215704
vt 0.167851 0.244406
vt 0.120125 0.064122
vt 0.195276 0.153383
vt 0.194568 0.176204
vt 0.215951 0.172434
vt 0.212154 0.151846
vt 0.193609 0.271451
vt 0.203214 0.174092
vt 0.230611 0.003124
vt 0.145713 0.014171
vt 0.187178 0.001084
vt 0.206941 0.152962
vt 0.201616 0.153217
vt 0.250152 0.264094
vt 0.222443 0.272093
vt 0.209508 0.172693
vt 0.857377 0.153061
vt 0.932892 0.153061
vt 0.932892 0.171940
vt 0.857377 0.171940
vt 0.857377 0.128176
vt 0.932892 0.128176
s 1
usemtl Material.006
f 1423/1266/768 1424/1267/768 1426/1268/768 1425/1269/768
f 1437/1270/769 1435/1271/769 1430/1272/769 1429/1273/769
f 1429/1274/770 1430/1275/770 1428/1276/770 1427/1277/770
f 1442/1278/771 1440/1279/772 1424/1267/773 1423/1266/773
f 1437/1280/774 1429/1274/774 1427/1277/774 1436/1281/774
f 1441/1282/775 1426/1268/775 1424/1267/775 1440/1279/775
f 1435/1283/775 1432/1284/775 1434/1285/775 1438/1286/775
f 1439/1287/774 1431/1288/774 1433/1289/774 1442/1278/774
f 1436/1281/776 1438/1286/777 1434/1285/778 1433/1289/778
f 1439/1290/779 1441/1291/779 1432/1292/779 1431/1293/779
f 1427/1277/780 1428/1276/780 1438/1286/777 1436/1281/776
f 1430/1275/775 1435/1283/775 1438/1286/775 1428/1276/775
f 1431/1288/774 1437/1280/774 1436/1281/774 1433/1289/774
f 1431/1293/779 1432/1292/779 1435/1271/779 1437/1270/779
f 1425/1294/781 1426/1295/781 1441/1291/781 1439/1290/781
f 1425/1269/774 1439/1287/774 1442/1278/774 1423/1266/774
f 1432/1284/775 1441/1282/775 1440/1279/775 1434/1285/775
f 1433/1289/782 1434/1285/782 1440/1279/772 1442/1278/771
o Cube.035
v -0.000000 1.618970 -0.167354
v 0.151734 1.400530 -0.137861
v 0.126565 1.401264 -0.165837
v -0.000000 1.384723 0.317000
v -0.000000 1.401264 -0.165837
v 0.147170 1.618970 -0.167354
v 0.172339 1.616976 -0.138798
v 0.151734 1.385427 0.245297
v 0.126542 1.384723 0.317000
v -0.000000 1.429754 -0.166528
v 0.129261 1.429754 -0.166528
v -0.000000 1.409503 0.317693
v 0.154431 1.410366 0.247578
v 0.154431 1.428854 -0.139985
v 0.129238 1.409503 0.317693
v 0.013103 1.274212 -0.093610
v -0.000000 1.286468 -0.112416
v 0.013103 1.274212 0.244773
v -0.000000 1.286450 0.264424
v 0.108624 1.274212 0.244773
v 0.115847 1.286437 0.264417
v 0.126607 1.274212 0.180827
v 0.141034 1.286463 0.192354
v 0.126607 1.274212 -0.074003
v 0.140878 1.286486 -0.084787
v 0.108751 1.274212 -0.093610
v 0.115700 1.286469 -0.112417
v -0.000000 1.576672 0.384542
v -0.000000 1.543854 0.399828
v 0.169053 1.545609 0.328960
v 0.172339 1.584405 0.247505
v 0.123218 1.574995 0.384455
v 0.143851 1.540015 0.394383
v -0.151735 1.400530 -0.137861
v -0.126565 1.401264 -0.165837
v -0.147170 1.618970 -0.167354
v -0.172339 1.616976 -0.138798
v -0.151735 1.385427 0.245297
v -0.126542 1.384723 0.317000
v -0.129262 1.429754 -0.166528
v -0.154431 1.410366 0.247578
v -0.154431 1.428854 -0.139985
v -0.129239 1.409503 0.317693
v -0.013103 1.274212 -0.093610
v -0.013103 1.274212 0.244773
v -0.108625 1.274212 0.244773
v -0.115848 1.286437 0.264417
v -0.126607 1.274212 0.180827
v -0.141034 1.286463 0.192354
v -0.126607 1.274212 -0.074003
v -0.140878 1.286486 -0.084787
v -0.108751 1.274212 -0.093610
v -0.115701 1.286469 -0.112417
v -0.169054 1.545609 0.328960
v -0.172339 1.584405 0.247505
v -0.123219 1.574995 0.384455
v -0.143852 1.540015 0.394383
vn 0.7293 -0.1027 -0.6765
vn 0.9358 -0.1213 0.3311
vn -0.0000 -0.0279 0.9996
vn -0.0000 -0.0044 -1.0000
vn -0.0000 -0.0242 -0.9997
vn 0.9949 -0.1007 -0.0044
vn 0.7347 -0.0691 -0.6749
vn -1.0000 -0.0000 -0.0000
vn -0.6828 -0.7306 -0.0000
vn 0.4195 -0.8235 -0.3819
vn 0.6018 -0.7755 0.1909
vn -0.0000 -0.8489 0.5285
vn 0.6497 -0.7602 -0.0002
vn -0.0000 -0.8378 -0.5460
vn -0.0000 -0.4219 -0.9066
vn -0.0000 -1.0000 -0.0000
vn -0.0000 -0.4717 0.8817
vn 0.9095 -0.2684 0.3174
vn 0.9949 -0.1007 -0.0025
vn 0.6898 -0.3583 -0.6292
vn 0.7545 0.5733 0.3196
vn 0.0267 0.3556 0.9343
vn 0.0087 0.9969 0.0788
vn 0.0099 -0.5147 0.8573
vn 0.9014 -0.2903 0.3213
vn 0.9951 -0.0988 -0.0067
vn -0.7293 -0.1027 -0.6765
vn -0.9358 -0.1213 0.3311
vn -0.9949 -0.1007 -0.0044
vn -0.7347 -0.0691 -0.6749
vn 0.6828 -0.7306 -0.0000
vn -0.4195 -0.8235 -0.3819
vn -0.6018 -0.7755 0.1909
vn -0.6497 -0.7602 -0.0002
vn -0.9095 -0.2684 0.3174
vn -0.9949 -0.1007 -0.0025
vn -0.6898 -0.3583 -0.6292
vn -0.7545 0.5733 0.3196
vn -0.0267 0.3556 0.9343
vn -0.0087 0.9969 0.0788
vn -0.0099 -0.5147 0.8573
vn -0.9014 -0.2903 0.3213
vn -0.9951 -0.0988 -0.0067
vt 0.045708 0.051951
vt 0.050149 0.058760
vt 0.045026 0.061986
vt 0.040632 0.055550
vt 0.079331 0.134181
vt 0.082826 0.149180
vt 0.078149 0.149750
vt 0.074122 0.135578
vt 0.078766 0.175021
vt 0.073937 0.172869
vt 0.024553 0.030968
vt 0.060127 0.001084
vt 0.082661 0.029636
vt 0.019676 0.036007
vt 0.087231 0.037279
vt 0.013512 0.249488
vt 0.017606 0.253102
vt 0.050106 0.167825
vt 0.054654 0.168855
vt 0.001084 0.221464
vt 0.001236 0.216185
vt 0.020530 0.078655
vt 0.023654 0.074560
vt 0.027801 0.080505
vt 0.024549 0.083444
vt 0.045936 0.134936
vt 0.050741 0.134941
vt 0.057338 0.148469
vt 0.052752 0.148094
vt 0.001097 0.067804
vt 0.001084 0.061488
vt 0.815107 0.843926
vt 0.834953 0.843926
vt 0.834953 0.914227
vt 0.815081 0.914227
vt 0.811372 0.910153
vt 0.811372 0.857211
vt 0.117957 0.155802
vt 0.109888 0.153653
vt 0.109907 0.142234
vt 0.117184 0.124011
vt 0.111498 0.180656
vt 0.106183 0.175647
vt 0.250784 0.782744
vt 0.220209 0.782742
vt 0.220209 0.667746
vt 0.245811 0.667738
vt 0.256018 0.696256
vt 0.256014 0.776798
vt 0.047316 0.277211
s 0
usemtl Material.006
f 1453/1296/783 1456/1297/783 1444/1298/783 1445/1299/783
f 1455/1300/784 1457/1301/784 1451/1302/784 1450/1303/784
f 1457/1301/785 1454/1304/785 1446/1305/785 1451/1302/785
f 1453/1296/786 1452/1306/786 1443/1307/786 1448/1308/786
f 1445/1299/787 1447/1309/787 1452/1306/787 1453/1296/787
f 1444/1298/788 1456/1297/788 1455/1300/788 1450/1303/788
f 1448/1308/789 1449/1310/789 1456/1297/789 1453/1296/789
f 1447/1311/790 1446/1305/790 1454/1304/790 1452/1312/790
f 1460/1313/791 1461/1314/791 1459/1315/791 1458/1316/791
f 1468/1317/792 1469/1318/792 1467/1319/792 1466/1320/792
f 1464/1321/793 1465/1322/793 1463/1323/793 1462/1324/793
f 1462/1324/794 1463/1323/794 1461/1314/794 1460/1313/794
f 1465/1322/795 1464/1321/795 1466/1320/795 1467/1319/795
f 1469/1318/796 1468/1317/796 1458/1325/796 1459/1326/796
f 1459/1315/790 1461/1314/790 1446/1305/790 1447/1311/790
f 1469/1318/797 1459/1326/797 1447/1309/797 1445/1299/797
f 1462/1327/798 1460/1328/798 1458/1329/798 1468/1330/798 1466/1331/798 1464/1332/798
f 1451/1302/799 1446/1305/799 1461/1314/799 1463/1323/799
f 1450/1303/800 1451/1302/800 1463/1323/800 1465/1322/800
f 1467/1319/801 1444/1298/801 1450/1303/801 1465/1322/801
f 1445/1299/802 1444/1298/802 1467/1319/802 1469/1318/802
f 1474/1333/803 1475/1334/803 1472/1335/803 1473/1336/803
f 1470/1337/804 1471/1338/804 1475/1334/804 1474/1333/804
f 1448/1339/805 1443/1340/805 1470/1341/805 1474/1342/805 1473/1343/805 1449/1344/805
f 1475/1334/806 1471/1338/806 1454/1304/806 1457/1301/806
f 1452/1312/790 1454/1304/790 1471/1338/790 1470/1337/790 1443/1345/790
f 1472/1335/807 1475/1334/807 1457/1301/807 1455/1300/807
f 1456/1297/808 1449/1310/808 1473/1336/808 1472/1335/808 1455/1300/808
f 1482/1296/809 1477/1299/809 1476/1298/809 1484/1297/809
f 1483/1300/810 1480/1303/810 1481/1302/810 1485/1301/810
f 1485/1301/785 1481/1302/785 1446/1305/785 1454/1304/785
f 1482/1296/786 1478/1308/786 1443/1307/786 1452/1306/786
f 1477/1299/787 1482/1296/787 1452/1306/787 1447/1309/787
f 1476/1298/811 1480/1303/811 1483/1300/811 1484/1297/811
f 1478/1308/812 1482/1296/812 1484/1297/812 1479/1310/812
f 1487/1313/813 1486/1316/813 1459/1315/813 1461/1314/813
f 1494/1317/814 1492/1320/814 1493/1319/814 1495/1318/814
f 1490/1321/815 1488/1324/815 1489/1323/815 1491/1322/815
f 1488/1324/794 1487/1313/794 1461/1314/794 1489/1323/794
f 1491/1322/816 1493/1319/816 1492/1320/816 1490/1321/816
f 1495/1318/796 1459/1326/796 1486/1325/796 1494/1317/796
f 1495/1318/797 1477/1299/797 1447/1309/797 1459/1326/797
f 1488/1327/798 1490/1332/798 1492/1331/798 1494/1330/798 1486/1329/798 1487/1328/798
f 1481/1302/799 1489/1323/799 1461/1314/799 1446/1305/799
f 1480/1303/817 1491/1322/817 1489/1323/817 1481/1302/817
f 1493/1319/818 1491/1322/818 1480/1303/818 1476/1298/818
f 1477/1299/819 1495/1318/819 1493/1319/819 1476/1298/819
f 1498/1333/820 1497/1336/820 1496/1335/820 1499/1334/820
f 1470/1337/821 1498/1333/821 1499/1334/821 1471/1338/821
f 1478/1339/822 1479/1344/822 1497/1343/822 1498/1342/822 1470/1341/822 1443/1340/822
f 1499/1334/823 1485/1301/823 1454/1304/823 1471/1338/823
f 1496/1335/824 1483/1300/824 1485/1301/824 1499/1334/824
f 1484/1297/825 1483/1300/825 1496/1335/825 1497/1336/825 1479/1310/825
o Cube.036
v -0.126615 1.307905 -0.036616
v -0.126615 1.537650 0.069885
v -0.156650 1.414407 -0.266361
v -0.156650 1.644152 -0.159860
v 0.126615 1.307905 -0.036616
v 0.126615 1.537650 0.069885
v 0.156649 1.414407 -0.266361
v 0.156649 1.644152 -0.159860
v -0.156650 1.680657 -0.234877
v -0.156650 1.427174 -0.293902
v 0.156649 1.427174 -0.293902
v 0.156649 1.680657 -0.234877
v -0.167645 1.652048 -0.156017
v -0.167580 1.406391 -0.270076
v 0.167580 1.406391 -0.270076
v 0.167644 1.652048 -0.156017
v -0.166788 1.686118 -0.224556
v -0.168175 1.418568 -0.295128
v 0.168175 1.418568 -0.295128
v 0.166787 1.686118 -0.224556
v -0.126615 1.336133 -0.023530
v -0.126615 1.511883 0.057941
v -0.156650 1.618385 -0.171804
v -0.156650 1.442635 -0.253275
v 0.156649 1.618385 -0.171804
v 0.156649 1.442635 -0.253275
v 0.126615 1.511883 0.057941
v 0.126615 1.336133 -0.023530
v -0.156650 1.652228 -0.241497
v -0.156650 1.458318 -0.286650
v 0.156649 1.652228 -0.241497
v 0.156649 1.458318 -0.286650
v -0.167638 1.624497 -0.168809
v -0.167588 1.436574 -0.256062
v 0.167637 1.624497 -0.168809
v 0.167587 1.436574 -0.256062
v -0.166943 1.656112 -0.232471
v -0.168005 1.451441 -0.286457
v 0.166943 1.656112 -0.232471
v 0.168004 1.451441 -0.286457
v 0.120927 1.414407 -0.266361
v -0.120928 1.414407 -0.266361
v -0.120928 1.644152 -0.159860
v 0.120927 1.644152 -0.159860
v -0.097742 1.307905 -0.036616
v 0.097742 1.307905 -0.036616
v 0.097742 1.537650 0.069885
v -0.097742 1.537650 0.069885
v 0.120927 1.427174 -0.293902
v -0.120928 1.427174 -0.293902
v -0.120928 1.680657 -0.234877
v 0.120927 1.680657 -0.234877
v 0.129365 1.406391 -0.270076
v -0.129365 1.406391 -0.270076
v -0.129415 1.652048 -0.156017
v 0.129415 1.652048 -0.156017
v 0.129824 1.418568 -0.295128
v -0.129825 1.418568 -0.295128
v -0.128754 1.686118 -0.224556
v 0.128753 1.686118 -0.224556
v -0.120928 1.458318 -0.286650
v 0.120927 1.458318 -0.286650
v -0.120928 1.652228 -0.241497
v 0.120927 1.652228 -0.241497
v 0.097742 1.336133 -0.023530
v -0.097742 1.336133 -0.023530
v 0.097742 1.511883 0.057941
v -0.097742 1.511883 0.057941
v 0.120927 1.421665 -0.262996
v -0.120928 1.421665 -0.262996
v -0.097742 1.315163 -0.033251
v 0.097742 1.315163 -0.033251
v 0.146752 1.442635 -0.253275
v 0.146752 1.618385 -0.171804
v 0.118615 1.511883 0.057941
v 0.118615 1.336133 -0.023530
v -0.118615 1.511883 0.057941
v -0.118615 1.336133 -0.023530
v -0.146752 1.618385 -0.171804
v -0.146752 1.442635 -0.253275
v 0.120927 1.636894 -0.163224
v -0.120928 1.636894 -0.163224
v 0.097742 1.530392 0.066521
v -0.097742 1.530392 0.066521
v -0.120928 1.444152 -0.225813
v 0.120927 1.444152 -0.225813
v -0.120928 1.638062 -0.180661
v 0.120927 1.638062 -0.180661
vn -0.9930 -0.0495 0.1069
vn -0.1189 0.2400 -0.9635
vn 0.9930 -0.0495 0.1069
vn -0.0000 -0.4206 0.9073
vn -0.0000 -0.9073 -0.4206
vn -0.0000 0.9073 0.4206
vn -0.0000 0.2268 -0.9739
vn 0.0140 -0.4208 0.9070
vn -0.0000 0.8839 -0.4677
vn -0.0000 -0.4376 0.8992
vn -0.0000 0.8955 0.4451
vn -0.9999 0.0058 -0.0089
vn 0.9999 -0.0034 0.0166
vn -0.0000 -0.8994 -0.4372
vn -0.0012 -0.4209 0.9071
vn 0.6281 0.1894 -0.7548
vn -0.0000 0.1410 -0.9900
vn 0.1189 0.2400 -0.9635
vn 0.4078 0.2214 -0.8858
vn -0.0140 -0.4208 0.9070
vn -0.0076 -0.4208 0.9071
vn 0.9999 0.0058 -0.0089
vn 1.0000 0.0031 -0.0014
vn -0.9999 -0.0034 0.0166
vn -1.0000 0.0031 -0.0014
vn 0.0012 -0.4209 0.9071
vn 0.0076 -0.4208 0.9071
vn -0.9958 0.0383 -0.0827
vn -0.6281 0.1894 -0.7548
vn -0.4078 0.2214 -0.8858
vn -1.0000 -0.0000 -0.0000
vn 0.9958 0.0383 -0.0827
vn 0.9939 -0.0464 0.1002
vn -0.9939 -0.0464 0.1002
vn -0.0000 -0.9739 -0.2268
vn -0.0000 0.9739 0.2268
vn 1.0000 -0.0000 -0.0000
vt 0.130469 0.605689
vt 0.132056 0.600488
vt 0.187707 0.601470
vt 0.186524 0.609962
vt 0.098792 0.518916
vt 0.089967 0.521345
vt 0.088114 0.519401
vt 0.095478 0.515901
vt 0.196571 0.499159
vt 0.197746 0.508346
vt 0.138974 0.503343
vt 0.138111 0.498468
vt 0.120190 0.600412
vt 0.126752 0.593933
vt 0.130369 0.595378
vt 0.126819 0.607125
vt 0.060329 0.599779
vt 0.061287 0.609482
vt 0.011277 0.603687
vt 0.010274 0.599036
vt 0.185175 0.590779
vt 0.227678 0.522843
vt 0.218378 0.523762
vt 0.217038 0.514903
vt 0.225412 0.509957
vt 0.190987 0.601966
vt 0.189252 0.608095
vt 0.208962 0.592790
vt 0.204861 0.599584
vt 0.202413 0.599674
vt 0.205430 0.593607
vt 0.193203 0.519175
vt 0.201427 0.508259
vt 0.196076 0.517602
vt 0.214221 0.513650
vt 0.215154 0.521664
vt 0.204449 0.605176
vt 0.062043 0.616534
vt 0.063975 0.610140
vt 0.067374 0.610955
vt 0.070695 0.615930
vt 0.079182 0.525754
vt 0.084282 0.518573
vt 0.087215 0.527942
vt 0.059239 0.617989
vt 0.220409 0.506606
vt 0.076183 0.527041
vt 0.081318 0.518037
vt 0.073373 0.602393
vt 0.069573 0.610305
vt 0.070336 0.603836
vt 0.074069 0.615931
vt 0.093846 0.669401
vt 0.090925 0.672228
vt 0.199796 0.500529
vt 0.065854 0.672835
vt 0.069202 0.674386
vt 0.085110 0.510593
vt 0.205194 0.665570
vt 0.214934 0.662661
vt 0.082462 0.508649
vt 0.201593 0.664542
vt 0.083285 0.607824
vt 0.103689 0.665966
vt 0.026680 0.507569
vt 0.022906 0.508020
vt 0.019258 0.499473
vt 0.026978 0.496178
vt 0.029550 0.498347
vt 0.029529 0.503366
vt 0.136737 0.508333
vt 0.192722 0.521623
vt 0.132907 0.509436
vt 0.009528 0.608036
vt 0.058421 0.620457
vt 0.006540 0.609006
vt 0.208084 0.605335
vt 0.217788 0.660264
vt 0.185957 0.612790
vt 0.082655 0.505891
vt 0.608792 0.938500
vt 0.661179 0.938500
vt 0.661179 0.991366
vt 0.608792 0.991366
vt 0.001084 0.603460
vt 0.007225 0.597418
vt 0.134846 0.496656
vt 0.196241 0.496178
vt 0.217918 0.598018
vt 0.228137 0.658615
vt 0.103530 0.607354
vt 0.118023 0.661583
vt 0.099298 0.531107
vt 0.089294 0.530776
vt 0.062490 0.602132
vt 0.057923 0.599254
vt 0.073777 0.526517
vt 0.187600 0.592830
vt 0.182807 0.590514
vt 0.190835 0.518910
vt 0.075532 0.528697
vt 0.127466 0.502223
vt 0.178680 0.887561
vt 0.244086 0.887561
vt 0.237815 0.956043
vt 0.184950 0.956043
vt 0.060352 0.597608
vt 0.966666 0.798064
vt 0.914279 0.798064
vt 0.914279 0.729161
vt 0.966666 0.729161
vt 0.237815 0.962294
vt 0.184950 0.962294
vt 0.063052 0.673173
vt 0.056437 0.618327
vt 0.504728 0.961664
vt 0.452341 0.961664
vt 0.452341 0.892761
vt 0.504728 0.892761
vt 0.914279 0.723516
vt 0.966666 0.723516
vt 0.198804 0.665312
vt 0.183735 0.610732
vt 0.504728 0.967309
vt 0.452341 0.967309
vt 0.176513 0.966628
vt 0.111107 0.966628
vt 0.117377 0.898147
vt 0.170243 0.898147
vt 0.184967 0.588403
vt 0.170243 0.892630
vt 0.117377 0.892630
vt 0.001084 0.899558
vt 0.054926 0.899558
vt 0.054926 0.964963
vt 0.001084 0.964963
vt 0.246375 0.525211
vt 0.237203 0.597606
vt 0.118023 0.534850
vt 0.246375 0.655738
s 0
usemtl Material.006
f 1521/1346/826 1501/1347/826 1503/1348/826 1522/1349/826
f 1529/1350/827 1509/1351/827 1517/1352/827 1537/1353/827
f 1524/1354/828 1507/1355/828 1505/1356/828 1526/1357/828
f 1567/1358/829 1583/1359/829 1547/1360/829 1501/1347/829 1521/1346/829 1576/1361/829
f 1540/1362/830 1506/1363/830 1504/1364/830 1545/1365/830
f 1542/1366/831 1503/1348/831 1501/1347/831 1547/1360/831
f 1563/1367/832 1551/1368/832 1511/1369/832 1530/1370/832
f 1522/1349/833 1503/1348/833 1512/1371/833 1532/1372/833
f 1550/1373/834 1508/1374/834 1516/1375/834 1558/1376/834
f 1543/1377/835 1507/1355/835 1515/1378/835 1555/1379/835
f 1555/1379/836 1515/1378/836 1519/1380/836 1559/1381/836
f 1532/1372/837 1512/1371/837 1516/1375/837 1536/1382/837
f 1535/1383/838 1514/1384/838 1518/1385/838 1539/1386/838
f 1553/1387/839 1513/1388/839 1517/1352/839 1557/1389/839
f 1525/1390/840 1506/1363/840 1514/1384/840 1535/1383/840
f 1530/1370/841 1511/1369/841 1519/1380/841 1538/1391/841
f 1541/1392/829 1502/1393/829 1513/1388/829 1553/1387/829
f 1548/1394/842 1510/1395/842 1518/1385/842 1556/1396/842
f 1510/1395/843 1531/1397/843 1539/1386/843 1518/1385/843
f 1531/1397/844 1530/1398/844 1538/1399/844 1539/1386/844
f 1507/1355/845 1524/1354/845 1534/1400/845 1515/1378/845
f 1524/1401/846 1525/1390/846 1535/1383/846 1534/1402/846
f 1515/1378/847 1534/1400/847 1538/1391/847 1519/1380/847
f 1534/1402/848 1535/1383/848 1539/1386/848 1538/1399/848
f 1513/1388/849 1533/1403/849 1537/1353/849 1517/1352/849
f 1533/1404/850 1532/1372/850 1536/1382/850 1537/1405/850
f 1502/1393/851 1523/1406/851 1533/1403/851 1513/1388/851
f 1523/1407/852 1522/1349/852 1532/1372/852 1533/1404/852
f 1548/1394/832 1561/1408/832 1531/1397/832 1510/1395/832
f 1561/1408/832 1563/1409/832 1530/1398/832 1531/1397/832
f 1544/1410/829 1570/1411/829 1565/1412/829 1577/1413/829 1520/1414/829 1500/1415/829
f 1546/1416/853 1543/1377/853 1580/1417/853 1582/1418/853
f 1506/1363/828 1525/1390/828 1527/1419/828 1504/1364/828
f 1527/1419/831 1525/1390/831 1572/1420/831 1575/1421/831
f 1508/1374/854 1528/1422/854 1536/1382/854 1516/1375/854
f 1528/1422/855 1529/1423/855 1537/1405/855 1536/1382/855
f 1500/1415/826 1520/1414/826 1523/1406/826 1502/1393/826
f 1521/1346/830 1522/1349/830 1578/1424/830 1576/1361/830
f 1523/1406/831 1520/1414/831 1577/1413/831 1579/1425/831
f 1564/1426/829 1566/1427/829 1567/1428/829 1565/1429/829
f 1504/1364/829 1527/1419/829 1575/1421/829 1564/1430/829 1571/1431/829 1545/1365/829
f 1524/1354/830 1526/1357/830 1574/1432/830 1573/1433/830
f 1529/1423/832 1528/1422/832 1562/1434/832 1560/1435/832
f 1563/1409/856 1561/1408/856 1585/1436/856 1587/1437/856
f 1509/1351/832 1529/1350/832 1560/1438/832 1549/1439/832
f 1549/1439/832 1560/1438/832 1561/1408/832 1548/1394/832
f 1509/1351/842 1549/1439/842 1557/1389/842 1517/1352/842
f 1549/1439/842 1548/1394/842 1556/1396/842 1557/1389/842
f 1506/1363/829 1540/1362/829 1552/1440/829 1514/1384/829
f 1541/1392/829 1553/1387/829 1552/1440/829 1540/1362/829 1568/1441/829 1569/1442/829
f 1514/1384/839 1552/1440/839 1556/1396/839 1518/1385/839
f 1552/1440/839 1553/1387/839 1557/1389/839 1556/1396/839
f 1512/1371/836 1554/1443/836 1558/1376/836 1516/1375/836
f 1554/1443/836 1555/1379/836 1559/1381/836 1558/1376/836
f 1503/1348/835 1542/1366/835 1554/1443/835 1512/1371/835
f 1542/1366/835 1543/1377/835 1555/1379/835 1554/1443/835
f 1511/1369/834 1551/1368/834 1559/1381/834 1519/1380/834
f 1551/1368/834 1550/1373/834 1558/1376/834 1559/1381/834
f 1528/1422/832 1508/1374/832 1550/1373/832 1562/1434/832
f 1562/1434/832 1550/1373/832 1551/1368/832 1563/1367/832
f 1507/1355/831 1543/1377/831 1546/1416/831 1505/1356/831
f 1543/1377/829 1542/1366/829 1581/1444/829 1580/1445/829
f 1502/1393/830 1541/1392/830 1544/1410/830 1500/1415/830
f 1544/1410/857 1541/1392/857 1569/1446/857 1570/1411/857
f 1526/1357/829 1505/1356/829 1546/1416/829 1582/1418/829 1566/1447/829 1574/1432/829
f 1569/1448/830 1568/1449/830 1571/1450/830 1570/1451/830
f 1540/1362/853 1545/1365/853 1571/1431/853 1568/1452/853
f 1572/1453/858 1573/1454/858 1574/1455/858 1575/1456/858
f 1571/1450/829 1564/1457/829 1565/1458/829 1570/1451/829
f 1525/1390/829 1524/1401/829 1573/1459/829 1572/1460/829
f 1577/1461/859 1576/1462/859 1578/1463/859 1579/1464/859
f 1574/1455/829 1566/1465/829 1564/1466/829 1575/1456/829
f 1522/1349/829 1523/1407/829 1579/1467/829 1578/1468/829
f 1565/1469/829 1567/1470/829 1576/1462/829 1577/1461/829
f 1580/1471/831 1581/1472/831 1583/1473/831 1582/1474/831
f 1542/1366/857 1547/1360/857 1583/1359/857 1581/1475/857
f 1566/1476/829 1582/1474/829 1583/1473/829 1567/1477/829
f 1584/1478/832 1586/1479/832 1587/1480/832 1585/1481/832
f 1562/1434/860 1563/1367/860 1587/1482/860 1586/1483/860
f 1561/1408/861 1560/1438/861 1584/1484/861 1585/1436/861
f 1560/1435/862 1562/1434/862 1586/1483/862 1584/1485/862
o Cube.008
v 0.265481 0.254859 0.038047
v 0.202148 0.551739 0.166367
v 0.250878 0.276009 -0.075351
v 0.101341 0.745607 -0.055313
v 0.314072 0.258325 0.038047
v 0.291852 0.556117 0.166367
v 0.324284 0.280939 -0.075351
v 0.297436 0.753667 -0.055313
v 0.222749 0.502177 0.156808
v 0.190878 0.511697 -0.085897
v 0.305482 0.516873 -0.089819
v 0.293216 0.506078 0.154439
v 0.207866 0.527888 0.161587
v 0.129149 0.608561 -0.114507
v 0.303282 0.615179 -0.116469
v 0.294136 0.531640 0.160403
v 0.259512 0.258109 0.017415
v 0.186862 0.593710 0.118375
v 0.317417 0.261892 0.017415
v 0.289778 0.598885 0.118375
v 0.299011 0.505139 0.107857
v 0.216899 0.500962 0.110562
v 0.296096 0.549726 0.100462
v 0.196692 0.545354 0.101814
v 0.108215 0.727335 -0.034420
v 0.332752 0.268345 -0.019918
v 0.175432 0.490683 -0.048731
v 0.143644 0.587866 -0.043681
v 0.244566 0.263988 -0.019918
v 0.297980 0.735048 -0.034420
v 0.313817 0.495359 -0.052045
v 0.309678 0.593749 -0.045443
v 0.192716 0.502153 -0.085916
v 0.306261 0.507319 -0.089673
v 0.294094 0.495648 0.149539
v 0.224548 0.491765 0.151808
v 0.218693 0.490738 0.106641
v 0.299786 0.494898 0.104049
v 0.314614 0.485462 -0.053876
v 0.177780 0.480799 -0.050701
v 0.228378 0.494175 0.148108
v 0.225744 0.504741 0.152491
v 0.289905 0.507899 0.149979
v 0.293228 0.504977 0.107023
v 0.194508 0.512914 -0.082536
v 0.302213 0.516561 -0.085729
v 0.180880 0.492234 -0.050175
v 0.308034 0.495054 -0.052840
v 0.222439 0.502405 0.109379
v 0.195953 0.503243 -0.081919
v 0.302868 0.506992 -0.085751
v 0.289595 0.496917 0.146029
v 0.224160 0.492249 0.105228
v 0.294013 0.494736 0.103142
v 0.308824 0.485113 -0.054601
v 0.183254 0.482332 -0.052061
v -0.265482 0.254859 0.038047
v -0.202148 0.551739 0.166367
v -0.250878 0.276009 -0.075351
v -0.101342 0.745607 -0.055313
v -0.314073 0.258325 0.038047
v -0.291852 0.556117 0.166367
v -0.324284 0.280939 -0.075351
v -0.297437 0.753667 -0.055313
v -0.222749 0.502177 0.156808
v -0.190878 0.511697 -0.085897
v -0.305483 0.516873 -0.089819
v -0.293217 0.506078 0.154439
v -0.207866 0.527888 0.161587
v -0.129150 0.608561 -0.114507
v -0.303283 0.615179 -0.116469
v -0.294137 0.531640 0.160403
v -0.259512 0.258109 0.017415
v -0.186863 0.593710 0.118375
v -0.317418 0.261892 0.017415
v -0.289779 0.598885 0.118375
v -0.299012 0.505139 0.107857
v -0.216899 0.500962 0.110562
v -0.296097 0.549726 0.100462
v -0.196693 0.545354 0.101814
v -0.108216 0.727335 -0.034420
v -0.332753 0.268345 -0.019918
v -0.175432 0.490683 -0.048731
v -0.143645 0.587866 -0.043681
v -0.244567 0.263988 -0.019918
v -0.297981 0.735048 -0.034420
v -0.313817 0.495359 -0.052045
v -0.309679 0.593749 -0.045443
v -0.192716 0.502153 -0.085916
v -0.306261 0.507319 -0.089673
v -0.294095 0.495648 0.149539
v -0.224548 0.491765 0.151808
v -0.218693 0.490738 0.106641
v -0.299786 0.494898 0.104049
v -0.314615 0.485462 -0.053876
v -0.177781 0.480799 -0.050701
v -0.228379 0.494175 0.148108
v -0.225744 0.504741 0.152491
v -0.289905 0.507899 0.149979
v -0.293228 0.504977 0.107023
v -0.194509 0.512914 -0.082536
v -0.302213 0.516561 -0.085729
v -0.180880 0.492234 -0.050175
v -0.308034 0.495054 -0.052840
v -0.222439 0.502405 0.109379
v -0.195954 0.503243 -0.081919
v -0.302868 0.506992 -0.085751
v -0.289595 0.496917 0.146029
v -0.224161 0.492249 0.105228
v -0.294014 0.494736 0.103142
v -0.308825 0.485113 -0.054601
v -0.183255 0.482332 -0.052061
vn -0.9613 -0.2491 0.1181
vn -0.0206 0.3981 -0.9171
vn 0.9937 0.0984 0.0545
vn 0.0165 -0.2144 0.9766
vn 0.0670 -0.9837 -0.1667
vn -0.0370 0.7458 0.6651
vn 0.1206 0.8427 0.5247
vn 0.0312 -0.9974 0.0643
vn -0.1923 -0.9811 0.0227
vn 0.2615 -0.9652 -0.0062
vn 0.0318 -0.1967 0.9800
vn 0.9966 0.0299 0.0774
vn -0.0084 -0.2750 -0.9614
vn -0.8775 -0.4447 -0.1795
vn -0.8934 -0.4429 0.0756
vn 0.9940 0.0496 0.0978
vn -0.2661 0.9639 0.0084
vn 0.0306 -0.8937 -0.4476
vn -0.0328 0.7455 0.6657
vn 0.0549 -0.9852 -0.1624
vn 0.9901 0.0757 0.1179
vn -0.9653 -0.2390 0.1052
vn 0.9964 0.0736 -0.0432
vn 0.0560 -0.9745 -0.2174
vn -0.0305 0.7466 0.6646
vn -0.0299 0.8892 0.4566
vn 0.9918 0.0190 -0.1268
vn -0.9115 -0.3283 0.2479
vn 0.1155 0.9931 -0.0197
vn -0.9307 -0.2597 0.2576
vn -0.9274 -0.2573 0.2715
vn 0.9854 0.0632 -0.1579
vn 0.9866 0.0607 0.1515
vn -0.9574 -0.2376 0.1640
vn -0.9047 -0.2848 -0.3169
vn -0.0169 -0.0577 -0.9982
vn 0.9904 0.0218 0.1363
vn 0.0438 -0.4240 0.9046
vn 0.0509 -0.3555 0.9333
vn 0.9958 -0.0110 0.0905
vn -0.0315 -0.0343 -0.9989
vn -0.8746 -0.1406 -0.4640
vn -0.9653 -0.2427 0.0965
vn 0.9946 0.0527 0.0895
vn 0.9886 0.0846 -0.1245
vn -0.9283 -0.2674 0.2585
vn 0.0432 -0.9920 0.1184
vn 0.4212 -0.9070 -0.0071
vn -0.0351 0.9974 -0.0635
vn 0.3418 -0.8621 -0.3740
vn -0.3826 0.9238 0.0128
vn -0.3716 0.8427 0.3895
vn -0.1227 -0.8584 -0.4980
vn -0.0435 0.9944 -0.0967
vn 0.9613 -0.2491 0.1181
vn 0.0206 0.3981 -0.9171
vn -0.9937 0.0984 0.0545
vn -0.0165 -0.2144 0.9766
vn -0.0670 -0.9837 -0.1667
vn 0.0370 0.7458 0.6651
vn -0.1206 0.8427 0.5247
vn -0.0312 -0.9974 0.0643
vn 0.1923 -0.9811 0.0227
vn -0.2615 -0.9652 -0.0062
vn -0.0318 -0.1967 0.9800
vn -0.9966 0.0299 0.0774
vn 0.0084 -0.2750 -0.9614
vn 0.8775 -0.4447 -0.1795
vn 0.8934 -0.4429 0.0756
vn -0.9940 0.0496 0.0978
vn 0.2661 0.9639 0.0084
vn -0.0306 -0.8937 -0.4476
vn 0.0328 0.7455 0.6657
vn -0.0549 -0.9852 -0.1624
vn -0.9901 0.0757 0.1179
vn 0.9653 -0.2390 0.1052
vn -0.9964 0.0736 -0.0432
vn -0.0560 -0.9745 -0.2174
vn 0.0305 0.7466 0.6646
vn 0.0299 0.8892 0.4566
vn -0.9918 0.0190 -0.1268
vn 0.9115 -0.3283 0.2479
vn -0.1155 0.9931 -0.0197
vn 0.9307 -0.2597 0.2576
vn 0.9274 -0.2573 0.2715
vn -0.9854 0.0632 -0.1579
vn -0.9866 0.0607 0.1515
vn 0.9574 -0.2376 0.1640
vn 0.9047 -0.2848 -0.3169
vn 0.0169 -0.0577 -0.9982
vn -0.9904 0.0218 0.1363
vn -0.0438 -0.4240 0.9046
vn -0.0509 -0.3555 0.9333
vn -0.9958 -0.0110 0.0905
vn 0.0315 -0.0343 -0.9989
vn 0.8746 -0.1406 -0.4640
vn 0.9653 -0.2427 0.0965
vn -0.9946 0.0527 0.0895
vn -0.9886 0.0846 -0.1245
vn 0.9283 -0.2674 0.2585
vn -0.0432 -0.9920 0.1184
vn -0.4212 -0.9070 -0.0071
vn 0.0351 0.9974 -0.0635
vn -0.3418 -0.8621 -0.3740
vn 0.3826 0.9238 0.0128
vn 0.3716 0.8427 0.3895
vn 0.1227 -0.8584 -0.4980
vn 0.0435 0.9944 -0.0967
vt 0.230919 0.305040
vt 0.202770 0.281667
vt 0.202879 0.274260
vt 0.239733 0.288015
vt 0.260287 0.462171
vt 0.233963 0.489393
vt 0.204121 0.450600
vt 0.233646 0.433789
vt 0.215119 0.389027
vt 0.202725 0.391988
vt 0.205448 0.376026
vt 0.211486 0.375152
vt 0.205498 0.354420
vt 0.211139 0.356403
vt 0.973998 0.051077
vt 0.960418 0.051061
vt 0.961259 0.046170
vt 0.972659 0.046173
vt 0.398520 0.949123
vt 0.422634 0.949270
vt 0.419463 0.964282
vt 0.398446 0.964174
vt 0.710839 0.353045
vt 0.712015 0.362027
vt 0.711061 0.362069
vt 0.709604 0.353487
vt 0.242437 0.409222
vt 0.223573 0.381674
vt 0.224710 0.380907
vt 0.243615 0.408926
vt 0.217174 0.373622
vt 0.218187 0.373389
vt 0.224584 0.352396
vt 0.245988 0.322767
vt 0.247197 0.323208
vt 0.225615 0.353277
vt 0.216729 0.359913
vt 0.268131 0.430967
vt 0.244162 0.417905
vt 0.254071 0.315331
vt 0.216326 0.342270
vt 0.226575 0.420711
vt 0.718853 0.257058
vt 0.703713 0.288343
vt 0.702498 0.288059
vt 0.717778 0.256383
vt 0.217878 0.360272
vt 0.395294 0.901298
vt 0.439740 0.901284
vt 0.977388 0.059963
vt 0.956725 0.059884
vt 0.202725 0.443457
vt 0.204094 0.337718
vt 0.975725 0.073215
vt 0.958508 0.073215
vt 0.395242 0.894747
vt 0.441171 0.894747
vt 0.704385 0.296713
vt 0.704024 0.309580
vt 0.702950 0.309162
vt 0.703515 0.296904
vt 0.702271 0.318479
vt 0.700999 0.318564
vt 0.761097 0.296072
vt 0.763520 0.287005
vt 0.761790 0.344342
vt 0.761215 0.330461
vt 0.759763 0.320811
vt 0.759701 0.300832
vt 0.718592 0.246752
vt 0.767429 0.273130
vt 0.767429 0.368708
vt 0.704271 0.388148
vt 0.758987 0.315843
vt 0.408453 0.534199
vt 0.405725 0.534352
vt 0.405776 0.519307
vt 0.408469 0.519850
vt 0.412830 0.543304
vt 0.410262 0.543382
vt 0.435861 0.608922
vt 0.433810 0.609946
vt 0.425137 0.586253
vt 0.427216 0.585409
vt 0.435006 0.479619
vt 0.432775 0.478672
vt 0.434049 0.469221
vt 0.435861 0.470626
vt 0.411615 0.511025
vt 0.414166 0.511519
vt 0.429249 0.576624
vt 0.426934 0.577132
vt 0.245078 0.417321
vt 0.267769 0.429692
vt 0.254755 0.316403
vt 0.717395 0.247146
vt 0.703504 0.387118
s 0
usemtl Material.006
f 1615/1486/863 1612/1487/863 1591/1488/863 1601/1489/863
f 1601/1490/864 1591/1491/864 1595/1492/864 1602/1493/864
f 1610/1494/865 1607/1495/865 1593/1496/865 1603/1497/865
f 1603/1497/866 1593/1496/866 1589/1498/866 1600/1499/866
f 1604/1500/867 1606/1501/867 1592/1502/867 1588/1503/867
f 1607/1504/868 1605/1505/868 1589/1506/868 1593/1507/868
f 1626/1508/869 1621/1509/869 1638/1510/869 1642/1511/869
f 1618/1512/870 1608/1513/870 1631/1514/870 1635/1515/870
f 1608/1513/871 1599/1516/871 1630/1517/871 1631/1514/871
f 1609/1518/872 1614/1519/872 1634/1520/872 1636/1521/872
f 1599/1516/873 1603/1497/873 1600/1499/873 1596/1522/873
f 1608/1513/874 1610/1494/874 1603/1497/874 1599/1516/874
f 1597/1523/875 1601/1490/875 1602/1493/875 1598/1524/875
f 1614/1519/876 1615/1486/876 1601/1489/876 1597/1525/876
f 1596/1522/877 1600/1499/877 1611/1526/877 1609/1518/877
f 1618/1512/878 1619/1527/878 1610/1494/878 1608/1513/878
f 1627/1528/879 1624/1529/879 1640/1530/879 1643/1531/879
f 1599/1516/880 1596/1522/880 1629/1532/880 1630/1517/880
f 1617/1533/881 1612/1534/881 1605/1505/881 1607/1504/881
f 1616/1535/882 1613/1536/882 1606/1501/882 1604/1500/882
f 1619/1527/883 1617/1537/883 1607/1495/883 1610/1494/883
f 1600/1499/884 1589/1498/884 1605/1538/884 1611/1526/884
f 1602/1493/885 1595/1492/885 1617/1537/885 1619/1527/885
f 1590/1539/886 1594/1540/886 1613/1536/886 1616/1535/886
f 1595/1541/887 1591/1542/887 1612/1534/887 1617/1533/887
f 1623/1543/888 1622/1544/888 1639/1545/888 1628/1546/888
f 1598/1524/889 1602/1493/889 1619/1527/889 1618/1512/889
f 1609/1518/890 1611/1526/890 1615/1486/890 1614/1519/890
f 1622/1544/891 1625/1547/891 1641/1548/891 1639/1545/891
f 1611/1526/892 1605/1538/892 1612/1487/892 1615/1486/892
f 1604/1549/893 1624/1529/893 1627/1528/893 1616/1550/893
f 1594/1551/894 1621/1509/894 1626/1508/894 1613/1552/894
f 1613/1552/895 1626/1508/895 1625/1547/895 1606/1553/895
f 1588/1554/896 1623/1543/896 1624/1529/896 1604/1549/896
f 1616/1550/897 1627/1528/897 1620/1555/897 1590/1556/897
f 1590/1557/898 1620/1558/898 1621/1509/898 1594/1551/898
f 1606/1553/899 1625/1547/899 1622/1544/899 1592/1559/899
f 1592/1559/900 1622/1544/900 1623/1543/900 1588/1554/900
f 1639/1560/901 1630/1561/901 1629/1562/901 1628/1563/901
f 1641/1564/902 1631/1565/902 1630/1561/902 1639/1560/902
f 1637/1566/903 1632/1567/903 1633/1568/903 1638/1569/903
f 1643/1570/904 1634/1571/904 1632/1572/904 1637/1573/904
f 1628/1563/905 1629/1562/905 1636/1574/905 1640/1575/905
f 1642/1576/906 1635/1577/906 1631/1565/906 1641/1564/906
f 1638/1569/907 1633/1568/907 1635/1577/907 1642/1576/907
f 1640/1575/908 1636/1574/908 1634/1571/908 1643/1570/908
f 1597/1523/909 1598/1524/909 1633/1578/909 1632/1579/909
f 1596/1522/910 1609/1518/910 1636/1521/910 1629/1532/910
f 1625/1547/911 1626/1508/911 1642/1511/911 1641/1548/911
f 1614/1519/912 1597/1525/912 1632/1580/912 1634/1520/912
f 1624/1529/913 1623/1543/913 1628/1546/913 1640/1530/913
f 1620/1555/914 1627/1528/914 1643/1531/914 1637/1581/914
f 1598/1524/915 1618/1512/915 1635/1515/915 1633/1578/915
f 1621/1509/916 1620/1558/916 1637/1582/916 1638/1510/916
f 1671/1486/917 1657/1489/917 1647/1488/917 1668/1487/917
f 1657/1490/918 1658/1493/918 1651/1492/918 1647/1491/918
f 1666/1494/919 1659/1497/919 1649/1496/919 1663/1495/919
f 1659/1497/920 1656/1499/920 1645/1498/920 1649/1496/920
f 1660/1500/921 1644/1503/921 1648/1502/921 1662/1501/921
f 1663/1504/922 1649/1507/922 1645/1506/922 1661/1505/922
f 1682/1508/923 1698/1511/923 1694/1510/923 1677/1509/923
f 1674/1512/924 1691/1515/924 1687/1514/924 1664/1513/924
f 1664/1513/925 1687/1514/925 1686/1517/925 1655/1516/925
f 1665/1518/926 1692/1521/926 1690/1520/926 1670/1519/926
f 1655/1516/927 1652/1522/927 1656/1499/927 1659/1497/927
f 1664/1513/928 1655/1516/928 1659/1497/928 1666/1494/928
f 1653/1523/929 1654/1524/929 1658/1493/929 1657/1490/929
f 1670/1519/930 1653/1525/930 1657/1489/930 1671/1486/930
f 1652/1522/931 1665/1518/931 1667/1526/931 1656/1499/931
f 1674/1512/932 1664/1513/932 1666/1494/932 1675/1527/932
f 1683/1528/933 1699/1531/933 1696/1530/933 1680/1529/933
f 1655/1516/934 1686/1517/934 1685/1532/934 1652/1522/934
f 1673/1533/935 1663/1504/935 1661/1505/935 1668/1534/935
f 1672/1535/936 1660/1500/936 1662/1501/936 1669/1536/936
f 1675/1527/937 1666/1494/937 1663/1495/937 1673/1537/937
f 1656/1499/938 1667/1526/938 1661/1538/938 1645/1498/938
f 1658/1493/939 1675/1527/939 1673/1537/939 1651/1492/939
f 1646/1539/940 1672/1535/940 1669/1536/940 1650/1540/940
f 1651/1541/941 1673/1533/941 1668/1534/941 1647/1542/941
f 1679/1543/942 1684/1546/942 1695/1545/942 1678/1544/942
f 1654/1524/943 1674/1512/943 1675/1527/943 1658/1493/943
f 1665/1518/944 1670/1519/944 1671/1486/944 1667/1526/944
f 1678/1544/945 1695/1545/945 1697/1548/945 1681/1547/945
f 1667/1526/946 1671/1486/946 1668/1487/946 1661/1538/946
f 1660/1549/947 1672/1550/947 1683/1528/947 1680/1529/947
f 1650/1551/948 1669/1552/948 1682/1508/948 1677/1509/948
f 1669/1552/949 1662/1553/949 1681/1547/949 1682/1508/949
f 1644/1554/950 1660/1549/950 1680/1529/950 1679/1543/950
f 1672/1550/951 1646/1556/951 1676/1555/951 1683/1528/951
f 1646/1557/952 1650/1551/952 1677/1509/952 1676/1558/952
f 1662/1553/953 1648/1559/953 1678/1544/953 1681/1547/953
f 1648/1559/954 1644/1554/954 1679/1543/954 1678/1544/954
f 1695/1560/955 1684/1563/955 1685/1562/955 1686/1561/955
f 1697/1564/956 1695/1560/956 1686/1561/956 1687/1565/956
f 1693/1566/957 1694/1569/957 1689/1568/957 1688/1567/957
f 1699/1570/958 1693/1573/958 1688/1572/958 1690/1571/958
f 1684/1563/959 1696/1575/959 1692/1574/959 1685/1562/959
f 1698/1576/960 1697/1564/960 1687/1565/960 1691/1577/960
f 1694/1569/961 1698/1576/961 1691/1577/961 1689/1568/961
f 1696/1575/962 1699/1570/962 1690/1571/962 1692/1574/962
f 1653/1523/963 1688/1579/963 1689/1578/963 1654/1524/963
f 1652/1522/964 1685/1532/964 1692/1521/964 1665/1518/964
f 1681/1547/965 1697/1548/965 1698/1511/965 1682/1508/965
f 1670/1519/966 1690/1520/966 1688/1580/966 1653/1525/966
f 1680/1529/967 1696/1530/967 1684/1546/967 1679/1543/967
f 1676/1555/968 1693/1581/968 1699/1531/968 1683/1528/968
f 1654/1524/969 1689/1578/969 1691/1515/969 1674/1512/969
f 1677/1509/970 1694/1510/970 1693/1582/970 1676/1558/970
o Cube.009
v 0.204247 0.531940 0.164917
v 0.199398 0.600630 0.172768
v 0.083173 0.756079 -0.120077
v 0.112357 0.761765 -0.019876
v 0.290723 0.561539 0.164917
v 0.273552 0.625027 0.172768
v 0.290723 0.816289 -0.120077
v 0.273552 0.808168 -0.019876
v 0.163580 0.584615 0.053463
v 0.158443 0.676449 0.099108
v 0.303960 0.621408 0.053463
v 0.273552 0.711201 0.099108
v 0.135400 0.719107 0.039616
v 0.308628 0.743485 -0.034785
v 0.111225 0.692024 -0.034785
v 0.273552 0.759684 0.039616
v 0.198582 0.542428 0.183015
v 0.083269 0.786516 -0.092237
v 0.275927 0.853545 -0.092237
v 0.290723 0.573459 0.183015
v 0.290723 0.683587 0.093745
v 0.146241 0.639323 0.093745
v 0.290723 0.794123 -0.039365
v 0.093707 0.736577 -0.039365
v 0.175703 0.822500 -0.139679
v 0.192955 0.784967 -0.019876
v 0.247485 0.546740 0.164917
v 0.236475 0.612829 0.172768
v 0.215998 0.693825 0.099108
v 0.233258 0.603011 0.053463
v 0.204248 0.717755 -0.034785
v 0.204476 0.739396 0.039616
v 0.244653 0.557943 0.183015
v 0.169240 0.848060 -0.111839
v 0.198940 0.553362 0.180952
v 0.089889 0.781450 -0.080274
v 0.273957 0.844341 -0.080274
v 0.286623 0.582823 0.180952
v 0.286623 0.687332 0.093066
v 0.149270 0.645313 0.093066
v 0.286623 0.787715 -0.027949
v 0.101561 0.733634 -0.027949
v 0.242782 0.568092 0.180952
v 0.173056 0.836891 -0.097055
v -0.204248 0.531940 0.164917
v -0.199399 0.600630 0.172768
v -0.083173 0.756079 -0.120077
v -0.112357 0.761765 -0.019876
v -0.290723 0.561539 0.164917
v -0.273553 0.625027 0.172768
v -0.290723 0.816289 -0.120077
v -0.273553 0.808168 -0.019876
v -0.163580 0.584615 0.053463
v -0.158443 0.676449 0.099108
v -0.303960 0.621408 0.053463
v -0.273553 0.711201 0.099108
v -0.135400 0.719107 0.039616
v -0.308629 0.743485 -0.034785
v -0.111226 0.692024 -0.034785
v -0.273553 0.759684 0.039616
v -0.198583 0.542428 0.183015
v -0.083269 0.786516 -0.092237
v -0.275927 0.853545 -0.092237
v -0.290723 0.573459 0.183015
v -0.290723 0.683587 0.093745
v -0.146242 0.639323 0.093745
v -0.290723 0.794123 -0.039365
v -0.093708 0.736577 -0.039365
v -0.175703 0.822500 -0.139679
v -0.192955 0.784967 -0.019876
v -0.247485 0.546740 0.164917
v -0.236476 0.612829 0.172768
v -0.215998 0.693825 0.099108
v -0.233259 0.603011 0.053463
v -0.204249 0.717755 -0.034785
v -0.204477 0.739396 0.039616
v -0.244653 0.557943 0.183015
v -0.169241 0.848060 -0.111839
v -0.198940 0.553362 0.180952
v -0.089889 0.781450 -0.080274
v -0.273957 0.844341 -0.080274
v -0.286624 0.582823 0.180952
v -0.286624 0.687332 0.093066
v -0.149270 0.645313 0.093066
v -0.286624 0.787715 -0.027949
v -0.101562 0.733634 -0.027949
v -0.242782 0.568092 0.180952
v -0.173057 0.836891 -0.097055
vn -0.7863 0.3284 0.5233
vn -0.8677 0.1797 0.4635
vn -0.8733 0.2088 0.4401
vn -0.5413 0.6166 0.5717
vn -0.2637 0.7770 0.5717
vn -0.2381 0.7811 0.5772
vn -0.2024 0.7889 0.5803
vn -0.1719 0.7986 0.5768
vn 0.7180 0.4992 0.4850
vn 0.8538 0.3798 0.3561
vn 0.8436 0.3471 0.4097
vn 0.6559 0.4815 0.5813
vn -0.0601 0.1797 0.9819
vn -0.0572 0.1719 0.9834
vn -0.0570 0.1714 0.9836
vn -0.0607 0.1810 0.9816
vn 0.2056 -0.7341 -0.6472
vn 0.1959 -0.7186 -0.6673
vn 0.2500 -0.8582 -0.4483
vn 0.2492 -0.8514 -0.4615
vn -0.2115 0.6949 0.6874
vn -0.2120 0.6983 0.6836
vn -0.1967 0.6293 0.7519
vn -0.1974 0.6317 0.7497
vn -0.2214 0.7530 0.6197
vn -0.2208 0.7517 0.6215
vn 0.1744 -0.6410 -0.7474
vn 0.1355 -0.6529 -0.7452
vn 0.6911 0.5649 0.4508
vn 0.8573 0.3997 0.3245
vn -0.7275 0.2199 0.6499
vn -0.8105 0.1152 0.5743
vn -0.8472 0.1528 0.5088
vn -0.7760 0.2510 0.5786
vn 0.5705 0.6189 0.5399
vn 0.8528 0.4253 0.3032
vn 0.1951 -0.6971 -0.6899
vn 0.1251 -0.7098 -0.6932
vn -0.2806 0.7773 0.5630
vn -0.9140 -0.3914 0.1064
vn -0.9163 -0.3863 0.1059
vn -0.9585 -0.2747 0.0761
vn -0.9371 -0.3357 0.0953
vn 0.9410 0.3264 0.0896
vn 0.9478 0.2939 0.1236
vn 0.9551 0.2252 0.1923
vn -0.9030 -0.4158 0.1086
vn 0.9726 0.1431 0.1833
vn 0.9767 0.1288 0.1719
vn 0.2711 -0.7988 0.5371
vn 0.2712 -0.7989 0.5368
vn 0.2704 -0.7965 0.5408
vn 0.9888 0.0751 0.1288
vn 0.1295 0.6819 -0.7199
vn -0.9671 -0.2454 0.0669
vn -0.5403 0.5617 -0.6266
vn 0.2719 -0.8012 0.5331
vn -0.2215 0.7545 0.6178
vn 0.2658 -0.6804 -0.6830
vn 0.2165 -0.6362 -0.7405
vn 0.2020 -0.7128 -0.6717
vn -0.2137 0.7046 0.6766
vn -0.1982 0.6343 0.7473
vn 0.2483 -0.8448 -0.4740
vn -0.0603 0.1803 0.9818
vn -0.0574 0.1724 0.9834
vn -0.4486 0.6715 0.5897
vn -0.2653 0.7560 0.5984
vn -0.0632 0.1879 0.9802
vn -0.0631 0.1875 0.9802
vn -0.7014 0.3105 0.6416
vn -0.6744 0.4611 0.5767
vn 0.5307 0.6347 0.5616
vn 0.5278 0.6383 0.5604
vn -0.7009 0.2485 0.6685
vn 0.5761 0.5588 0.5966
vn -0.0630 0.1873 0.9803
vn 0.6050 0.5068 0.6140
vn -0.1547 0.7807 0.6054
vn 0.7863 0.3284 0.5233
vn 0.5413 0.6166 0.5717
vn 0.8733 0.2088 0.4401
vn 0.8677 0.1797 0.4635
vn 0.2637 0.7770 0.5717
vn 0.1719 0.7986 0.5768
vn 0.2024 0.7889 0.5803
vn 0.2381 0.7811 0.5772
vn -0.7180 0.4992 0.4850
vn -0.6559 0.4815 0.5813
vn -0.8436 0.3471 0.4097
vn -0.8538 0.3798 0.3561
vn 0.0601 0.1797 0.9819
vn 0.0607 0.1810 0.9816
vn 0.0570 0.1714 0.9836
vn 0.0572 0.1719 0.9834
vn -0.2056 -0.7341 -0.6472
vn -0.2492 -0.8514 -0.4615
vn -0.2500 -0.8582 -0.4483
vn -0.1959 -0.7186 -0.6673
vn 0.2115 0.6949 0.6874
vn 0.1974 0.6317 0.7497
vn 0.1967 0.6293 0.7519
vn 0.2120 0.6983 0.6836
vn 0.2214 0.7530 0.6197
vn 0.2208 0.7517 0.6215
vn -0.1744 -0.6410 -0.7474
vn -0.1355 -0.6529 -0.7452
vn -0.6911 0.5649 0.4508
vn -0.8573 0.3997 0.3245
vn 0.7275 0.2199 0.6499
vn 0.7760 0.2510 0.5786
vn 0.8472 0.1528 0.5088
vn 0.8105 0.1152 0.5743
vn -0.5705 0.6189 0.5399
vn -0.8528 0.4253 0.3032
vn -0.1951 -0.6971 -0.6899
vn -0.1251 -0.7098 -0.6932
vn 0.2806 0.7773 0.5630
vn 0.9140 -0.3914 0.1064
vn 0.9371 -0.3357 0.0953
vn 0.9585 -0.2747 0.0761
vn 0.9163 -0.3863 0.1059
vn -0.9410 0.3264 0.0896
vn -0.9551 0.2252 0.1923
vn -0.9478 0.2939 0.1236
vn 0.9030 -0.4158 0.1086
vn -0.9767 0.1288 0.1719
vn -0.9726 0.1431 0.1833
vn -0.2711 -0.7988 0.5371
vn -0.2704 -0.7965 0.5408
vn -0.2712 -0.7989 0.5368
vn -0.9888 0.0751 0.1288
vn -0.1295 0.6819 -0.7199
vn 0.9671 -0.2454 0.0669
vn 0.5403 0.5617 -0.6266
vn -0.2719 -0.8012 0.5331
vn 0.2215 0.7545 0.6178
vn -0.2658 -0.6804 -0.6830
vn -0.2165 -0.6362 -0.7405
vn -0.2020 -0.7128 -0.6717
vn 0.2137 0.7046 0.6766
vn 0.1982 0.6343 0.7473
vn -0.2483 -0.8448 -0.4740
vn 0.0603 0.1803 0.9818
vn 0.0574 0.1724 0.9834
vn 0.4486 0.6715 0.5897
vn 0.2653 0.7560 0.5984
vn 0.0632 0.1879 0.9802
vn 0.0631 0.1875 0.9802
vn 0.7014 0.3105 0.6416
vn 0.6744 0.4611 0.5767
vn -0.5307 0.6347 0.5616
vn -0.5278 0.6383 0.5604
vn 0.7009 0.2485 0.6685
vn -0.5761 0.5588 0.5966
vn 0.0630 0.1873 0.9803
vn -0.6050 0.5068 0.6140
vn 0.1547 0.7807 0.6054
vt 0.787172 0.081164
vt 0.797512 0.065540
vt 0.794383 0.083546
vt 0.788936 0.099275
vt 0.812271 0.106894
vt 0.814052 0.084770
vt 0.833270 0.086037
vt 0.834639 0.102501
vt 0.836719 0.046526
vt 0.830764 0.050263
vt 0.826158 0.024688
vt 0.829082 0.015071
vt 0.818542 0.011418
vt 0.818167 0.022836
vt 0.809747 0.021708
vt 0.806671 0.011472
vt 0.742026 0.815405
vt 0.760350 0.817342
vt 0.750090 0.847724
vt 0.738599 0.846912
vt 0.815989 0.048705
vt 0.801201 0.047288
vt 0.814916 0.066837
vt 0.746166 0.778339
vt 0.773126 0.781535
vt 0.839057 0.084360
vt 0.832159 0.068274
vt 0.794038 0.042414
vt 0.749946 0.740413
vt 0.776534 0.753100
vt 0.775778 0.032603
vt 0.792821 0.041257
vt 0.785188 0.084111
vt 0.776890 0.074496
vt 0.847580 0.112433
vt 0.835134 0.105616
vt 0.840304 0.087332
vt 0.850873 0.078152
vt 0.801724 0.002289
vt 0.805728 0.009058
vt 0.837706 0.045635
vt 0.855740 0.038228
vt 0.819489 0.001084
vt 0.818713 0.008235
vt 0.830065 0.012937
vt 0.834965 0.007718
vt 0.811035 0.126009
vt 0.812040 0.112034
vt 0.787657 0.102517
vt 0.775778 0.107964
vt 0.721893 0.748296
vt 0.721893 0.776113
vt 0.723946 0.813533
vt 0.727109 0.846103
s 1
usemtl Material.006
f 1741/1583/971 1712/1584/972 1703/1585/973 1735/1586/974
f 1743/1587/975 1725/1588/976 1707/1589/977 1736/1590/978
f 1738/1591/979 1711/1592/980 1705/1593/981 1737/1594/982
f 1742/1595/983 1727/1596/984 1701/1597/985 1734/1598/986
f 1729/1599/987 1710/1600/988 1704/1601/989 1726/1602/990
f 1728/1603/991 1709/1604/992 1701/1597/993 1727/1596/994
f 1731/1605/995 1712/1584/996 1709/1604/992 1728/1603/991
f 1730/1606/997 1713/1607/998 1710/1600/988 1729/1599/987
f 1740/1608/999 1715/1609/1000 1711/1592/980 1738/1591/979
f 1734/1598/1001 1701/1597/1002 1709/1604/1003 1739/1610/1004
f 1736/1590/1005 1707/1589/1006 1715/1609/1000 1740/1608/999
f 1724/1611/1007 1706/1612/1008 1713/1607/998 1730/1606/997
f 1725/1588/976 1703/1585/1009 1712/1584/996 1731/1605/995
f 1739/1610/1004 1709/1604/1003 1712/1584/972 1741/1583/971
f 1708/1613/1010 1721/1614/1011 1723/1615/1012 1714/1616/1013
f 1706/1617/1014 1718/1618/1014 1722/1619/1015 1713/1620/1016
f 1700/1621/1017 1716/1622/1017 1721/1614/1011 1708/1613/1010
f 1713/1620/1016 1722/1619/1015 1720/1623/1018 1710/1624/1019
f 1726/1625/1020 1732/1626/1021 1716/1622/1022 1700/1621/1022
f 1710/1624/1019 1720/1623/1018 1719/1627/1023 1704/1628/1023
f 1724/1629/1024 1733/1630/1024 1718/1618/1024 1706/1617/1024
f 1714/1616/1013 1723/1615/1012 1717/1631/1025 1702/1632/1025
f 1702/1632/1026 1717/1631/1026 1733/1630/1026 1724/1629/1026
f 1704/1628/1027 1719/1627/1027 1732/1626/1021 1726/1625/1020
f 1707/1589/977 1725/1588/976 1731/1605/995 1715/1609/1028
f 1702/1633/1029 1724/1611/1007 1730/1606/997 1714/1634/1030
f 1714/1634/1030 1730/1606/997 1729/1599/987 1708/1635/1031
f 1715/1609/1028 1731/1605/995 1728/1603/991 1711/1592/1032
f 1711/1592/1032 1728/1603/991 1727/1596/994 1705/1593/1033
f 1708/1635/1031 1729/1599/987 1726/1602/990 1700/1636/1034
f 1737/1594/1035 1705/1593/1036 1727/1596/984 1742/1595/983
f 1735/1586/974 1703/1585/1009 1725/1588/976 1743/1587/975
f 1717/1631/1037 1735/1586/974 1743/1587/975 1733/1630/1038
f 1719/1627/1039 1737/1594/1035 1742/1595/983 1732/1626/1040
f 1721/1614/1041 1739/1610/1004 1741/1583/971 1723/1615/1042
f 1718/1618/1043 1736/1590/1005 1740/1608/999 1722/1619/1044
f 1716/1622/1045 1734/1598/1001 1739/1610/1004 1721/1614/1041
f 1722/1619/1044 1740/1608/999 1738/1591/979 1720/1623/1046
f 1732/1626/1040 1742/1595/983 1734/1598/986 1716/1622/1047
f 1720/1623/1046 1738/1591/979 1737/1594/982 1719/1627/1048
f 1733/1630/1038 1743/1587/975 1736/1590/978 1718/1618/1049
f 1723/1615/1042 1741/1583/971 1735/1586/974 1717/1631/1037
f 1785/1583/1050 1779/1586/1051 1747/1585/1052 1756/1584/1053
f 1787/1587/1054 1780/1590/1055 1751/1589/1056 1769/1588/1057
f 1782/1591/1058 1781/1594/1059 1749/1593/1060 1755/1592/1061
f 1786/1595/1062 1778/1598/1063 1745/1597/1064 1771/1596/1065
f 1773/1599/1066 1770/1602/1067 1748/1601/1068 1754/1600/1069
f 1772/1603/1070 1771/1596/1071 1745/1597/1072 1753/1604/1073
f 1775/1605/1074 1772/1603/1070 1753/1604/1073 1756/1584/1075
f 1774/1606/1076 1773/1599/1066 1754/1600/1069 1757/1607/1077
f 1784/1608/1078 1782/1591/1058 1755/1592/1061 1759/1609/1079
f 1778/1598/1080 1783/1610/1081 1753/1604/1082 1745/1597/1083
f 1780/1590/1084 1784/1608/1078 1759/1609/1079 1751/1589/1085
f 1768/1611/1086 1774/1606/1076 1757/1607/1077 1750/1612/1087
f 1769/1588/1057 1775/1605/1074 1756/1584/1075 1747/1585/1088
f 1783/1610/1081 1785/1583/1050 1756/1584/1053 1753/1604/1082
f 1752/1613/1089 1758/1616/1090 1767/1615/1091 1765/1614/1092
f 1750/1617/1093 1757/1620/1094 1766/1619/1095 1762/1618/1093
f 1744/1621/1096 1752/1613/1089 1765/1614/1092 1760/1622/1096
f 1757/1620/1094 1754/1624/1097 1764/1623/1098 1766/1619/1095
f 1770/1625/1099 1744/1621/1100 1760/1622/1100 1776/1626/1101
f 1754/1624/1097 1748/1628/1102 1763/1627/1102 1764/1623/1098
f 1768/1629/1103 1750/1617/1103 1762/1618/1103 1777/1630/1103
f 1758/1616/1090 1746/1632/1104 1761/1631/1104 1767/1615/1091
f 1746/1632/1105 1768/1629/1105 1777/1630/1105 1761/1631/1105
f 1748/1628/1106 1770/1625/1099 1776/1626/1101 1763/1627/1106
f 1751/1589/1056 1759/1609/1107 1775/1605/1074 1769/1588/1057
f 1746/1633/1108 1758/1634/1109 1774/1606/1076 1768/1611/1086
f 1758/1634/1109 1752/1635/1110 1773/1599/1066 1774/1606/1076
f 1759/1609/1107 1755/1592/1111 1772/1603/1070 1775/1605/1074
f 1755/1592/1111 1749/1593/1112 1771/1596/1071 1772/1603/1070
f 1752/1635/1110 1744/1636/1113 1770/1602/1067 1773/1599/1066
f 1781/1594/1114 1786/1595/1062 1771/1596/1065 1749/1593/1115
f 1779/1586/1051 1787/1587/1054 1769/1588/1057 1747/1585/1088
f 1761/1631/1116 1777/1630/1117 1787/1587/1054 1779/1586/1051
f 1763/1627/1118 1776/1626/1119 1786/1595/1062 1781/1594/1114
f 1765/1614/1120 1767/1615/1121 1785/1583/1050 1783/1610/1081
f 1762/1618/1122 1766/1619/1123 1784/1608/1078 1780/1590/1084
f 1760/1622/1124 1765/1614/1120 1783/1610/1081 1778/1598/1080
f 1766/1619/1123 1764/1623/1125 1782/1591/1058 1784/1608/1078
f 1776/1626/1119 1760/1622/1126 1778/1598/1063 1786/1595/1062
f 1764/1623/1125 1763/1627/1127 1781/1594/1059 1782/1591/1058
f 1777/1630/1117 1762/1618/1128 1780/1590/1055 1787/1587/1054
f 1767/1615/1121 1761/1631/1116 1779/1586/1051 1785/1583/1050
o Cube.010
v 0.140199 0.781046 0.096585
v 0.097804 0.916113 0.132544
v 0.103019 0.851946 -0.037118
v 0.090639 0.899328 -0.036615
v 0.245472 0.803393 0.096585
v 0.221700 0.942907 0.132544
v 0.238711 0.891663 -0.037118
v 0.234157 0.941938 -0.036615
v 0.091230 0.940170 0.131468
v 0.084065 0.923385 -0.037691
v 0.227583 0.965995 -0.037691
v 0.215126 0.966964 0.131468
v 0.208481 0.882815 -0.048617
v 0.130319 0.859937 -0.048617
v 0.119513 0.907901 -0.048115
v 0.202183 0.932445 -0.048115
v 0.161379 0.785542 0.106005
v 0.222019 0.798415 0.106005
v 0.194097 0.936938 0.141964
v 0.122731 0.921504 0.141964
v 0.112939 0.931958 -0.049190
v 0.195609 0.956502 -0.049190
v 0.187523 0.960995 0.140888
v 0.116157 0.945561 0.140888
v -0.140200 0.781046 0.096585
v -0.097805 0.916113 0.132544
v -0.103019 0.851946 -0.037118
v -0.090639 0.899328 -0.036615
v -0.245473 0.803393 0.096585
v -0.221700 0.942907 0.132544
v -0.238712 0.891663 -0.037118
v -0.234157 0.941938 -0.036615
v -0.091231 0.940170 0.131468
v -0.084065 0.923385 -0.037691
v -0.227583 0.965995 -0.037691
v -0.215126 0.966964 0.131468
v -0.208481 0.882815 -0.048617
v -0.130319 0.859937 -0.048617
v -0.119514 0.907901 -0.048115
v -0.202183 0.932445 -0.048115
v -0.161380 0.785542 0.106005
v -0.222019 0.798415 0.106005
v -0.194098 0.936938 0.141964
v -0.122731 0.921504 0.141964
v -0.112940 0.931958 -0.049190
v -0.195609 0.956502 -0.049190
v -0.187524 0.960995 0.140888
v -0.116157 0.945561 0.140888
vn -0.9495 -0.3021 0.0851
vn 0.3345 0.0458 -0.9413
vn 0.9889 0.1365 0.0579
vn -0.2966 -0.3268 0.8973
vn 0.2328 -0.8270 -0.5117
vn -0.3325 -0.1326 -0.9337
vn -0.2532 0.9646 -0.0743
vn 0.9615 0.2659 0.0693
vn -0.9632 -0.2602 0.0666
vn 0.2965 0.1234 0.9470
vn -0.3432 -0.0519 0.9378
vn -0.0091 0.0422 0.9991
vn -0.2502 0.9678 -0.0290
vn -0.2509 0.9668 -0.0492
vn 0.3257 0.0468 -0.9443
vn 0.0123 -0.0413 -0.9991
vn 0.1998 -0.8552 -0.4782
vn 0.2201 -0.8545 -0.4705
vn 0.3726 -0.1668 0.9129
vn 0.0518 -0.2414 0.9691
vn -0.3582 -0.0773 -0.9305
vn -0.0029 0.0098 -0.9999
vn 0.9495 -0.3021 0.0851
vn -0.3345 0.0458 -0.9413
vn -0.9889 0.1365 0.0579
vn 0.2966 -0.3268 0.8973
vn -0.2328 -0.8270 -0.5117
vn 0.3325 -0.1326 -0.9337
vn 0.2532 0.9646 -0.0743
vn -0.9615 0.2659 0.0693
vn 0.9632 -0.2602 0.0666
vn -0.2965 0.1234 0.9470
vn 0.3432 -0.0519 0.9378
vn 0.0091 0.0422 0.9991
vn 0.2502 0.9678 -0.0290
vn 0.2509 0.9668 -0.0492
vn -0.3257 0.0468 -0.9443
vn -0.0123 -0.0413 -0.9991
vn -0.1998 -0.8552 -0.4782
vn -0.2201 -0.8545 -0.4705
vn -0.3726 -0.1668 0.9129
vn -0.0518 -0.2414 0.9691
vn 0.3582 -0.0773 -0.9305
vn 0.0029 0.0098 -0.9999
vt 0.712669 0.978536
vt 0.679195 0.979112
vt 0.689382 0.941400
vt 0.700869 0.943527
vt 0.878144 0.409280
vt 0.866275 0.411028
vt 0.863889 0.403148
vt 0.875762 0.401575
vt 0.857187 0.365576
vt 0.890343 0.365729
vt 0.712670 0.984158
vt 0.678957 0.985338
vt 0.971591 0.169254
vt 0.964111 0.167004
vt 0.968305 0.129890
vt 0.974055 0.128176
vt 0.690669 0.933817
vt 0.683562 0.940155
vt 0.684862 0.932602
vt 0.438028 0.469221
vt 0.445142 0.471628
vt 0.443898 0.511238
vt 0.438028 0.513614
vt 0.858291 0.404503
vt 0.851395 0.366161
vt 0.673556 0.978144
vt 0.856604 0.358926
vt 0.850817 0.359026
vt 0.673059 0.984583
vt 0.856218 0.342170
vt 0.850398 0.342001
vt 0.867536 0.592225
vt 0.859776 0.594930
vt 0.858099 0.550636
vt 0.864680 0.552820
vt 0.839690 0.595007
vt 0.841092 0.550636
vt 0.860516 0.412646
vt 0.872433 0.430763
vt 0.866679 0.432421
vt 0.257639 0.572932
vt 0.250775 0.574923
vt 0.250775 0.534307
vt 0.255734 0.536684
vt 0.990560 0.169254
vt 0.988485 0.128691
vt 0.890010 0.359558
vt 0.890343 0.344926
vt 0.702047 0.936366
vt 0.883928 0.427991
s 0
usemtl Material.006
f 1788/1637/1129 1789/1638/1129 1791/1639/1129 1790/1640/1129
f 1800/1641/1130 1803/1642/1130 1795/1643/1130 1794/1644/1130
f 1794/1644/1131 1795/1643/1131 1793/1645/1131 1792/1646/1131
f 1804/1647/1132 1807/1648/1132 1789/1638/1132 1788/1637/1132
f 1800/1649/1133 1794/1650/1133 1792/1651/1133 1805/1652/1133
f 1802/1653/1134 1791/1639/1134 1797/1654/1134 1808/1655/1134
f 1808/1656/1135 1797/1657/1135 1796/1658/1135 1811/1659/1135
f 1793/1645/1136 1795/1643/1136 1798/1660/1136 1799/1661/1136
f 1791/1639/1137 1789/1638/1137 1796/1662/1137 1797/1654/1137
f 1806/1663/1138 1793/1645/1138 1799/1661/1138 1810/1664/1138
f 1789/1638/1139 1807/1648/1139 1811/1665/1139 1796/1662/1139
f 1807/1666/1140 1806/1663/1140 1810/1664/1140 1811/1667/1140
f 1798/1668/1141 1809/1669/1141 1810/1670/1141 1799/1671/1141
f 1809/1669/1142 1808/1672/1142 1811/1673/1142 1810/1670/1142
f 1795/1643/1143 1803/1642/1143 1809/1674/1143 1798/1660/1143
f 1803/1642/1144 1802/1675/1144 1808/1676/1144 1809/1674/1144
f 1790/1677/1145 1801/1678/1145 1804/1679/1145 1788/1680/1145
f 1801/1681/1146 1800/1649/1146 1805/1652/1146 1804/1682/1146
f 1792/1646/1147 1793/1645/1147 1806/1663/1147 1805/1683/1147
f 1805/1683/1148 1806/1663/1148 1807/1666/1148 1804/1684/1148
f 1790/1640/1149 1791/1639/1149 1802/1653/1149 1801/1685/1149
f 1801/1686/1150 1802/1675/1150 1803/1642/1150 1800/1641/1150
f 1812/1637/1151 1814/1640/1151 1815/1639/1151 1813/1638/1151
f 1824/1641/1152 1818/1644/1152 1819/1643/1152 1827/1642/1152
f 1818/1644/1153 1816/1646/1153 1817/1645/1153 1819/1643/1153
f 1828/1647/1154 1812/1637/1154 1813/1638/1154 1831/1648/1154
f 1824/1649/1155 1829/1652/1155 1816/1651/1155 1818/1650/1155
f 1826/1653/1156 1832/1655/1156 1821/1654/1156 1815/1639/1156
f 1832/1656/1157 1835/1659/1157 1820/1658/1157 1821/1657/1157
f 1817/1645/1158 1823/1661/1158 1822/1660/1158 1819/1643/1158
f 1815/1639/1159 1821/1654/1159 1820/1662/1159 1813/1638/1159
f 1830/1663/1160 1834/1664/1160 1823/1661/1160 1817/1645/1160
f 1813/1638/1161 1820/1662/1161 1835/1665/1161 1831/1648/1161
f 1831/1666/1162 1835/1667/1162 1834/1664/1162 1830/1663/1162
f 1822/1668/1163 1823/1671/1163 1834/1670/1163 1833/1669/1163
f 1833/1669/1164 1834/1670/1164 1835/1673/1164 1832/1672/1164
f 1819/1643/1165 1822/1660/1165 1833/1674/1165 1827/1642/1165
f 1827/1642/1166 1833/1674/1166 1832/1676/1166 1826/1675/1166
f 1814/1677/1167 1812/1680/1167 1828/1679/1167 1825/1678/1167
f 1825/1681/1168 1828/1682/1168 1829/1652/1168 1824/1649/1168
f 1816/1646/1169 1829/1683/1169 1830/1663/1169 1817/1645/1169
f 1829/1683/1170 1828/1684/1170 1831/1666/1170 1830/1663/1170
f 1814/1640/1171 1825/1685/1171 1826/1653/1171 1815/1639/1171
f 1825/1686/1172 1824/1641/1172 1827/1642/1172 1826/1675/1172
o Cube.011
v 0.104497 0.909943 0.105541
v 0.077274 1.038708 0.105541
v 0.104497 0.909943 -0.004267
v 0.077274 1.038708 -0.004267
v 0.206157 0.945979 0.105541
v 0.195815 1.075511 0.105541
v 0.206157 0.945979 -0.004267
v 0.195815 1.075511 -0.004267
v 0.183438 0.937606 -0.017637
v 0.126721 0.916703 -0.017637
v 0.102459 1.045602 -0.017637
v 0.169114 1.066957 -0.017637
v 0.126721 0.916703 0.118912
v 0.183438 0.937606 0.118912
v 0.169114 1.066957 0.118912
v 0.102459 1.045602 0.118912
v -0.104497 0.909943 0.105541
v -0.077274 1.038708 0.105541
v -0.104497 0.909943 -0.004267
v -0.077274 1.038708 -0.004267
v -0.206158 0.945979 0.105541
v -0.195815 1.075511 0.105541
v -0.206158 0.945979 -0.004267
v -0.195815 1.075511 -0.004267
v -0.183438 0.937606 -0.017637
v -0.126722 0.916703 -0.017637
v -0.102460 1.045602 -0.017637
v -0.169115 1.066957 -0.017637
v -0.126722 0.916703 0.118912
v -0.183438 0.937606 0.118912
v -0.169115 1.066957 0.118912
v -0.102460 1.045602 0.118912
vn -0.9784 -0.2068 -0.0000
vn 0.4637 0.0442 -0.8849
vn 0.9968 0.0796 -0.0000
vn -0.4685 -0.0936 0.8785
vn 0.3458 -0.9383 -0.0000
vn -0.2640 0.9645 -0.0000
vn -0.3051 0.9523 -0.0000
vn 0.2910 -0.9567 -0.0000
vn 0.4637 0.0442 0.8849
vn -0.0000 -0.0000 1.0000
vn -0.4685 -0.0936 -0.8785
vn -0.0000 -0.0000 -1.0000
vn 0.9784 -0.2068 -0.0000
vn -0.4637 0.0442 -0.8849
vn -0.9968 0.0796 -0.0000
vn 0.4685 -0.0936 0.8785
vn -0.3458 -0.9383 -0.0000
vn 0.2640 0.9645 -0.0000
vn 0.3051 0.9523 -0.0000
vn -0.2910 -0.9567 -0.0000
vn -0.4637 0.0442 0.8849
vn 0.4685 -0.0936 -0.8785
vt 0.940025 0.669030
vt 0.955208 0.664104
vt 0.959318 0.676771
vt 0.944135 0.681697
vt 0.948630 0.691270
vt 0.964039 0.687851
vt 0.965502 0.691322
vt 0.950030 0.694318
vt 0.968034 0.704396
vt 0.952562 0.707393
vt 0.952637 0.717484
vt 0.966835 0.716207
vt 0.967619 0.719834
vt 0.951753 0.720528
vt 0.935645 0.708919
vt 0.937893 0.705655
vt 0.953266 0.710648
vt 0.984563 0.717411
vt 0.982512 0.720831
vt 0.982568 0.703692
vt 0.984518 0.707317
vt 0.967240 0.708071
vt 0.937252 0.720831
vt 0.935422 0.717800
vt 0.960592 0.680093
vt 0.945368 0.684705
s 0
usemtl Material.006
f 1836/1687/1173 1837/1688/1173 1839/1689/1173 1838/1690/1173
f 1844/1691/1174 1847/1692/1174 1843/1693/1174 1842/1694/1174
f 1842/1694/1175 1843/1693/1175 1841/1695/1175 1840/1696/1175
f 1848/1697/1176 1851/1698/1176 1837/1699/1176 1836/1700/1176
f 1844/1701/1177 1842/1702/1177 1840/1696/1177 1849/1703/1177
f 1846/1704/1178 1839/1705/1178 1837/1699/1178 1851/1698/1178
f 1843/1706/1179 1847/1707/1179 1850/1708/1179 1841/1695/1179
f 1847/1707/1179 1846/1704/1179 1851/1698/1179 1850/1708/1179
f 1838/1709/1180 1845/1710/1180 1848/1697/1180 1836/1700/1180
f 1845/1710/1177 1844/1701/1177 1849/1703/1177 1848/1697/1177
f 1840/1696/1181 1841/1695/1181 1850/1708/1181 1849/1703/1181
f 1849/1703/1182 1850/1708/1182 1851/1698/1182 1848/1697/1182
f 1838/1690/1183 1839/1689/1183 1846/1711/1183 1845/1712/1183
f 1845/1712/1184 1846/1711/1184 1847/1692/1184 1844/1691/1184
f 1852/1687/1185 1854/1690/1185 1855/1689/1185 1853/1688/1185
f 1860/1691/1186 1858/1694/1186 1859/1693/1186 1863/1692/1186
f 1858/1694/1187 1856/1696/1187 1857/1695/1187 1859/1693/1187
f 1864/1697/1188 1852/1700/1188 1853/1699/1188 1867/1698/1188
f 1860/1701/1189 1865/1703/1189 1856/1696/1189 1858/1702/1189
f 1862/1704/1190 1867/1698/1190 1853/1699/1190 1855/1705/1190
f 1859/1706/1191 1857/1695/1191 1866/1708/1191 1863/1707/1191
f 1863/1707/1191 1866/1708/1191 1867/1698/1191 1862/1704/1191
f 1854/1709/1192 1852/1700/1192 1864/1697/1192 1861/1710/1192
f 1861/1710/1189 1864/1697/1189 1865/1703/1189 1860/1701/1189
f 1856/1696/1193 1865/1703/1193 1866/1708/1193 1857/1695/1193
f 1865/1703/1182 1864/1697/1182 1867/1698/1182 1866/1708/1182
f 1854/1690/1194 1861/1712/1194 1862/1711/1194 1855/1689/1194
f 1861/1712/1184 1860/1691/1184 1863/1692/1184 1862/1711/1184
o Cube.013
v 0.161587 0.681884 0.094227
v 0.134943 0.780549 -0.049191
v 0.267629 0.706694 0.094227
v 0.248626 0.805359 -0.049191
v 0.166533 0.702735 0.112307
v 0.162722 0.692553 0.115336
v 0.253912 0.723089 0.112286
v 0.261830 0.715715 0.115326
v 0.240395 0.840069 -0.043827
v 0.234157 0.841252 -0.038574
v 0.126715 0.815251 -0.043829
v 0.131783 0.818885 -0.038593
v -0.161588 0.681884 0.094227
v -0.134944 0.780549 -0.049191
v -0.267629 0.706694 0.094227
v -0.248626 0.805359 -0.049191
v -0.166534 0.702735 0.112307
v -0.162722 0.692553 0.115336
v -0.253912 0.723089 0.112286
v -0.261830 0.715715 0.115326
v -0.240396 0.840069 -0.043827
v -0.234157 0.841252 -0.038574
v -0.126715 0.815251 -0.043829
v -0.131784 0.818885 -0.038593
vn 0.1799 -0.7968 -0.5768
vn 0.5060 0.7107 0.4887
vn -0.0723 0.3107 0.9477
vn -0.1929 0.8833 -0.4272
vn -0.7656 0.4133 0.4931
vn 0.2053 -0.8780 0.4323
vn -0.1717 0.7628 0.6234
vn -0.9797 -0.1903 0.0636
vn 0.9613 0.2670 0.0684
vn -0.0317 0.1453 -0.9889
vn -0.1799 -0.7968 -0.5768
vn -0.5060 0.7107 0.4887
vn 0.0723 0.3107 0.9477
vn 0.1929 0.8833 -0.4272
vn 0.7656 0.4133 0.4931
vn -0.2053 -0.8780 0.4323
vn 0.1717 0.7628 0.6234
vn 0.9797 -0.1903 0.0636
vn -0.9613 0.2670 0.0684
vn 0.0317 0.1453 -0.9889
vt 0.918400 0.075497
vt 0.950123 0.075497
vt 0.949451 0.123234
vt 0.919761 0.123490
vt 0.753828 0.031736
vt 0.737556 0.072213
vt 0.734946 0.072250
vt 0.752166 0.031219
vt 0.740200 0.090425
vt 0.738194 0.091015
vt 0.773611 0.011642
vt 0.773583 0.009451
vt 0.773611 0.134621
vt 0.772351 0.136582
vt 0.730307 0.070223
vt 0.732942 0.094519
vt 0.977878 0.873307
vt 0.949309 0.873307
vt 0.951814 0.820593
vt 0.976273 0.820811
vt 0.759040 0.138359
vt 0.742487 0.028692
vt 0.763554 0.001084
s 0
usemtl Material.006
f 1869/1713/1195 1871/1714/1195 1870/1715/1195 1868/1716/1195
f 1877/1717/1196 1874/1718/1196 1875/1719/1196 1876/1720/1196
f 1874/1718/1197 1872/1721/1197 1873/1722/1197 1875/1719/1197
f 1879/1723/1198 1877/1717/1198 1876/1720/1198 1878/1724/1198
f 1872/1721/1199 1879/1725/1199 1878/1726/1199 1873/1722/1199
f 1870/1727/1200 1875/1719/1200 1873/1722/1200 1868/1728/1200
f 1877/1729/1201 1879/1730/1201 1872/1731/1201 1874/1732/1201
f 1868/1728/1202 1873/1722/1202 1878/1726/1202 1869/1733/1202
f 1871/1734/1203 1876/1720/1203 1875/1719/1203 1870/1727/1203
f 1869/1735/1204 1878/1724/1204 1876/1720/1204 1871/1734/1204
f 1881/1713/1205 1880/1716/1205 1882/1715/1205 1883/1714/1205
f 1889/1717/1206 1888/1720/1206 1887/1719/1206 1886/1718/1206
f 1886/1718/1207 1887/1719/1207 1885/1722/1207 1884/1721/1207
f 1891/1723/1208 1890/1724/1208 1888/1720/1208 1889/1717/1208
f 1884/1721/1209 1885/1722/1209 1890/1726/1209 1891/1725/1209
f 1882/1727/1210 1880/1728/1210 1885/1722/1210 1887/1719/1210
f 1889/1729/1211 1886/1732/1211 1884/1731/1211 1891/1730/1211
f 1880/1728/1212 1881/1733/1212 1890/1726/1212 1885/1722/1212
f 1883/1734/1213 1882/1727/1213 1887/1719/1213 1888/1720/1213
f 1881/1735/1214 1883/1734/1214 1888/1720/1214 1890/1724/1214
o Cylinder.001
v 0.144161 0.793061 -0.017324
v 0.236070 0.813925 -0.017324
v 0.148596 0.773527 -0.011956
v 0.240504 0.794390 -0.011956
v 0.151842 0.759227 0.002708
v 0.243750 0.780090 0.002708
v 0.153030 0.753992 0.022739
v 0.244939 0.774856 0.022739
v 0.151842 0.759227 0.042771
v 0.243750 0.780090 0.042771
v 0.148596 0.773527 0.057435
v 0.240504 0.794390 0.057435
v 0.144161 0.793061 0.062802
v 0.236070 0.813925 0.062802
v 0.139727 0.812596 0.057435
v 0.231636 0.833459 0.057435
v 0.136481 0.826896 0.042771
v 0.228389 0.847759 0.042771
v 0.135293 0.832130 0.022739
v 0.227201 0.852994 0.022739
v 0.136481 0.826896 0.002708
v 0.228389 0.847759 0.002708
v 0.139727 0.812596 -0.011956
v 0.231636 0.833459 -0.011956
v 0.144161 0.793061 -0.040110
v 0.151118 0.762416 -0.031690
v 0.243026 0.783280 -0.031690
v 0.236070 0.813925 -0.040110
v 0.156211 0.739983 -0.008685
v 0.248119 0.760846 -0.008685
v 0.158074 0.731771 0.022739
v 0.249983 0.752635 0.022739
v 0.156211 0.739983 0.054164
v 0.248119 0.760846 0.054164
v 0.151118 0.762416 0.077168
v 0.243026 0.783280 0.077168
v 0.144161 0.793061 0.085588
v 0.236070 0.813925 0.085588
v 0.137205 0.823706 0.077168
v 0.229113 0.844570 0.077168
v 0.132112 0.846140 0.054164
v 0.224021 0.867003 0.054164
v 0.130248 0.854351 0.022739
v 0.222157 0.875215 0.022739
v 0.132112 0.846140 -0.008685
v 0.224021 0.867003 -0.008685
v 0.137205 0.823706 -0.031690
v 0.229113 0.844570 -0.031690
v 0.149738 0.794327 -0.017324
v 0.154173 0.774793 -0.011956
v 0.234928 0.793124 -0.011956
v 0.230493 0.812659 -0.017324
v 0.157419 0.760493 0.002708
v 0.238174 0.778824 0.002708
v 0.158607 0.755258 0.022739
v 0.239362 0.773590 0.022739
v 0.157419 0.760493 0.042771
v 0.238174 0.778824 0.042771
v 0.154173 0.774793 0.057435
v 0.234928 0.793124 0.057435
v 0.149738 0.794327 0.062802
v 0.230493 0.812659 0.062802
v 0.145304 0.813862 0.057435
v 0.226059 0.832193 0.057435
v 0.142058 0.828162 0.042771
v 0.222813 0.846493 0.042771
v 0.140869 0.833396 0.022739
v 0.221624 0.851728 0.022739
v 0.142058 0.828162 0.002708
v 0.222813 0.846493 0.002708
v 0.145304 0.813862 -0.011956
v 0.226059 0.832193 -0.011956
v -0.144162 0.793061 -0.017324
v -0.236070 0.813925 -0.017324
v -0.148596 0.773527 -0.011956
v -0.240505 0.794390 -0.011956
v -0.151843 0.759227 0.002708
v -0.243751 0.780090 0.002708
v -0.153031 0.753992 0.022739
v -0.244939 0.774856 0.022739
v -0.151843 0.759227 0.042771
v -0.243751 0.780090 0.042771
v -0.148596 0.773527 0.057435
v -0.240505 0.794390 0.057435
v -0.144162 0.793061 0.062802
v -0.236070 0.813925 0.062802
v -0.139728 0.812596 0.057435
v -0.231636 0.833459 0.057435
v -0.136481 0.826896 0.042771
v -0.228390 0.847759 0.042771
v -0.135293 0.832130 0.022739
v -0.227202 0.852994 0.022739
v -0.136481 0.826896 0.002708
v -0.228390 0.847759 0.002708
v -0.139728 0.812596 -0.011956
v -0.231636 0.833459 -0.011956
v -0.144162 0.793061 -0.040110
v -0.151118 0.762416 -0.031690
v -0.243027 0.783280 -0.031690
v -0.236070 0.813925 -0.040110
v -0.156211 0.739983 -0.008685
v -0.248119 0.760846 -0.008685
v -0.158075 0.731771 0.022739
v -0.249983 0.752635 0.022739
v -0.156211 0.739983 0.054164
v -0.248119 0.760846 0.054164
v -0.151118 0.762416 0.077168
v -0.243027 0.783280 0.077168
v -0.144162 0.793061 0.085588
v -0.236070 0.813925 0.085588
v -0.137205 0.823706 0.077168
v -0.229114 0.844570 0.077168
v -0.132113 0.846140 0.054164
v -0.224021 0.867003 0.054164
v -0.130249 0.854351 0.022739
v -0.222157 0.875215 0.022739
v -0.132113 0.846140 -0.008685
v -0.224021 0.867003 -0.008685
v -0.137205 0.823706 -0.031690
v -0.229114 0.844570 -0.031690
v -0.149739 0.794327 -0.017324
v -0.154173 0.774793 -0.011956
v -0.234928 0.793124 -0.011956
v -0.230494 0.812659 -0.017324
v -0.157419 0.760493 0.002708
v -0.238174 0.778824 0.002708
v -0.158607 0.755258 0.022739
v -0.239362 0.773590 0.022739
v -0.157419 0.760493 0.042771
v -0.238174 0.778824 0.042771
v -0.154173 0.774793 0.057435
v -0.234928 0.793124 0.057435
v -0.149739 0.794327 0.062802
v -0.230494 0.812659 0.062802
v -0.145304 0.813862 0.057435
v -0.226059 0.832193 0.057435
v -0.142058 0.828162 0.042771
v -0.222813 0.846493 0.042771
v -0.140870 0.833396 0.022739
v -0.221625 0.851728 0.022739
v -0.142058 0.828162 0.002708
v -0.222813 0.846493 0.002708
v -0.145304 0.813862 -0.011956
v -0.226059 0.832193 -0.011956
vn 0.0573 -0.2524 -0.9659
vn 0.1565 -0.6896 -0.7071
vn 0.2138 -0.9420 -0.2588
vn 0.2138 -0.9420 0.2588
vn 0.1565 -0.6896 0.7071
vn 0.0573 -0.2524 0.9659
vn -0.0573 0.2524 0.9659
vn -0.1565 0.6896 0.7071
vn -0.2138 0.9420 0.2588
vn -0.2138 0.9420 -0.2588
vn -0.1565 0.6896 -0.7071
vn -0.0573 0.2524 -0.9659
vn -0.9752 -0.2214 -0.0000
vn 0.9752 0.2214 -0.0000
vn -0.0573 -0.2524 -0.9659
vn -0.1565 -0.6896 -0.7071
vn -0.2138 -0.9420 -0.2588
vn -0.2138 -0.9420 0.2588
vn -0.1565 -0.6896 0.7071
vn -0.0573 -0.2524 0.9659
vn 0.0573 0.2524 0.9659
vn 0.1565 0.6896 0.7071
vn 0.2138 0.9420 0.2588
vn 0.2138 0.9420 -0.2588
vn 0.1565 0.6896 -0.7071
vn 0.0573 0.2524 -0.9659
vn 0.9752 -0.2214 -0.0000
vn -0.9752 0.2214 -0.0000
vt 0.889720 0.515484
vt 0.907382 0.515878
vt 0.907359 0.522289
vt 0.889394 0.521867
vt 0.908174 0.529145
vt 0.888546 0.528826
vt 0.909967 0.536633
vt 0.886709 0.537208
vt 0.886282 0.455593
vt 0.910304 0.454907
vt 0.908321 0.463589
vt 0.888222 0.463553
vt 0.907741 0.470846
vt 0.889237 0.470551
vt 0.907580 0.477241
vt 0.889541 0.477148
vt 0.907369 0.483548
vt 0.889796 0.483628
vt 0.907453 0.490022
vt 0.889825 0.490053
vt 0.907435 0.496703
vt 0.890054 0.496489
vt 0.907486 0.503328
vt 0.890050 0.503026
vt 0.912679 0.515786
vt 0.913054 0.509529
vt 0.914769 0.509657
vt 0.914331 0.515782
vt 0.907315 0.509670
vt 0.889919 0.509318
vt 0.882493 0.464902
vt 0.883098 0.471239
vt 0.881469 0.471444
vt 0.880772 0.465268
vt 0.883372 0.521181
vt 0.884350 0.515124
vt 0.913365 0.521769
vt 0.882676 0.527509
vt 0.913805 0.527840
vt 0.880600 0.533618
vt 0.915139 0.533644
vt 0.880443 0.459040
vt 0.916423 0.458407
vt 0.914887 0.464858
vt 0.913719 0.471219
vt 0.883914 0.477407
vt 0.912903 0.477415
vt 0.883688 0.483728
vt 0.913178 0.483781
vt 0.884183 0.490135
vt 0.913635 0.490191
vt 0.883761 0.496492
vt 0.913996 0.496704
vt 0.884049 0.502750
vt 0.913599 0.503196
vt 0.884319 0.508965
vt 0.861450 0.452021
vt 0.856779 0.452021
vt 0.852734 0.449685
vt 0.850399 0.445640
vt 0.850399 0.440969
vt 0.852734 0.436924
vt 0.856779 0.434589
vt 0.861450 0.434589
vt 0.865495 0.436924
vt 0.867831 0.440969
vt 0.867831 0.445640
vt 0.865495 0.449685
vt 0.874809 0.228922
vt 0.872474 0.232968
vt 0.868429 0.235303
vt 0.863758 0.235303
vt 0.859713 0.232968
vt 0.857377 0.228922
vt 0.857377 0.224252
vt 0.859713 0.220206
vt 0.863758 0.217871
vt 0.868429 0.217871
vt 0.872474 0.220206
vt 0.874809 0.224252
vt 0.914894 0.521626
vt 0.882090 0.496497
vt 0.882439 0.490169
vt 0.916641 0.465234
vt 0.915315 0.471475
vt 0.880943 0.527096
vt 0.881763 0.520938
vt 0.915322 0.490085
vt 0.915779 0.496710
vt 0.882283 0.477479
vt 0.915455 0.527596
vt 0.882428 0.502816
vt 0.914592 0.477453
vt 0.878953 0.533069
vt 0.915273 0.503319
vt 0.881973 0.483750
vt 0.916628 0.533325
vt 0.882639 0.509011
vt 0.914918 0.483681
vt 0.878953 0.459531
vt 0.918091 0.458796
vt 0.882766 0.515012
s 0
usemtl Material.006
f 1916/1736/1215 1919/1737/1215 1918/1738/1215 1917/1739/1215
f 1917/1739/1216 1918/1738/1216 1921/1740/1216 1920/1741/1216
f 1920/1741/1217 1921/1740/1217 1923/1742/1217 1922/1743/1217
f 1922/1744/1218 1923/1745/1218 1925/1746/1218 1924/1747/1218
f 1924/1747/1219 1925/1746/1219 1927/1748/1219 1926/1749/1219
f 1926/1749/1220 1927/1748/1220 1929/1750/1220 1928/1751/1220
f 1928/1751/1221 1929/1750/1221 1931/1752/1221 1930/1753/1221
f 1930/1753/1222 1931/1752/1222 1933/1754/1222 1932/1755/1222
f 1932/1755/1223 1933/1754/1223 1935/1756/1223 1934/1757/1223
f 1934/1757/1224 1935/1756/1224 1937/1758/1224 1936/1759/1224
f 1893/1760/1220 1915/1761/1220 1963/1762/1220 1943/1763/1220
f 1936/1759/1225 1937/1758/1225 1939/1764/1225 1938/1765/1225
f 1938/1765/1226 1939/1764/1226 1919/1737/1226 1916/1736/1226
f 1900/1766/1225 1902/1767/1225 1950/1768/1225 1948/1769/1225
f 1894/1770/1227 1892/1771/1227 1916/1736/1227 1917/1739/1227
f 1893/1760/1228 1895/1772/1228 1918/1738/1228 1919/1737/1228
f 1896/1773/1227 1894/1770/1227 1917/1739/1227 1920/1741/1227
f 1895/1772/1228 1897/1774/1228 1921/1740/1228 1918/1738/1228
f 1898/1775/1227 1896/1773/1227 1920/1741/1227 1922/1743/1227
f 1897/1774/1228 1899/1776/1228 1923/1742/1228 1921/1740/1228
f 1900/1766/1227 1898/1777/1227 1922/1744/1227 1924/1747/1227
f 1899/1778/1228 1901/1779/1228 1925/1746/1228 1923/1745/1228
f 1902/1767/1227 1900/1766/1227 1924/1747/1227 1926/1749/1227
f 1901/1779/1228 1903/1780/1228 1927/1748/1228 1925/1746/1228
f 1904/1781/1227 1902/1767/1227 1926/1749/1227 1928/1751/1227
f 1903/1780/1228 1905/1782/1228 1929/1750/1228 1927/1748/1228
f 1906/1783/1227 1904/1781/1227 1928/1751/1227 1930/1753/1227
f 1905/1782/1228 1907/1784/1228 1931/1752/1228 1929/1750/1228
f 1908/1785/1227 1906/1783/1227 1930/1753/1227 1932/1755/1227
f 1907/1784/1228 1909/1786/1228 1933/1754/1228 1931/1752/1228
f 1910/1787/1227 1908/1785/1227 1932/1755/1227 1934/1757/1227
f 1909/1786/1228 1911/1788/1228 1935/1756/1228 1933/1754/1228
f 1912/1789/1227 1910/1787/1227 1934/1757/1227 1936/1759/1227
f 1911/1788/1228 1913/1790/1228 1937/1758/1228 1935/1756/1228
f 1914/1791/1227 1912/1789/1227 1936/1759/1227 1938/1765/1227
f 1913/1790/1228 1915/1761/1228 1939/1764/1228 1937/1758/1228
f 1892/1771/1227 1914/1791/1227 1938/1765/1227 1916/1736/1227
f 1915/1761/1228 1893/1760/1228 1919/1737/1228 1939/1764/1228
f 1942/1792/1228 1943/1793/1228 1963/1794/1228 1961/1795/1228 1959/1796/1228 1957/1797/1228 1955/1798/1228 1953/1799/1228 1951/1800/1228 1949/1801/1228 1947/1802/1228 1945/1803/1228
f 1940/1804/1227 1941/1805/1227 1944/1806/1227 1946/1807/1227 1948/1808/1227 1950/1809/1227 1952/1810/1227 1954/1811/1227 1956/1812/1227 1958/1813/1227 1960/1814/1227 1962/1815/1227
f 1895/1772/1221 1893/1760/1221 1943/1763/1221 1942/1816/1221
f 1908/1785/1217 1910/1787/1217 1958/1817/1217 1956/1818/1217
f 1903/1780/1225 1901/1779/1225 1949/1819/1225 1951/1820/1225
f 1894/1770/1222 1896/1773/1222 1944/1821/1222 1941/1822/1222
f 1911/1788/1217 1909/1786/1217 1957/1823/1217 1959/1824/1217
f 1902/1767/1226 1904/1781/1226 1952/1825/1226 1950/1768/1226
f 1897/1774/1222 1895/1772/1222 1942/1816/1222 1945/1826/1222
f 1910/1787/1218 1912/1789/1218 1960/1827/1218 1958/1817/1218
f 1905/1782/1226 1903/1780/1226 1951/1820/1226 1953/1828/1226
f 1896/1773/1223 1898/1775/1223 1946/1829/1223 1944/1821/1223
f 1913/1790/1218 1911/1788/1218 1959/1824/1218 1961/1830/1218
f 1904/1781/1215 1906/1783/1215 1954/1831/1215 1952/1825/1215
f 1899/1776/1223 1897/1774/1223 1945/1826/1223 1947/1832/1223
f 1912/1789/1219 1914/1791/1219 1962/1833/1219 1960/1827/1219
f 1907/1784/1215 1905/1782/1215 1953/1828/1215 1955/1834/1215
f 1898/1777/1224 1900/1766/1224 1948/1769/1224 1946/1835/1224
f 1915/1761/1219 1913/1790/1219 1961/1830/1219 1963/1762/1219
f 1906/1783/1216 1908/1785/1216 1956/1818/1216 1954/1831/1216
f 1901/1779/1224 1899/1778/1224 1947/1836/1224 1949/1819/1224
f 1914/1791/1220 1892/1771/1220 1940/1837/1220 1962/1833/1220
f 1892/1771/1221 1894/1770/1221 1941/1822/1221 1940/1837/1221
f 1909/1786/1216 1907/1784/1216 1955/1834/1216 1957/1823/1216
f 1988/1736/1229 1989/1739/1229 1990/1738/1229 1991/1737/1229
f 1989/1739/1230 1992/1741/1230 1993/1740/1230 1990/1738/1230
f 1992/1741/1231 1994/1743/1231 1995/1742/1231 1993/1740/1231
f 1994/1744/1232 1996/1747/1232 1997/1746/1232 1995/1745/1232
f 1996/1747/1233 1998/1749/1233 1999/1748/1233 1997/1746/1233
f 1998/1749/1234 2000/1751/1234 2001/1750/1234 1999/1748/1234
f 2000/1751/1235 2002/1753/1235 2003/1752/1235 2001/1750/1235
f 2002/1753/1236 2004/1755/1236 2005/1754/1236 2003/1752/1236
f 2004/1755/1237 2006/1757/1237 2007/1756/1237 2005/1754/1237
f 2006/1757/1238 2008/1759/1238 2009/1758/1238 2007/1756/1238
f 1965/1760/1234 2015/1763/1234 2035/1762/1234 1987/1761/1234
f 2008/1759/1239 2010/1765/1239 2011/1764/1239 2009/1758/1239
f 2010/1765/1240 1988/1736/1240 1991/1737/1240 2011/1764/1240
f 1972/1766/1239 2020/1769/1239 2022/1768/1239 1974/1767/1239
f 1966/1770/1241 1989/1739/1241 1988/1736/1241 1964/1771/1241
f 1965/1760/1242 1991/1737/1242 1990/1738/1242 1967/1772/1242
f 1968/1773/1241 1992/1741/1241 1989/1739/1241 1966/1770/1241
f 1967/1772/1242 1990/1738/1242 1993/1740/1242 1969/1774/1242
f 1970/1775/1241 1994/1743/1241 1992/1741/1241 1968/1773/1241
f 1969/1774/1242 1993/1740/1242 1995/1742/1242 1971/1776/1242
f 1972/1766/1241 1996/1747/1241 1994/1744/1241 1970/1777/1241
f 1971/1778/1242 1995/1745/1242 1997/1746/1242 1973/1779/1242
f 1974/1767/1241 1998/1749/1241 1996/1747/1241 1972/1766/1241
f 1973/1779/1242 1997/1746/1242 1999/1748/1242 1975/1780/1242
f 1976/1781/1241 2000/1751/1241 1998/1749/1241 1974/1767/1241
f 1975/1780/1242 1999/1748/1242 2001/1750/1242 1977/1782/1242
f 1978/1783/1241 2002/1753/1241 2000/1751/1241 1976/1781/1241
f 1977/1782/1242 2001/1750/1242 2003/1752/1242 1979/1784/1242
f 1980/1785/1241 2004/1755/1241 2002/1753/1241 1978/1783/1241
f 1979/1784/1242 2003/1752/1242 2005/1754/1242 1981/1786/1242
f 1982/1787/1241 2006/1757/1241 2004/1755/1241 1980/1785/1241
f 1981/1786/1242 2005/1754/1242 2007/1756/1242 1983/1788/1242
f 1984/1789/1241 2008/1759/1241 2006/1757/1241 1982/1787/1241
f 1983/1788/1242 2007/1756/1242 2009/1758/1242 1985/1790/1242
f 1986/1791/1241 2010/1765/1241 2008/1759/1241 1984/1789/1241
f 1985/1790/1242 2009/1758/1242 2011/1764/1242 1987/1761/1242
f 1964/1771/1241 1988/1736/1241 2010/1765/1241 1986/1791/1241
f 1987/1761/1242 2011/1764/1242 1991/1737/1242 1965/1760/1242
f 2014/1792/1242 2017/1803/1242 2019/1802/1242 2021/1801/1242 2023/1800/1242 2025/1799/1242 2027/1798/1242 2029/1797/1242 2031/1796/1242 2033/1795/1242 2035/1794/1242 2015/1793/1242
f 2012/1804/1241 2034/1815/1241 2032/1814/1241 2030/1813/1241 2028/1812/1241 2026/1811/1241 2024/1810/1241 2022/1809/1241 2020/1808/1241 2018/1807/1241 2016/1806/1241 2013/1805/1241
f 1967/1772/1235 2014/1816/1235 2015/1763/1235 1965/1760/1235
f 1980/1785/1231 2028/1818/1231 2030/1817/1231 1982/1787/1231
f 1975/1780/1239 2023/1820/1239 2021/1819/1239 1973/1779/1239
f 1966/1770/1236 2013/1822/1236 2016/1821/1236 1968/1773/1236
f 1983/1788/1231 2031/1824/1231 2029/1823/1231 1981/1786/1231
f 1974/1767/1240 2022/1768/1240 2024/1825/1240 1976/1781/1240
f 1969/1774/1236 2017/1826/1236 2014/1816/1236 1967/1772/1236
f 1982/1787/1232 2030/1817/1232 2032/1827/1232 1984/1789/1232
f 1977/1782/1240 2025/1828/1240 2023/1820/1240 1975/1780/1240
f 1968/1773/1237 2016/1821/1237 2018/1829/1237 1970/1775/1237
f 1985/1790/1232 2033/1830/1232 2031/1824/1232 1983/1788/1232
f 1976/1781/1229 2024/1825/1229 2026/1831/1229 1978/1783/1229
f 1971/1776/1237 2019/1832/1237 2017/1826/1237 1969/1774/1237
f 1984/1789/1233 2032/1827/1233 2034/1833/1233 1986/1791/1233
f 1979/1784/1229 2027/1834/1229 2025/1828/1229 1977/1782/1229
f 1970/1777/1238 2018/1835/1238 2020/1769/1238 1972/1766/1238
f 1987/1761/1233 2035/1762/1233 2033/1830/1233 1985/1790/1233
f 1978/1783/1230 2026/1831/1230 2028/1818/1230 1980/1785/1230
f 1973/1779/1238 2021/1819/1238 2019/1836/1238 1971/1778/1238
f 1986/1791/1234 2034/1833/1234 2012/1837/1234 1964/1771/1234
f 1964/1771/1235 2012/1837/1235 2013/1822/1235 1966/1770/1235
f 1981/1786/1230 2029/1823/1230 2027/1834/1230 1979/1784/1230
o Cube.014
v -0.485499 0.788545 0.204125
v -0.485499 1.085088 0.204125
v -0.485499 0.820459 0.028145
v -0.485499 1.159343 0.084678
v -0.413621 0.788545 0.204125
v -0.413621 1.085088 0.204125
v -0.413621 0.820459 0.028145
v -0.413621 1.159343 0.084678
vn -1.0000 -0.0000 -0.0000
vn -0.0000 0.1645 -0.9864
vn 1.0000 -0.0000 -0.0000
vn -0.0000 -0.0000 1.0000
vn -0.0000 -0.9840 -0.1784
vn -0.0000 0.8493 0.5280
vt 0.395053 0.441066
vt 0.367271 0.364012
vt 0.391351 0.333527
vt 0.437790 0.416286
vt 0.450173 0.259058
vt 0.375771 0.321220
vt 0.434594 0.246752
vt 0.284508 0.295208
vt 0.351691 0.351706
vt 0.270298 0.342521
vt 0.300919 0.415982
vt 0.316499 0.428288
vt 0.285878 0.467054
vt 0.270298 0.454747
s 0
usemtl Material.006
f 2036/1838/1243 2037/1839/1243 2039/1840/1243 2038/1841/1243
f 2038/1842/1244 2039/1840/1244 2043/1843/1244 2042/1844/1244
f 2042/1845/1245 2043/1843/1245 2041/1846/1245 2040/1847/1245
f 2040/1848/1246 2041/1846/1246 2037/1839/1246 2036/1849/1246
f 2038/1850/1247 2042/1851/1247 2040/1848/1247 2036/1849/1247
f 2043/1843/1248 2039/1840/1248 2037/1839/1248 2041/1846/1248
o Cylinder.002
v -0.474223 0.789303 0.041685
v -0.416589 0.789303 0.041685
v -0.474223 0.757670 0.050161
v -0.416589 0.757670 0.050161
v -0.474223 0.734513 0.073319
v -0.416589 0.734513 0.073319
v -0.474223 0.726037 0.104952
v -0.416589 0.726037 0.104952
v -0.474223 0.734513 0.136585
v -0.416589 0.734513 0.136585
v -0.474223 0.757670 0.159743
v -0.416589 0.757670 0.159743
v -0.474223 0.789303 0.168219
v -0.416589 0.789303 0.168219
v -0.474223 0.820937 0.159743
v -0.416589 0.820937 0.159743
v -0.474223 0.844094 0.136585
v -0.416589 0.844094 0.136585
v -0.474223 0.852570 0.104952
v -0.416589 0.852570 0.104952
v -0.474223 0.844094 0.073319
v -0.416589 0.844094 0.073319
v -0.474223 0.820937 0.050161
v -0.416589 0.820937 0.050161
vn -0.0000 -0.2588 -0.9659
vn -0.0000 -0.7071 -0.7071
vn -0.0000 -0.9659 -0.2588
vn -0.0000 -0.9659 0.2588
vn -0.0000 -0.7071 0.7071
vn -0.0000 -0.2588 0.9659
vn -0.0000 0.2588 0.9659
vn -0.0000 0.7071 0.7071
vn -0.0000 0.9659 0.2588
vn -0.0000 0.9659 -0.2588
vn 1.0000 -0.0000 -0.0000
vn -0.0000 0.7071 -0.7071
vn -0.0000 0.2588 -0.9659
vn -1.0000 -0.0000 -0.0000
vt 0.741049 0.992057
vt 0.745510 0.976001
vt 0.750575 0.975537
vt 0.754925 0.992057
vt 0.754781 0.972422
vt 0.767150 0.984906
vt 0.757159 0.967545
vt 0.774387 0.972430
vt 0.756818 0.962141
vt 0.774560 0.957686
vt 0.753838 0.957670
vt 0.767173 0.944461
vt 0.749057 0.955368
vt 0.753623 0.936540
vt 0.743874 0.955830
vt 0.737167 0.936911
vt 0.739659 0.958706
vt 0.725700 0.947986
vt 0.737516 0.963664
vt 0.721893 0.961149
vt 0.738015 0.969231
vt 0.722612 0.973911
vt 0.422726 0.993933
vt 0.415362 0.998184
vt 0.406858 0.998184
vt 0.399494 0.993933
vt 0.395242 0.986568
vt 0.395242 0.978065
vt 0.399494 0.970701
vt 0.406858 0.966449
vt 0.415362 0.966449
vt 0.422726 0.970701
vt 0.426978 0.978065
vt 0.426978 0.986569
vt 0.740958 0.973682
vt 0.729353 0.985245
vt 0.233339 0.964461
vt 0.240703 0.968713
vt 0.244955 0.976077
vt 0.244955 0.984580
vt 0.240703 0.991945
vt 0.233339 0.996196
vt 0.224836 0.996196
vt 0.217471 0.991945
vt 0.213220 0.984580
vt 0.213220 0.976077
vt 0.217471 0.968713
vt 0.224836 0.964461
s 0
usemtl Material.006
f 2044/1852/1249 2045/1853/1249 2047/1854/1249 2046/1855/1249
f 2046/1855/1250 2047/1854/1250 2049/1856/1250 2048/1857/1250
f 2048/1857/1251 2049/1856/1251 2051/1858/1251 2050/1859/1251
f 2050/1859/1252 2051/1858/1252 2053/1860/1252 2052/1861/1252
f 2052/1861/1253 2053/1860/1253 2055/1862/1253 2054/1863/1253
f 2054/1863/1254 2055/1862/1254 2057/1864/1254 2056/1865/1254
f 2056/1865/1255 2057/1864/1255 2059/1866/1255 2058/1867/1255
f 2058/1867/1256 2059/1866/1256 2061/1868/1256 2060/1869/1256
f 2060/1869/1257 2061/1868/1257 2063/1870/1257 2062/1871/1257
f 2062/1871/1258 2063/1870/1258 2065/1872/1258 2064/1873/1258
f 2047/1874/1259 2045/1875/1259 2067/1876/1259 2065/1877/1259 2063/1878/1259 2061/1879/1259 2059/1880/1259 2057/1881/1259 2055/1882/1259 2053/1883/1259 2051/1884/1259 2049/1885/1259
f 2064/1873/1260 2065/1872/1260 2067/1886/1260 2066/1887/1260
f 2066/1887/1261 2067/1886/1261 2045/1853/1261 2044/1852/1261
f 2044/1888/1262 2046/1889/1262 2048/1890/1262 2050/1891/1262 2052/1892/1262 2054/1893/1262 2056/1894/1262 2058/1895/1262 2060/1896/1262 2062/1897/1262 2064/1898/1262 2066/1899/1262
o Cube.015
v -0.498861 0.587618 0.204125
v -0.498861 0.776553 0.204125
v -0.498861 0.651470 0.020288
v -0.498861 0.783316 0.015808
v -0.400259 0.587618 0.204125
v -0.400259 0.776553 0.204125
v -0.400259 0.651470 0.020288
v -0.400259 0.783316 0.015808
v -0.498861 0.590928 0.076399
v -0.498861 0.565203 0.151367
v -0.498861 0.778471 0.150732
v -0.498861 0.781195 0.074862
v -0.400259 0.565203 0.151367
v -0.400259 0.590928 0.076399
v -0.400259 0.781195 0.074862
v -0.400259 0.778471 0.150732
v -0.498861 0.733185 0.204125
v -0.498861 0.733185 0.018048
v -0.400259 0.733185 0.018048
v -0.400259 0.733185 0.204125
v -0.400259 0.733185 0.076399
v -0.400259 0.733185 0.151367
v -0.498861 0.733185 0.151367
v -0.498861 0.733185 0.076399
vn -1.0000 -0.0000 -0.0000
vn -0.0000 -0.0446 -0.9990
vn 1.0000 -0.0000 -0.0000
vn -0.0000 -0.0000 1.0000
vn -0.0000 -0.9204 0.3910
vn -0.0000 0.9994 0.0359
vn -0.0000 -0.6798 -0.7334
vn -0.0000 -0.0274 -0.9996
vn -0.0000 -0.9459 -0.3246
vt 0.014669 0.692972
vt 0.001658 0.692556
vt 0.001084 0.676553
vt 0.014669 0.677160
vt 0.178680 0.863242
vt 0.178680 0.849644
vt 0.205400 0.849644
vt 0.205400 0.863242
vt 0.014669 0.768600
vt 0.002397 0.768772
vt 0.002916 0.754304
vt 0.014669 0.754304
vt 0.002916 0.727584
vt 0.014669 0.727584
vt 0.948309 0.571131
vt 0.975028 0.571131
vt 0.975028 0.586665
vt 0.948309 0.586665
vt 0.205400 0.813058
vt 0.178680 0.813058
vt 0.178680 0.798580
vt 0.205400 0.798580
vt 0.178680 0.833631
vt 0.205400 0.833631
vt 0.948309 0.527285
vt 0.975028 0.527285
vt 0.975028 0.549654
vt 0.948309 0.549654
vt 0.014669 0.804728
vt 0.001084 0.805335
vt 0.001658 0.789332
vt 0.014669 0.788916
vt 0.002397 0.713115
vt 0.014669 0.713287
vt 0.054115 0.727584
vt 0.060189 0.713287
vt 0.036812 0.804121
vt 0.053218 0.788916
vt 0.054115 0.754304
vt 0.060189 0.768600
vt 0.178680 0.885394
vt 0.205400 0.885394
vt 0.053218 0.692972
vt 0.036812 0.677767
s 0
usemtl Material.006
f 2091/1900/1263 2079/1901/1263 2071/1902/1263 2085/1903/1263
f 2085/1904/1264 2071/1905/1264 2075/1906/1264 2086/1907/1264
f 2089/1908/1265 2083/1909/1265 2073/1910/1265 2087/1911/1265
f 2087/1911/1266 2073/1910/1266 2069/1912/1266 2084/1913/1266
f 2077/1914/1267 2080/1915/1267 2072/1916/1267 2068/1917/1267
f 2083/1918/1268 2078/1919/1268 2069/1920/1268 2073/1921/1268
f 2075/1906/1268 2071/1905/1268 2079/1922/1268 2082/1923/1268
f 2082/1923/1268 2079/1922/1268 2078/1919/1268 2083/1918/1268
f 2070/1924/1269 2074/1925/1269 2081/1926/1269 2076/1927/1269
f 2086/1928/1265 2075/1929/1265 2082/1930/1265 2088/1931/1265
f 2088/1931/1265 2082/1930/1265 2083/1909/1265 2089/1908/1265
f 2084/1913/1263 2069/1912/1263 2078/1932/1263 2090/1933/1263
f 2090/1933/1263 2078/1932/1263 2079/1901/1263 2091/1900/1263
f 2068/1934/1263 2084/1913/1263 2090/1933/1263 2077/1935/1263
f 2074/1936/1265 2086/1928/1265 2088/1931/1265 2081/1937/1265
f 2072/1938/1266 2087/1911/1266 2084/1913/1266 2068/1934/1266
f 2080/1939/1265 2089/1908/1265 2087/1911/1265 2072/1938/1265
f 2070/1940/1270 2085/1904/1270 2086/1907/1270 2074/1941/1270
f 2076/1942/1263 2091/1900/1263 2085/1903/1263 2070/1943/1263
f 2077/1935/1263 2090/1933/1263 2091/1900/1263 2076/1942/1263
f 2081/1937/1265 2088/1931/1265 2089/1908/1265 2080/1939/1265
f 2076/1927/1271 2081/1926/1271 2080/1915/1271 2077/1914/1271
o Cube.016
v -0.485499 0.512199 0.070350
v -0.485499 0.730460 0.024104
v -0.485499 0.511071 -0.058027
v -0.485499 0.655826 -0.077747
v -0.413621 0.512199 0.070350
v -0.413621 0.730460 0.024104
v -0.413621 0.511071 -0.058027
v -0.413621 0.655826 -0.077747
vn -1.0000 -0.0000 -0.0000
vn -0.0000 -0.1350 -0.9908
vn 1.0000 -0.0000 -0.0000
vn -0.0000 0.2073 0.9783
vn -0.0000 -1.0000 0.0088
vn -0.0000 0.8066 -0.5911
vt 0.687475 0.527325
vt 0.740891 0.496593
vt 0.744320 0.531302
vt 0.710913 0.553936
vt 0.737584 0.584218
vt 0.722686 0.597340
vt 0.696014 0.567058
vt 0.669343 0.597340
vt 0.635345 0.589555
vt 0.672576 0.540448
vt 0.631844 0.494202
vt 0.646743 0.481080
vt 0.608792 0.468029
vt 0.623691 0.454907
s 0
usemtl Material.006
f 2092/1944/1272 2093/1945/1272 2095/1946/1272 2094/1947/1272
f 2094/1947/1273 2095/1948/1273 2099/1949/1273 2098/1950/1273
f 2098/1950/1274 2099/1951/1274 2097/1952/1274 2096/1953/1274
f 2096/1953/1275 2097/1954/1275 2093/1955/1275 2092/1944/1275
f 2094/1947/1276 2098/1950/1276 2096/1953/1276 2092/1944/1276
f 2099/1956/1277 2095/1957/1277 2093/1955/1277 2097/1954/1277
o Cube.017
v -0.413621 0.733185 0.076399
v -0.413621 0.733185 0.151367
v -0.485499 0.733185 0.151367
v -0.485499 0.733185 0.076399
v -0.379841 0.733185 0.076399
v -0.379841 0.733185 0.151367
v -0.519279 0.733185 0.151367
v -0.519279 0.733185 0.076399
v -0.485499 0.560478 0.076399
v -0.485499 0.557905 0.151367
v -0.413621 0.557905 0.151367
v -0.413621 0.560478 0.076399
v -0.519279 0.560478 0.076399
v -0.519279 0.557905 0.151367
v -0.379841 0.557905 0.151367
v -0.379841 0.560478 0.076399
vn -0.0000 -0.0000 -1.0000
vn 1.0000 -0.0000 -0.0000
vn -0.0000 -0.0000 1.0000
vn -0.0000 1.0000 -0.0000
vn -1.0000 -0.0000 -0.0000
vn -0.0000 -0.9994 -0.0343
vt 0.834953 0.916394
vt 0.834953 0.966973
vt 0.825580 0.958050
vt 0.827320 0.929169
vt 0.577109 0.441896
vt 0.577713 0.413229
vt 0.591851 0.415700
vt 0.591096 0.444025
vt 0.597874 0.452588
vt 0.603560 0.402590
vt 0.569673 0.452687
vt 0.567791 0.402590
vt 0.268131 0.491560
vt 0.268131 0.531544
vt 0.250775 0.532139
vt 0.250775 0.491560
vt 0.803448 0.920077
vt 0.812755 0.929021
vt 0.810919 0.958081
vt 0.803338 0.970951
vt 0.523852 0.244485
vt 0.523852 0.203906
vt 0.541208 0.204502
vt 0.541208 0.244485
s 0
usemtl Material.006
f 2103/1958/1278 2108/1959/1278 2112/1960/1278 2107/1961/1278
f 2105/1962/1279 2114/1963/1279 2115/1964/1279 2104/1965/1279
f 2100/1966/1278 2104/1965/1278 2115/1964/1278 2111/1967/1278
f 2101/1968/1280 2110/1969/1280 2114/1963/1280 2105/1962/1280
f 2100/1966/1281 2101/1968/1281 2105/1962/1281 2104/1965/1281
f 2100/1970/1282 2111/1971/1282 2110/1972/1282 2101/1973/1282
f 2102/1974/1281 2103/1958/1281 2107/1961/1281 2106/1975/1281
f 2106/1975/1280 2113/1976/1280 2109/1977/1280 2102/1974/1280
f 2110/1969/1283 2111/1967/1283 2115/1964/1283 2114/1963/1283
f 2108/1959/1283 2109/1977/1283 2113/1976/1283 2112/1960/1283
f 2107/1961/1282 2112/1960/1282 2113/1976/1282 2106/1975/1282
f 2102/1978/1279 2109/1979/1279 2108/1980/1279 2103/1981/1279
o Cube.018
v -0.466546 0.823708 0.046910
v -0.468589 0.892980 0.066668
v -0.466546 0.884841 -0.139246
v -0.468589 0.942770 -0.140908
v -0.433636 0.823708 0.046910
v -0.431593 0.892980 0.066668
v -0.433636 0.884841 -0.139246
v -0.431593 0.942770 -0.140908
v -0.470495 0.845938 0.053250
v -0.470495 0.904353 -0.140564
v -0.429688 0.904353 -0.140564
v -0.429688 0.845938 0.053250
v -0.465357 0.937619 -0.148141
v -0.434825 0.937619 -0.148141
v -0.467152 0.908516 -0.154696
v -0.433031 0.908516 -0.154696
vn -0.9990 0.0428 0.0115
vn -0.0000 -0.9592 -0.2826
vn 0.9990 0.0428 0.0115
vn -0.0000 -0.2743 0.9617
vn -0.0000 -0.9501 -0.3120
vn -0.0000 0.9724 0.2332
vn 0.9822 -0.1791 -0.0563
vn -0.0000 -0.0674 -0.9977
vn -0.9822 -0.1791 -0.0563
vn -0.0000 0.2197 -0.9756
vn -0.0000 0.8145 -0.5801
vn 0.9517 0.0794 -0.2966
vn -0.9517 0.0794 -0.2966
vt 0.843332 0.918463
vt 0.856299 0.915344
vt 0.866943 0.968027
vt 0.857025 0.971884
vt 0.885087 0.966501
vt 0.896216 0.972406
vt 0.893341 0.975725
vt 0.883894 0.970809
vt 0.874989 0.966770
vt 0.867816 0.913475
vt 0.879911 0.912372
vt 0.604591 0.778865
vt 0.604079 0.792015
vt 0.594134 0.792015
vt 0.593621 0.778865
vt 0.897806 0.965912
vt 0.889461 0.963021
vt 0.887313 0.911692
vt 0.897806 0.911489
vt 0.603530 0.772651
vt 0.594683 0.772651
vt 0.837120 0.919958
vt 0.851618 0.971332
vt 0.194482 0.492136
vt 0.186463 0.491653
vt 0.186463 0.483446
vt 0.194482 0.482963
vt 0.875409 0.968848
vt 0.867363 0.970563
vt 0.859807 0.975501
s 0
usemtl Material.006
f 2124/1982/1284 2117/1983/1284 2119/1984/1284 2125/1985/1284
f 2126/1986/1285 2125/1987/1285 2130/1988/1285 2131/1989/1285
f 2126/1986/1286 2123/1990/1286 2121/1991/1286 2127/1992/1286
f 2127/1993/1287 2121/1994/1287 2117/1995/1287 2124/1996/1287
f 2118/1997/1288 2122/1998/1288 2120/1999/1288 2116/2000/1288
f 2123/1990/1289 2119/1984/1289 2117/1983/1289 2121/1991/1289
f 2120/2001/1287 2127/1993/1287 2124/1996/1287 2116/2002/1287
f 2122/1998/1290 2126/1986/1290 2127/1992/1290 2120/1999/1290
f 2118/1997/1291 2125/1987/1291 2126/1986/1291 2122/1998/1291
f 2116/2003/1292 2124/1982/1292 2125/1985/1292 2118/2004/1292
f 2130/2005/1293 2128/2006/1293 2129/2007/1293 2131/2008/1293
f 2119/1984/1294 2123/1990/1294 2129/2009/1294 2128/2010/1294
f 2123/1990/1295 2126/1986/1295 2131/1989/1295 2129/2009/1295
f 2125/1985/1296 2119/1984/1296 2128/2010/1296 2130/2011/1296
o Cube.019
v -0.477987 0.620477 0.264715
v -0.477987 0.727391 0.239757
v -0.485499 0.587417 0.186010
v -0.485499 0.727638 0.194673
v -0.421134 0.620477 0.264715
v -0.421134 0.727391 0.239757
v -0.413621 0.587417 0.186010
v -0.413621 0.727638 0.194673
v -0.473962 0.643878 0.254941
v -0.474233 0.648257 0.253669
v -0.424888 0.648257 0.253669
v -0.425159 0.643878 0.254941
v -0.477987 0.649209 0.258008
v -0.477987 0.644771 0.259044
v -0.485499 0.619741 0.188007
v -0.485499 0.624639 0.188309
v -0.413621 0.619741 0.188007
v -0.413621 0.624639 0.188309
v -0.421134 0.644771 0.259044
v -0.421134 0.649209 0.258008
v -0.417266 0.619409 0.192528
v -0.418389 0.624365 0.191630
v -0.481855 0.619409 0.192528
v -0.480732 0.624365 0.191630
vn -0.0000 0.2790 0.9603
vn -0.0000 0.9771 -0.2127
vn -0.0000 0.9973 0.0733
vn -0.9915 0.1075 0.0729
vn -0.0000 -0.9220 0.3873
vn -0.0000 1.0000 0.0055
vn 0.0920 -0.9313 0.3524
vn 0.1663 0.9181 -0.3597
vn -0.0000 -0.1782 -0.9840
vn 0.9915 0.1075 0.0729
vn -0.1663 0.9181 -0.3597
vn -0.0000 -0.9966 -0.0824
vn -0.0920 -0.9313 0.3524
vn -0.0000 -0.9767 0.2144
vn -0.0000 0.2273 0.9738
vn -0.9952 0.0063 0.0974
vn -0.9917 0.0084 0.1280
vn -0.0000 0.0617 -0.9981
vn 0.9917 0.0084 0.1280
vn 0.9952 0.0063 0.0974
vt 0.438430 0.535197
vt 0.438028 0.526978
vt 0.438790 0.526986
vt 0.439188 0.535115
vt 0.971021 0.895883
vt 0.968661 0.889571
vt 0.969216 0.889610
vt 0.971569 0.895363
vt 0.971987 0.881720
vt 0.981964 0.880474
vt 0.981526 0.881185
vt 0.972332 0.882336
vt 0.439017 0.515883
vt 0.439871 0.515781
vt 0.952353 0.903917
vt 0.949309 0.891215
vt 0.964713 0.888927
vt 0.967121 0.898974
vt 0.074930 0.964223
vt 0.085278 0.954111
vt 0.090539 0.961659
vt 0.082354 0.969657
vt 0.091656 0.984149
vt 0.092986 0.976141
vt 0.093637 0.976491
vt 0.092208 0.984197
vt 0.981964 0.902267
vt 0.981513 0.901061
vt 0.438028 0.556242
vt 0.440497 0.546143
vt 0.441358 0.546161
vt 0.438800 0.556624
vt 0.096542 0.993233
vt 0.096640 0.992371
vt 0.097551 0.971007
vt 0.107994 0.970773
vt 0.107503 0.971457
vt 0.097832 0.971578
vt 0.981026 0.908586
vt 0.097071 0.955860
vt 0.074930 0.994862
vt 0.076473 0.977899
vt 0.981132 0.875474
vt 0.970034 0.877321
s 0
usemtl Material.006
f 2142/2012/1297 2141/2013/1297 2140/2014/1297 2143/2015/1297
f 2145/2016/1298 2150/2017/1298 2143/2018/1298 2140/2019/1298
f 2148/2020/1299 2146/2021/1299 2154/2022/1299 2152/2023/1299
f 2141/2013/1300 2155/2024/1300 2154/2025/1300 2140/2014/1300
f 2134/2026/1301 2138/2027/1301 2136/2028/1301 2132/2029/1301
f 2139/2030/1302 2135/2031/1302 2133/2032/1302 2137/2033/1302
f 2149/2034/1303 2151/2035/1303 2142/2036/1303 2153/2037/1303
f 2146/2038/1304 2145/2016/1304 2140/2019/1304 2154/2039/1304
f 2155/2040/1305 2153/2041/1305 2152/2042/1305 2154/2043/1305
f 2153/2041/1306 2142/2012/1306 2143/2015/1306 2152/2042/1306
f 2150/2017/1307 2148/2020/1307 2152/2023/1307 2143/2018/1307
f 2147/2044/1308 2149/2034/1308 2153/2037/1308 2155/2045/1308
f 2144/2046/1309 2147/2047/1309 2155/2048/1309 2141/2049/1309
f 2151/2035/1310 2144/2046/1310 2141/2049/1310 2142/2036/1310
f 2151/2035/1311 2137/2033/1311 2133/2032/1311 2144/2046/1311
f 2132/2029/1312 2145/2016/1312 2146/2038/1312 2134/2050/1312
f 2144/2046/1313 2133/2032/1313 2135/2051/1313 2147/2047/1313
f 2136/2028/1311 2150/2017/1311 2145/2016/1311 2132/2029/1311
f 2147/2044/1314 2135/2052/1314 2139/2053/1314 2149/2034/1314
f 2134/2054/1314 2146/2021/1314 2148/2020/1314 2138/2055/1314
f 2149/2034/1315 2139/2053/1315 2137/2033/1315 2151/2035/1315
f 2138/2055/1316 2148/2020/1316 2150/2017/1316 2136/2028/1316
o Cube.020
v -0.491573 0.506603 0.177837
v -0.491573 0.586554 0.177741
v -0.491573 0.506603 0.063140
v -0.491573 0.640472 0.034939
v -0.407548 0.506603 0.177837
v -0.407548 0.586554 0.177741
v -0.407548 0.506603 0.063140
v -0.407548 0.640472 0.034939
v -0.491573 0.419883 0.177837
v -0.491573 0.421323 0.084019
v -0.407548 0.419883 0.177837
v -0.407548 0.421323 0.084019
v -0.491573 0.278500 0.175667
v -0.491573 0.279740 0.094859
v -0.407548 0.278500 0.175667
v -0.407548 0.279740 0.094859
v -0.485206 0.269635 0.100649
v -0.485206 0.268583 0.169211
v -0.413915 0.269635 0.100649
v -0.413915 0.268583 0.169211
vn -1.0000 -0.0000 -0.0000
vn -0.0000 -0.2061 -0.9785
vn 1.0000 -0.0000 -0.0000
vn -0.0000 0.0012 1.0000
vn -0.0000 -0.2378 -0.9713
vn -0.0000 0.9355 0.3532
vn -0.0000 -0.0153 0.9999
vn -0.0000 -0.0000 1.0000
vn 0.8439 -0.5365 -0.0082
vn -0.0000 -0.0763 -0.9971
vn -0.0000 -0.9999 -0.0153
vn -0.8439 -0.5365 -0.0082
vn -0.0000 -0.5456 0.8381
vn -0.0000 -0.4972 -0.8676
vt 0.308129 0.698512
vt 0.284234 0.697884
vt 0.270298 0.653997
vt 0.310168 0.664654
vt 0.316624 0.780455
vt 0.277297 0.792024
vt 0.270298 0.767836
vt 0.309380 0.756965
vt 0.283949 0.723737
vt 0.307932 0.723407
vt 0.333811 0.749800
vt 0.341268 0.772422
vt 0.764552 0.433158
vt 0.740969 0.433158
vt 0.740969 0.390316
vt 0.764552 0.390316
vt 0.332293 0.723158
vt 0.332962 0.699361
vt 0.367788 0.703083
vt 0.365630 0.721665
vt 0.335409 0.672873
vt 0.367797 0.739737
vt 0.369007 0.721656
vt 0.370619 0.738838
vt 0.378761 0.758420
vt 0.375762 0.683992
vt 0.572208 0.792660
vt 0.572208 0.772651
vt 0.591454 0.772651
vt 0.591454 0.792660
vt 0.378082 0.686761
vt 0.370660 0.703890
vt 0.380795 0.754938
s 0
usemtl Material.006
f 2156/2056/1317 2157/2057/1317 2159/2058/1317 2158/2059/1317
f 2158/2060/1318 2159/2061/1318 2163/2062/1318 2162/2063/1318
f 2162/2063/1319 2163/2062/1319 2161/2064/1319 2160/2065/1319
f 2160/2065/1320 2161/2064/1320 2157/2057/1320 2156/2056/1320
f 2158/2060/1321 2162/2063/1321 2167/2066/1321 2165/2067/1321
f 2163/2068/1322 2159/2069/1322 2157/2070/1322 2161/2071/1322
f 2166/2072/1323 2164/2073/1323 2168/2074/1323 2170/2075/1323
f 2156/2056/1317 2158/2059/1317 2165/2076/1317 2164/2073/1317
f 2162/2063/1319 2160/2065/1319 2166/2072/1319 2167/2066/1319
f 2160/2065/1324 2156/2056/1324 2164/2073/1324 2166/2072/1324
f 2171/2077/1325 2170/2075/1325 2175/2078/1325 2174/2079/1325
f 2165/2067/1326 2167/2066/1326 2171/2077/1326 2169/2080/1326
f 2167/2066/1319 2166/2072/1319 2170/2075/1319 2171/2077/1319
f 2164/2073/1317 2165/2076/1317 2169/2081/1317 2168/2074/1317
f 2172/2082/1327 2174/2083/1327 2175/2084/1327 2173/2085/1327
f 2168/2074/1328 2169/2081/1328 2172/2086/1328 2173/2087/1328
f 2170/2075/1329 2168/2074/1329 2173/2087/1329 2175/2078/1329
f 2169/2080/1330 2171/2077/1330 2174/2079/1330 2172/2088/1330
o Cube.021
v -0.464938 0.104711 0.142114
v -0.473473 0.247718 0.150649
v -0.464938 0.104711 0.109568
v -0.473473 0.247718 0.101033
v -0.434183 0.104711 0.142114
v -0.425648 0.247718 0.150649
v -0.434183 0.104711 0.109568
v -0.425648 0.247718 0.101033
v -0.473473 0.111774 0.101033
v -0.473473 0.111774 0.150649
v -0.425648 0.111774 0.101033
v -0.425648 0.111774 0.150649
v -0.469205 0.106302 0.105300
v -0.469205 0.106302 0.146381
v -0.429915 0.106302 0.105300
v -0.429915 0.106302 0.146381
v -0.464938 0.194546 0.109568
v -0.464938 0.194546 0.142114
v -0.434183 0.194546 0.109568
v -0.434183 0.194546 0.142114
vn -1.0000 -0.0000 -0.0000
vn -0.0000 -0.0000 -1.0000
vn 1.0000 -0.0000 -0.0000
vn -0.0000 -0.0000 1.0000
vn -0.0000 1.0000 -0.0000
vn -0.7886 -0.6149 -0.0000
vn -0.0000 -0.6149 -0.7886
vn 0.7886 -0.6149 -0.0000
vn -0.0000 -0.6149 0.7886
vn -0.0000 -0.9370 0.3493
vn 0.3493 -0.9370 -0.0000
vn -0.0000 -0.9370 -0.3493
vn -0.3493 -0.9370 -0.0000
vn -0.0000 -1.0000 -0.0000
vt 0.852206 0.514176
vt 0.852206 0.548469
vt 0.839690 0.548469
vt 0.839690 0.514176
vt 0.852141 0.501716
vt 0.852141 0.467423
vt 0.864205 0.467423
vt 0.864205 0.501716
vt 0.876786 0.514176
vt 0.876786 0.548469
vt 0.864270 0.548469
vt 0.864270 0.514176
vt 0.776727 0.952375
vt 0.776727 0.944682
vt 0.799200 0.944682
vt 0.799200 0.952375
vt 0.852141 0.454907
vt 0.864205 0.454907
vt 0.853884 0.503454
vt 0.853803 0.512568
vt 0.862608 0.503323
vt 0.862527 0.512438
vt 0.854846 0.511517
vt 0.861513 0.511428
vt 0.861565 0.504375
vt 0.854898 0.504464
vt 0.260437 0.565163
vt 0.268131 0.565163
vt 0.268131 0.573305
vt 0.260437 0.573305
vt 0.776727 0.968210
vt 0.776727 0.960517
vt 0.799200 0.960517
vt 0.799200 0.968210
vt 0.776727 0.936540
vt 0.799200 0.936540
s 0
usemtl Material.006
f 2185/2089/1331 2177/2090/1331 2179/2091/1331 2184/2092/1331
f 2184/2093/1332 2179/2094/1332 2183/2095/1332 2186/2096/1332
f 2186/2097/1333 2183/2098/1333 2181/2099/1333 2187/2100/1333
f 2187/2100/1334 2181/2099/1334 2177/2090/1334 2185/2089/1334
f 2180/2101/1332 2176/2102/1332 2193/2103/1332 2195/2104/1332
f 2183/2095/1335 2179/2094/1335 2177/2105/1335 2181/2106/1335
f 2188/2107/1336 2189/2108/1336 2185/2089/1336 2184/2093/1336
f 2190/2109/1337 2188/2107/1337 2184/2093/1337 2186/2096/1337
f 2191/2110/1338 2190/2109/1338 2186/2096/1338 2187/2100/1338
f 2189/2108/1339 2191/2110/1339 2187/2100/1339 2185/2089/1339
f 2176/2111/1340 2180/2112/1340 2191/2110/1340 2189/2108/1340
f 2180/2112/1341 2182/2113/1341 2190/2109/1341 2191/2110/1341
f 2182/2113/1342 2178/2114/1342 2188/2107/1342 2190/2109/1342
f 2178/2114/1343 2176/2111/1343 2189/2108/1343 2188/2107/1343
f 2192/2115/1344 2194/2116/1344 2195/2117/1344 2193/2118/1344
f 2178/2119/1334 2182/2120/1334 2194/2121/1334 2192/2122/1334
f 2182/2120/1331 2180/2101/1331 2195/2104/1331 2194/2121/1331
f 2176/2102/1333 2178/2123/1333 2192/2124/1333 2193/2103/1333
o Cube.022
v -0.467149 0.222579 0.144088
v -0.467149 0.284797 0.144088
v -0.467149 0.222579 0.107593
v -0.467149 0.284797 0.107593
v -0.431972 0.222579 0.144088
v -0.431972 0.284797 0.144088
v -0.431972 0.222579 0.107593
v -0.431972 0.284797 0.107593
vn -1.0000 -0.0000 -0.0000
vn -0.0000 -0.0000 -1.0000
vn 1.0000 -0.0000 -0.0000
vn -0.0000 -0.0000 1.0000
vn -0.0000 -1.0000 -0.0000
vn -0.0000 1.0000 -0.0000
vt 0.394663 0.762126
vt 0.411849 0.762126
vt 0.411849 0.772206
vt 0.394663 0.772206
vt 0.411849 0.781923
vt 0.394663 0.781923
vt 0.411849 0.792003
vt 0.394663 0.792003
vt 0.394663 0.752409
vt 0.411849 0.752409
vt 0.384583 0.781923
vt 0.384583 0.772206
vt 0.421929 0.772206
vt 0.421929 0.781923
s 0
usemtl Material.006
f 2196/2125/1345 2197/2126/1345 2199/2127/1345 2198/2128/1345
f 2198/2128/1346 2199/2127/1346 2203/2129/1346 2202/2130/1346
f 2202/2130/1347 2203/2129/1347 2201/2131/1347 2200/2132/1347
f 2200/2133/1348 2201/2134/1348 2197/2126/1348 2196/2125/1348
f 2198/2128/1349 2202/2130/1349 2200/2135/1349 2196/2136/1349
f 2203/2129/1350 2199/2127/1350 2197/2137/1350 2201/2138/1350
o Cube.037
v 0.476450 1.340721 0.008604
v 0.486073 1.340721 -0.001067
v 0.496625 1.479128 0.016296
v 0.487002 1.479128 0.025967
v 0.486073 1.340721 -0.077070
v 0.476449 1.340721 -0.086670
v 0.487001 1.479128 -0.090412
v 0.496625 1.479128 -0.080812
v 0.390799 1.340721 -0.001067
v 0.400422 1.340721 0.008604
v 0.389870 1.479128 0.025967
v 0.380247 1.479128 0.016296
v 0.400423 1.340721 -0.086670
v 0.390799 1.340721 -0.077070
v 0.380247 1.479128 -0.080812
v 0.389871 1.479128 -0.090412
v -0.476450 1.340721 0.008604
v -0.486074 1.340721 -0.001067
v -0.496626 1.479128 0.016296
v -0.487002 1.479128 0.025967
v -0.486074 1.340721 -0.077070
v -0.476450 1.340721 -0.086670
v -0.487002 1.479128 -0.090412
v -0.496626 1.479128 -0.080812
v -0.390799 1.340721 -0.001067
v -0.400423 1.340721 0.008604
v -0.389871 1.479128 0.025967
v -0.380247 1.479128 0.016296
v -0.400423 1.340721 -0.086670
v -0.390799 1.340721 -0.077070
v -0.380247 1.479128 -0.080812
v -0.389871 1.479128 -0.090412
vn 0.7017 -0.1411 0.6983
vn 0.7043 -0.0728 -0.7061
vn -0.7043 -0.0728 -0.7061
vn -0.7017 -0.1411 0.6983
vn -0.0000 -1.0000 -0.0000
vn 0.9971 -0.0760 -0.0000
vn -0.0000 -0.1245 0.9922
vn -0.0000 1.0000 -0.0000
vn -0.0000 -0.0270 -0.9996
vn -0.9971 -0.0760 -0.0000
vt 0.970461 0.026436
vt 0.969642 0.025244
vt 0.982151 0.017279
vt 0.982969 0.018471
vt 0.974601 0.008298
vt 0.975587 0.009349
vt 0.964505 0.019037
vt 0.963519 0.017986
vt 0.991326 0.038750
vt 0.991654 0.040153
vt 0.977447 0.044003
vt 0.977118 0.042600
vt 0.987829 0.027549
vt 0.988367 0.028891
vt 0.974802 0.034883
vt 0.974264 0.033541
vt 0.969510 0.026684
vt 0.963302 0.031823
vt 0.961862 0.031683
vt 0.956725 0.025477
vt 0.956862 0.024043
vt 0.963070 0.018904
vt 0.985090 0.001483
vt 0.991654 0.009412
vt 0.991522 0.010853
vt 0.983590 0.017418
vt 0.975724 0.007915
vt 0.983655 0.001349
vt 0.957769 0.012339
vt 0.967255 0.001084
s 0
usemtl Material.006
f 2204/2139/1351 2205/2140/1351 2206/2141/1351 2207/2142/1351
f 2210/2143/1352 2211/2144/1352 2208/2145/1352 2209/2146/1352
f 2218/2147/1353 2219/2148/1353 2216/2149/1353 2217/2150/1353
f 2214/2151/1354 2215/2152/1354 2212/2153/1354 2213/2154/1354
f 2208/2145/1355 2205/2140/1355 2204/2155/1355 2213/2156/1355 2212/2157/1355 2217/2158/1355 2216/2159/1355 2209/2160/1355
f 2205/2140/1356 2208/2145/1356 2211/2144/1356 2206/2141/1356
f 2213/2154/1357 2204/2139/1357 2207/2142/1357 2214/2151/1357
f 2218/2161/1358 2215/2162/1358 2214/2163/1358 2207/2164/1358 2206/2141/1358 2211/2144/1358 2210/2165/1358 2219/2166/1358
f 2209/2146/1359 2216/2167/1359 2219/2168/1359 2210/2143/1359
f 2217/2150/1360 2212/2153/1360 2215/2152/1360 2218/2147/1360
f 2220/2139/1354 2223/2142/1354 2222/2141/1354 2221/2140/1354
f 2226/2143/1353 2225/2146/1353 2224/2145/1353 2227/2144/1353
f 2234/2147/1352 2233/2150/1352 2232/2149/1352 2235/2148/1352
f 2230/2151/1351 2229/2154/1351 2228/2153/1351 2231/2152/1351
f 2224/2145/1355 2225/2160/1355 2232/2159/1355 2233/2158/1355 2228/2157/1355 2229/2156/1355 2220/2155/1355 2221/2140/1355
f 2221/2140/1360 2222/2141/1360 2227/2144/1360 2224/2145/1360
f 2229/2154/1357 2230/2151/1357 2223/2142/1357 2220/2139/1357
f 2234/2161/1358 2235/2166/1358 2226/2165/1358 2227/2144/1358 2222/2141/1358 2223/2164/1358 2230/2163/1358 2231/2162/1358
f 2225/2146/1359 2226/2143/1359 2235/2168/1359 2232/2167/1359
f 2233/2150/1356 2234/2147/1356 2231/2152/1356 2228/2153/1356
o Sphere
v 0.442511 1.346963 -0.070685
v 0.442511 1.324139 -0.083863
v 0.442511 1.297783 -0.083863
v 0.442511 1.285504 -0.078777
v 0.435922 1.360141 -0.046096
v 0.429782 1.355055 -0.056730
v 0.424510 1.346963 -0.065862
v 0.420464 1.336419 -0.072869
v 0.417921 1.324139 -0.077274
v 0.417054 1.310961 -0.078777
v 0.417921 1.297783 -0.077274
v 0.420464 1.285504 -0.072869
v 0.424510 1.274959 -0.065862
v 0.429782 1.266868 -0.056730
v 0.435922 1.261781 -0.046096
v 0.431099 1.360141 -0.041272
v 0.420464 1.355055 -0.047412
v 0.411332 1.346963 -0.052684
v 0.404325 1.336419 -0.056730
v 0.399920 1.324139 -0.059273
v 0.398418 1.310961 -0.060141
v 0.399920 1.297783 -0.059273
v 0.404325 1.285504 -0.056730
v 0.411332 1.274959 -0.052684
v 0.420464 1.266868 -0.047412
v 0.431099 1.261781 -0.041272
v 0.429333 1.360141 -0.034683
v 0.417054 1.355055 -0.034683
v 0.406509 1.346963 -0.034683
v 0.398418 1.336419 -0.034683
v 0.393331 1.324139 -0.034683
v 0.391596 1.310961 -0.034683
v 0.393331 1.297783 -0.034683
v 0.398418 1.285504 -0.034683
v 0.406509 1.274959 -0.034683
v 0.417054 1.266868 -0.034683
v 0.429333 1.261781 -0.034683
v 0.431099 1.360141 -0.028094
v 0.420464 1.355055 -0.021955
v 0.411332 1.346963 -0.016682
v 0.404325 1.336419 -0.012637
v 0.399920 1.324139 -0.010093
v 0.398418 1.310961 -0.009226
v 0.399920 1.297783 -0.010093
v 0.404325 1.285504 -0.012637
v 0.411332 1.274959 -0.016682
v 0.420464 1.266868 -0.021955
v 0.431099 1.261781 -0.028094
v 0.435922 1.360141 -0.023271
v 0.429782 1.355055 -0.012637
v 0.424510 1.346963 -0.003505
v 0.420464 1.336419 0.003503
v 0.417921 1.324139 0.007908
v 0.417054 1.310961 0.009410
v 0.417921 1.297783 0.007908
v 0.420464 1.285504 0.003503
v 0.424510 1.274959 -0.003505
v 0.429782 1.266868 -0.012637
v 0.435922 1.261781 -0.023271
v 0.442511 1.360141 -0.021506
v 0.442511 1.355055 -0.009226
v 0.442511 1.346963 0.001319
v 0.442511 1.336419 0.009410
v 0.442511 1.324139 0.014497
v 0.442511 1.310961 0.016231
v 0.442511 1.297783 0.014497
v 0.442511 1.285504 0.009410
v 0.442511 1.274959 0.001319
v 0.442511 1.266868 -0.009226
v 0.442511 1.261781 -0.021506
v 0.449100 1.360141 -0.023271
v 0.455240 1.355055 -0.012637
v 0.460512 1.346963 -0.003505
v 0.464558 1.336419 0.003503
v 0.467101 1.324139 0.007908
v 0.467968 1.310961 0.009410
v 0.467101 1.297783 0.007908
v 0.464558 1.285504 0.003503
v 0.460512 1.274959 -0.003505
v 0.455240 1.266868 -0.012637
v 0.449100 1.261781 -0.023271
v 0.453923 1.360141 -0.028094
v 0.464558 1.355055 -0.021955
v 0.473690 1.346963 -0.016682
v 0.480697 1.336419 -0.012637
v 0.485102 1.324139 -0.010093
v 0.486605 1.310961 -0.009226
v 0.485102 1.297783 -0.010093
v 0.480697 1.285504 -0.012637
v 0.473690 1.274959 -0.016682
v 0.464558 1.266868 -0.021955
v 0.453923 1.261781 -0.028094
v 0.442511 1.361876 -0.034683
v 0.455689 1.360141 -0.034683
v 0.467968 1.355055 -0.034683
v 0.478513 1.346963 -0.034683
v 0.486605 1.336419 -0.034683
v 0.491691 1.324139 -0.034683
v 0.493426 1.310961 -0.034683
v 0.491691 1.297783 -0.034683
v 0.486605 1.285504 -0.034683
v 0.478513 1.274959 -0.034683
v 0.467968 1.266868 -0.034683
v 0.455689 1.261781 -0.034683
v 0.453923 1.360141 -0.041272
v 0.464558 1.355055 -0.047412
v 0.473690 1.346963 -0.052684
v 0.480697 1.336419 -0.056730
v 0.485102 1.324139 -0.059273
v 0.486605 1.310961 -0.060141
v 0.485102 1.297783 -0.059273
v 0.480697 1.285504 -0.056730
v 0.473690 1.274959 -0.052684
v 0.464558 1.266868 -0.047412
v 0.453923 1.261781 -0.041272
v 0.449100 1.360141 -0.046096
v 0.455240 1.355055 -0.056730
v 0.460512 1.346963 -0.065862
v 0.464558 1.336419 -0.072869
v 0.467101 1.324139 -0.077274
v 0.467968 1.310961 -0.078777
v 0.467101 1.297783 -0.077274
v 0.464558 1.285504 -0.072869
v 0.460512 1.274959 -0.065862
v 0.455240 1.266868 -0.056730
v 0.449100 1.261781 -0.046096
v 0.442511 1.360141 -0.047861
v 0.442511 1.355055 -0.060141
v 0.442511 1.336419 -0.078777
v 0.442511 1.310961 -0.085598
v 0.442511 1.274959 -0.070685
v 0.442511 1.266868 -0.060141
v 0.442511 1.261781 -0.047861
v 0.442511 1.260047 -0.034683
v -0.442512 1.346963 -0.070685
v -0.442512 1.324139 -0.083863
v -0.442512 1.297783 -0.083863
v -0.442512 1.285504 -0.078777
v -0.435923 1.360141 -0.046096
v -0.429783 1.355055 -0.056730
v -0.424511 1.346963 -0.065862
v -0.420465 1.336419 -0.072869
v -0.417922 1.324139 -0.077274
v -0.417054 1.310961 -0.078777
v -0.417922 1.297783 -0.077274
v -0.420465 1.285504 -0.072869
v -0.424511 1.274959 -0.065862
v -0.429783 1.266868 -0.056730
v -0.435923 1.261781 -0.046096
v -0.431099 1.360141 -0.041272
v -0.420465 1.355055 -0.047412
v -0.411333 1.346963 -0.052684
v -0.404326 1.336419 -0.056730
v -0.399921 1.324139 -0.059273
v -0.398418 1.310961 -0.060141
v -0.399921 1.297783 -0.059273
v -0.404326 1.285504 -0.056730
v -0.411333 1.274959 -0.052684
v -0.420465 1.266868 -0.047412
v -0.431099 1.261781 -0.041272
v -0.429334 1.360141 -0.034683
v -0.417054 1.355055 -0.034683
v -0.406509 1.346963 -0.034683
v -0.398418 1.336419 -0.034683
v -0.393332 1.324139 -0.034683
v -0.391597 1.310961 -0.034683
v -0.393332 1.297783 -0.034683
v -0.398418 1.285504 -0.034683
v -0.406509 1.274959 -0.034683
v -0.417054 1.266868 -0.034683
v -0.429334 1.261781 -0.034683
v -0.431099 1.360141 -0.028094
v -0.420465 1.355055 -0.021955
v -0.411333 1.346963 -0.016682
v -0.404326 1.336419 -0.012637
v -0.399921 1.324139 -0.010093
v -0.398418 1.310961 -0.009226
v -0.399921 1.297783 -0.010093
v -0.404326 1.285504 -0.012637
v -0.411333 1.274959 -0.016682
v -0.420465 1.266868 -0.021955
v -0.431099 1.261781 -0.028094
v -0.435923 1.360141 -0.023271
v -0.429783 1.355055 -0.012637
v -0.424511 1.346963 -0.003505
v -0.420465 1.336419 0.003503
v -0.417922 1.324139 0.007908
v -0.417054 1.310961 0.009410
v -0.417922 1.297783 0.007908
v -0.420465 1.285504 0.003503
v -0.424511 1.274959 -0.003505
v -0.429783 1.266868 -0.012637
v -0.435923 1.261781 -0.023271
v -0.442512 1.360141 -0.021506
v -0.442512 1.355055 -0.009226
v -0.442512 1.346963 0.001319
v -0.442512 1.336419 0.009410
v -0.442512 1.324139 0.014497
v -0.442512 1.310961 0.016231
v -0.442512 1.297783 0.014497
v -0.442512 1.285504 0.009410
v -0.442512 1.274959 0.001319
v -0.442512 1.266868 -0.009226
v -0.442512 1.261781 -0.021506
v -0.449100 1.360141 -0.023271
v -0.455240 1.355055 -0.012637
v -0.460513 1.346963 -0.003505
v -0.464558 1.336419 0.003503
v -0.467101 1.324139 0.007908
v -0.467969 1.310961 0.009410
v -0.467101 1.297783 0.007908
v -0.464558 1.285504 0.003503
v -0.460513 1.274959 -0.003505
v -0.455240 1.266868 -0.012637
v -0.449100 1.261781 -0.023271
v -0.453924 1.360141 -0.028094
v -0.464558 1.355055 -0.021955
v -0.473690 1.346963 -0.016682
v -0.480698 1.336419 -0.012637
v -0.485103 1.324139 -0.010093
v -0.486605 1.310961 -0.009226
v -0.485103 1.297783 -0.010093
v -0.480698 1.285504 -0.012637
v -0.473690 1.274959 -0.016682
v -0.464558 1.266868 -0.021955
v -0.453924 1.261781 -0.028094
v -0.442512 1.361876 -0.034683
v -0.455689 1.360141 -0.034683
v -0.467969 1.355055 -0.034683
v -0.478514 1.346963 -0.034683
v -0.486605 1.336419 -0.034683
v -0.491691 1.324139 -0.034683
v -0.493426 1.310961 -0.034683
v -0.491691 1.297783 -0.034683
v -0.486605 1.285504 -0.034683
v -0.478514 1.274959 -0.034683
v -0.467969 1.266868 -0.034683
v -0.455689 1.261781 -0.034683
v -0.453924 1.360141 -0.041272
v -0.464558 1.355055 -0.047412
v -0.473690 1.346963 -0.052684
v -0.480698 1.336419 -0.056730
v -0.485103 1.324139 -0.059273
v -0.486605 1.310961 -0.060141
v -0.485103 1.297783 -0.059273
v -0.480698 1.285504 -0.056730
v -0.473690 1.274959 -0.052684
v -0.464558 1.266868 -0.047412
v -0.453924 1.261781 -0.041272
v -0.449100 1.360141 -0.046096
v -0.455240 1.355055 -0.056730
v -0.460513 1.346963 -0.065862
v -0.464558 1.336419 -0.072869
v -0.467101 1.324139 -0.077274
v -0.467969 1.310961 -0.078777
v -0.467101 1.297783 -0.077274
v -0.464558 1.285504 -0.072869
v -0.460513 1.274959 -0.065862
v -0.455240 1.266868 -0.056730
v -0.449100 1.261781 -0.046096
v -0.442512 1.360141 -0.047861
v -0.442512 1.355055 -0.060141
v -0.442512 1.336419 -0.078777
v -0.442512 1.310961 -0.085598
v -0.442512 1.274959 -0.070685
v -0.442512 1.266868 -0.060141
v -0.442512 1.261781 -0.047861
v -0.442512 1.260047 -0.034683
vn -0.0000 0.6965 -0.7176
vn -0.0000 0.2536 -0.9673
vn -0.0000 -0.2536 -0.9673
vn -0.0000 -0.4909 -0.8712
vn -0.1394 0.9603 -0.2415
vn -0.2580 0.8566 -0.4468
vn -0.3588 0.6965 -0.6215
vn -0.4356 0.4909 -0.7545
vn -0.4837 0.2536 -0.8377
vn -0.5000 -0.0000 -0.8660
vn -0.4837 -0.2536 -0.8377
vn -0.4356 -0.4909 -0.7545
vn -0.3588 -0.6965 -0.6215
vn -0.2580 -0.8566 -0.4468
vn -0.1394 -0.9603 -0.2415
vn -0.2415 0.9603 -0.1394
vn -0.4468 0.8566 -0.2580
vn -0.6215 0.6965 -0.3588
vn -0.7545 0.4909 -0.4356
vn -0.8377 0.2536 -0.4837
vn -0.8660 -0.0000 -0.5000
vn -0.8377 -0.2536 -0.4837
vn -0.7545 -0.4909 -0.4356
vn -0.6215 -0.6965 -0.3588
vn -0.4468 -0.8566 -0.2580
vn -0.2415 -0.9603 -0.1394
vn -0.2789 0.9603 -0.0000
vn -0.5159 0.8566 -0.0000
vn -0.7176 0.6965 -0.0000
vn -0.8712 0.4909 -0.0000
vn -0.9673 0.2536 -0.0000
vn -1.0000 -0.0000 -0.0000
vn -0.9673 -0.2536 -0.0000
vn -0.8712 -0.4909 -0.0000
vn -0.7176 -0.6965 -0.0000
vn -0.5159 -0.8566 -0.0000
vn -0.2789 -0.9603 -0.0000
vn -0.2415 0.9603 0.1394
vn -0.4468 0.8566 0.2580
vn -0.6215 0.6965 0.3588
vn -0.7545 0.4909 0.4356
vn -0.8377 0.2536 0.4837
vn -0.8660 -0.0000 0.5000
vn -0.8377 -0.2536 0.4837
vn -0.7545 -0.4909 0.4356
vn -0.6215 -0.6965 0.3588
vn -0.4468 -0.8566 0.2580
vn -0.2415 -0.9603 0.1394
vn -0.1394 0.9603 0.2415
vn -0.2580 0.8566 0.4468
vn -0.3588 0.6965 0.6215
vn -0.4356 0.4909 0.7545
vn -0.4837 0.2536 0.8377
vn -0.5000 -0.0000 0.8660
vn -0.4837 -0.2536 0.8377
vn -0.4356 -0.4909 0.7545
vn -0.3588 -0.6965 0.6215
vn -0.2580 -0.8566 0.4468
vn -0.1394 -0.9603 0.2415
vn -0.0000 0.9603 0.2789
vn -0.0000 0.8566 0.5159
vn -0.0000 0.6965 0.7176
vn -0.0000 0.4909 0.8712
vn -0.0000 0.2536 0.9673
vn -0.0000 -0.0000 1.0000
vn -0.0000 -0.2536 0.9673
vn -0.0000 -0.4909 0.8712
vn -0.0000 -0.6965 0.7176
vn -0.0000 -0.8566 0.5159
vn -0.0000 -0.9603 0.2789
vn 0.1394 0.9603 0.2415
vn 0.2580 0.8566 0.4468
vn 0.3588 0.6965 0.6215
vn 0.4356 0.4909 0.7545
vn 0.4837 0.2536 0.8377
vn 0.5000 -0.0000 0.8660
vn 0.4837 -0.2536 0.8377
vn 0.4356 -0.4909 0.7545
vn 0.3588 -0.6965 0.6215
vn 0.2580 -0.8566 0.4468
vn 0.1394 -0.9603 0.2415
vn 0.2415 0.9603 0.1394
vn 0.4468 0.8566 0.2580
vn 0.6215 0.6965 0.3588
vn 0.7545 0.4909 0.4356
vn 0.8377 0.2536 0.4837
vn 0.8660 -0.0000 0.5000
vn 0.8377 -0.2536 0.4837
vn 0.7545 -0.4909 0.4356
vn 0.6215 -0.6965 0.3588
vn 0.4468 -0.8566 0.2580
vn 0.2415 -0.9603 0.1394
vn -0.0000 1.0000 -0.0000
vn 0.2789 0.9603 -0.0000
vn 0.5159 0.8566 -0.0000
vn 0.7176 0.6965 -0.0000
vn 0.8712 0.4909 -0.0000
vn 0.9673 0.2536 -0.0000
vn 1.0000 -0.0000 -0.0000
vn 0.9673 -0.2536 -0.0000
vn 0.8712 -0.4909 -0.0000
vn 0.7176 -0.6965 -0.0000
vn 0.5159 -0.8566 -0.0000
vn 0.2789 -0.9603 -0.0000
vn 0.2415 0.9603 -0.1394
vn 0.4468 0.8566 -0.2580
vn 0.6215 0.6965 -0.3588
vn 0.7545 0.4909 -0.4356
vn 0.8377 0.2536 -0.4837
vn 0.8660 -0.0000 -0.5000
vn 0.8377 -0.2536 -0.4837
vn 0.7545 -0.4909 -0.4356
vn 0.6215 -0.6965 -0.3588
vn 0.4468 -0.8566 -0.2580
vn 0.2415 -0.9603 -0.1394
vn 0.1394 0.9603 -0.2415
vn 0.2580 0.8566 -0.4468
vn 0.3588 0.6965 -0.6215
vn 0.4356 0.4909 -0.7545
vn 0.4837 0.2536 -0.8377
vn 0.5000 -0.0000 -0.8660
vn 0.4837 -0.2536 -0.8377
vn 0.4356 -0.4909 -0.7545
vn 0.3588 -0.6965 -0.6215
vn 0.2580 -0.8566 -0.4468
vn 0.1394 -0.9603 -0.2415
vn -0.0000 0.9603 -0.2789
vn -0.0000 0.8566 -0.5159
vn -0.0000 0.4909 -0.8712
vn -0.0000 -0.0000 -1.0000
vn -0.0000 -0.6965 -0.7176
vn -0.0000 -0.8566 -0.5159
vn -0.0000 -0.9603 -0.2789
vn -0.0000 -1.0000 -0.0000
vt 0.914260 0.439847
vt 0.914179 0.435742
vt 0.916760 0.434951
vt 0.916907 0.440411
vt 0.988900 0.508179
vt 0.988759 0.513701
vt 0.986116 0.513000
vt 0.986247 0.508862
vt 0.906496 0.437949
vt 0.908259 0.437431
vt 0.908273 0.438378
vt 0.982005 0.509859
vt 0.981976 0.511784
vt 0.980158 0.511264
vt 0.980187 0.510311
vt 0.912052 0.439279
vt 0.911964 0.436365
vt 0.992017 0.507440
vt 0.992017 0.514556
vt 0.984017 0.509379
vt 0.983893 0.512342
vt 0.910082 0.438814
vt 0.910061 0.436907
vt 0.919975 0.434114
vt 0.919975 0.441140
vt 0.978398 0.510737
vt 0.982394 0.514883
vt 0.980960 0.513428
vt 0.909057 0.435270
vt 0.910497 0.433818
vt 0.913960 0.430200
vt 0.916424 0.427806
vt 0.983958 0.516498
vt 0.907759 0.436623
vt 0.979657 0.512072
vt 0.912090 0.432190
vt 0.985923 0.518525
vt 0.988385 0.520949
vt 0.980976 0.521265
vt 0.980367 0.518541
vt 0.906927 0.436179
vt 0.979262 0.514333
vt 0.978821 0.512516
vt 0.907876 0.432416
vt 0.908437 0.430108
vt 0.981886 0.524674
vt 0.979766 0.516302
vt 0.907366 0.434364
vt 0.909095 0.427496
vt 0.909999 0.423967
vt 0.976150 0.518460
vt 0.976793 0.516201
vt 0.905985 0.436192
vt 0.905464 0.434416
vt 0.977881 0.512482
vt 0.904217 0.430240
vt 0.903422 0.427477
vt 0.975315 0.521075
vt 0.977355 0.514258
vt 0.904906 0.432450
vt 0.974246 0.524606
vt 0.902495 0.424239
vt 0.968003 0.520419
vt 0.970556 0.518145
vt 0.974202 0.514708
vt 0.975694 0.513290
vt 0.903819 0.435372
vt 0.902320 0.433974
vt 0.898614 0.430499
vt 0.895984 0.427977
vt 0.972519 0.516305
vt 0.905169 0.436675
vt 0.977075 0.511999
vt 0.900575 0.432380
vt 0.967906 0.513297
vt 0.970572 0.512610
vt 0.904718 0.437512
vt 0.974810 0.511586
vt 0.976620 0.511170
vt 0.900880 0.436609
vt 0.898575 0.436133
vt 0.964771 0.514045
vt 0.972818 0.512045
vt 0.902883 0.437062
vt 0.895822 0.435431
vt 0.892516 0.434630
vt 0.896076 0.441166
vt 0.892511 0.442276
vt 0.970702 0.508439
vt 0.972937 0.509094
vt 0.904730 0.438463
vt 0.902911 0.439015
vt 0.976639 0.510225
vt 0.898798 0.440318
vt 0.968047 0.507737
vt 0.974848 0.509685
vt 0.900970 0.439591
vt 0.964770 0.506873
vt 0.968442 0.500457
vt 0.970905 0.502899
vt 0.974430 0.506555
vt 0.975832 0.508029
vt 0.903947 0.440660
vt 0.902529 0.442128
vt 0.899154 0.445996
vt 0.896843 0.448688
vt 0.972869 0.504936
vt 0.905224 0.439280
vt 0.977128 0.509410
vt 0.900991 0.443875
vt 0.904716 0.445807
vt 0.904211 0.448522
vt 0.975873 0.500177
vt 0.976471 0.502908
vt 0.906062 0.439738
vt 0.977532 0.507141
vt 0.977964 0.508949
vt 0.905170 0.443536
vt 0.974979 0.496760
vt 0.977066 0.505152
vt 0.905639 0.441545
vt 0.903590 0.451917
vt 0.909763 0.448182
vt 0.910885 0.451368
vt 0.980686 0.503003
vt 0.980031 0.505258
vt 0.907013 0.439705
vt 0.907546 0.441507
vt 0.978916 0.508980
vt 0.908869 0.445616
vt 0.981533 0.500395
vt 0.979441 0.507176
vt 0.908150 0.443444
vt 0.982618 0.496872
vt 0.910685 0.441902
vt 0.912330 0.443432
vt 0.988827 0.501087
vt 0.986273 0.503345
vt 0.982580 0.506752
vt 0.981108 0.508156
vt 0.909202 0.440515
vt 0.914345 0.445198
vt 0.916824 0.447371
vt 0.984309 0.505176
vt 0.907828 0.439216
vt 0.979736 0.509469
s 1
usemtl Material.006
f 2239/2169/1364 2247/2170/1372 2246/2171/1371 2238/2172/1363
f 2237/2173/1362 2244/2174/1369 2243/2175/1368 2364/2176/1489
f 2369/2177/1494 2250/2178/1375 2368/2179/1493
f 2363/2180/1488 2241/2181/1366 2240/2182/1365 2362/2183/1487
f 2366/2184/1491 2248/2185/1373 2247/2170/1372 2239/2169/1364
f 2365/2186/1490 2245/2187/1370 2244/2174/1369 2237/2173/1362
f 2236/2188/1361 2242/2189/1367 2241/2181/1366 2363/2180/1488
f 2367/2190/1492 2249/2191/1374 2248/2185/1373 2366/2184/1491
f 2238/2172/1363 2246/2171/1371 2245/2192/1370 2365/2193/1490
f 2364/2176/1489 2243/2175/1368 2242/2189/1367 2236/2188/1361
f 2368/2179/1493 2250/2178/1375 2249/2191/1374 2367/2190/1492
f 2362/2183/1487 2240/2182/1365 2328/2194/1453
f 2242/2189/1367 2253/2195/1378 2252/2196/1377 2241/2181/1366
f 2249/2191/1374 2260/2197/1385 2259/2198/1384 2248/2185/1373
f 2246/2171/1371 2257/2199/1382 2256/2200/1381 2245/2192/1370
f 2243/2175/1368 2254/2201/1379 2253/2195/1378 2242/2189/1367
f 2250/2178/1375 2261/2202/1386 2260/2197/1385 2249/2191/1374
f 2240/2182/1365 2251/2203/1376 2328/2194/1453
f 2247/2170/1372 2258/2204/1383 2257/2199/1382 2246/2171/1371
f 2244/2174/1369 2255/2205/1380 2254/2201/1379 2243/2175/1368
f 2369/2177/1494 2261/2202/1386 2250/2178/1375
f 2241/2181/1366 2252/2196/1377 2251/2203/1376 2240/2182/1365
f 2248/2185/1373 2259/2198/1384 2258/2204/1383 2247/2170/1372
f 2245/2187/1370 2256/2206/1381 2255/2205/1380 2244/2174/1369
f 2255/2205/1380 2266/2207/1391 2265/2208/1390 2254/2201/1379
f 2369/2177/1494 2272/2209/1397 2261/2202/1386
f 2252/2196/1377 2263/2210/1388 2262/2211/1387 2251/2203/1376
f 2259/2198/1384 2270/2212/1395 2269/2213/1394 2258/2204/1383
f 2256/2206/1381 2267/2214/1392 2266/2207/1391 2255/2205/1380
f 2253/2195/1378 2264/2215/1389 2263/2210/1388 2252/2196/1377
f 2260/2197/1385 2271/2216/1396 2270/2212/1395 2259/2198/1384
f 2257/2199/1382 2268/2217/1393 2267/2218/1392 2256/2200/1381
f 2254/2201/1379 2265/2208/1390 2264/2215/1389 2253/2195/1378
f 2261/2202/1386 2272/2209/1397 2271/2216/1396 2260/2197/1385
f 2251/2203/1376 2262/2211/1387 2328/2194/1453
f 2258/2204/1383 2269/2213/1394 2268/2217/1393 2257/2199/1382
f 2265/2208/1390 2276/2219/1401 2275/2220/1400 2264/2215/1389
f 2272/2209/1397 2283/2221/1408 2282/2222/1407 2271/2216/1396
f 2262/2211/1387 2273/2223/1398 2328/2194/1453
f 2269/2213/1394 2280/2224/1405 2279/2225/1404 2268/2217/1393
f 2266/2207/1391 2277/2226/1402 2276/2219/1401 2265/2208/1390
f 2369/2177/1494 2283/2221/1408 2272/2209/1397
f 2263/2210/1388 2274/2227/1399 2273/2223/1398 2262/2211/1387
f 2270/2212/1395 2281/2228/1406 2280/2224/1405 2269/2213/1394
f 2267/2214/1392 2278/2229/1403 2277/2226/1402 2266/2207/1391
f 2264/2215/1389 2275/2220/1400 2274/2227/1399 2263/2210/1388
f 2271/2216/1396 2282/2222/1407 2281/2228/1406 2270/2212/1395
f 2268/2217/1393 2279/2225/1404 2278/2230/1403 2267/2218/1392
f 2278/2229/1403 2289/2231/1414 2288/2232/1413 2277/2226/1402
f 2275/2220/1400 2286/2233/1411 2285/2234/1410 2274/2227/1399
f 2282/2222/1407 2293/2235/1418 2292/2236/1417 2281/2228/1406
f 2279/2225/1404 2290/2237/1415 2289/2238/1414 2278/2230/1403
f 2276/2219/1401 2287/2239/1412 2286/2233/1411 2275/2220/1400
f 2283/2221/1408 2294/2240/1419 2293/2235/1418 2282/2222/1407
f 2273/2223/1398 2284/2241/1409 2328/2194/1453
f 2280/2224/1405 2291/2242/1416 2290/2237/1415 2279/2225/1404
f 2277/2226/1402 2288/2232/1413 2287/2239/1412 2276/2219/1401
f 2369/2177/1494 2294/2240/1419 2283/2221/1408
f 2274/2227/1399 2285/2234/1410 2284/2241/1409 2273/2223/1398
f 2281/2228/1406 2292/2236/1417 2291/2242/1416 2280/2224/1405
f 2288/2232/1413 2299/2243/1424 2298/2244/1423 2287/2239/1412
f 2369/2177/1494 2305/2245/1430 2294/2240/1419
f 2285/2234/1410 2296/2246/1421 2295/2247/1420 2284/2241/1409
f 2292/2236/1417 2303/2248/1428 2302/2249/1427 2291/2242/1416
f 2289/2231/1414 2300/2250/1425 2299/2243/1424 2288/2232/1413
f 2286/2233/1411 2297/2251/1422 2296/2246/1421 2285/2234/1410
f 2293/2235/1418 2304/2252/1429 2303/2248/1428 2292/2236/1417
f 2290/2237/1415 2301/2253/1426 2300/2254/1425 2289/2238/1414
f 2287/2239/1412 2298/2244/1423 2297/2251/1422 2286/2233/1411
f 2294/2240/1419 2305/2245/1430 2304/2252/1429 2293/2235/1418
f 2284/2241/1409 2295/2247/1420 2328/2194/1453
f 2291/2242/1416 2302/2249/1427 2301/2253/1426 2290/2237/1415
f 2301/2253/1426 2312/2255/1437 2311/2256/1436 2300/2254/1425
f 2298/2244/1423 2309/2257/1434 2308/2258/1433 2297/2251/1422
f 2305/2245/1430 2316/2259/1441 2315/2260/1440 2304/2252/1429
f 2295/2247/1420 2306/2261/1431 2328/2194/1453
f 2302/2249/1427 2313/2262/1438 2312/2255/1437 2301/2253/1426
f 2299/2243/1424 2310/2263/1435 2309/2257/1434 2298/2244/1423
f 2369/2177/1494 2316/2259/1441 2305/2245/1430
f 2296/2246/1421 2307/2264/1432 2306/2261/1431 2295/2247/1420
f 2303/2248/1428 2314/2265/1439 2313/2262/1438 2302/2249/1427
f 2300/2250/1425 2311/2266/1436 2310/2263/1435 2299/2243/1424
f 2297/2251/1422 2308/2258/1433 2307/2264/1432 2296/2246/1421
f 2304/2252/1429 2315/2260/1440 2314/2265/1439 2303/2248/1428
f 2311/2266/1436 2322/2267/1447 2321/2268/1446 2310/2263/1435
f 2308/2258/1433 2319/2269/1444 2318/2270/1443 2307/2264/1432
f 2315/2260/1440 2326/2271/1451 2325/2272/1450 2314/2265/1439
f 2312/2255/1437 2323/2273/1448 2322/2274/1447 2311/2256/1436
f 2309/2257/1434 2320/2275/1445 2319/2269/1444 2308/2258/1433
f 2316/2259/1441 2327/2276/1452 2326/2271/1451 2315/2260/1440
f 2306/2261/1431 2317/2277/1442 2328/2194/1453
f 2313/2262/1438 2324/2278/1449 2323/2273/1448 2312/2255/1437
f 2310/2263/1435 2321/2268/1446 2320/2275/1445 2309/2257/1434
f 2369/2177/1494 2327/2276/1452 2316/2259/1441
f 2307/2264/1432 2318/2270/1443 2317/2277/1442 2306/2261/1431
f 2314/2265/1439 2325/2272/1450 2324/2278/1449 2313/2262/1438
f 2324/2278/1449 2336/2279/1461 2335/2280/1460 2323/2273/1448
f 2321/2268/1446 2333/2281/1458 2332/2282/1457 2320/2275/1445
f 2369/2177/1494 2339/2283/1464 2327/2276/1452
f 2318/2270/1443 2330/2284/1455 2329/2285/1454 2317/2277/1442
f 2325/2272/1450 2337/2286/1462 2336/2279/1461 2324/2278/1449
f 2322/2267/1447 2334/2287/1459 2333/2281/1458 2321/2268/1446
f 2319/2269/1444 2331/2288/1456 2330/2284/1455 2318/2270/1443
f 2326/2271/1451 2338/2289/1463 2337/2286/1462 2325/2272/1450
f 2323/2273/1448 2335/2280/1460 2334/2290/1459 2322/2274/1447
f 2320/2275/1445 2332/2282/1457 2331/2288/1456 2319/2269/1444
f 2327/2276/1452 2339/2283/1464 2338/2289/1463 2326/2271/1451
f 2317/2277/1442 2329/2285/1454 2328/2194/1453
f 2335/2280/1460 2346/2291/1471 2345/2292/1470 2334/2290/1459
f 2332/2282/1457 2343/2293/1468 2342/2294/1467 2331/2288/1456
f 2339/2283/1464 2350/2295/1475 2349/2296/1474 2338/2289/1463
f 2329/2285/1454 2340/2297/1465 2328/2194/1453
f 2336/2279/1461 2347/2298/1472 2346/2291/1471 2335/2280/1460
f 2333/2281/1458 2344/2299/1469 2343/2293/1468 2332/2282/1457
f 2369/2177/1494 2350/2295/1475 2339/2283/1464
f 2330/2284/1455 2341/2300/1466 2340/2297/1465 2329/2285/1454
f 2337/2286/1462 2348/2301/1473 2347/2298/1472 2336/2279/1461
f 2334/2287/1459 2345/2302/1470 2344/2299/1469 2333/2281/1458
f 2331/2288/1456 2342/2294/1467 2341/2300/1466 2330/2284/1455
f 2338/2289/1463 2349/2296/1474 2348/2301/1473 2337/2286/1462
f 2348/2301/1473 2359/2303/1484 2358/2304/1483 2347/2298/1472
f 2345/2302/1470 2356/2305/1481 2355/2306/1480 2344/2299/1469
f 2342/2294/1467 2353/2307/1478 2352/2308/1477 2341/2300/1466
f 2349/2296/1474 2360/2309/1485 2359/2303/1484 2348/2301/1473
f 2346/2291/1471 2357/2310/1482 2356/2311/1481 2345/2292/1470
f 2343/2293/1468 2354/2312/1479 2353/2307/1478 2342/2294/1467
f 2350/2295/1475 2361/2313/1486 2360/2309/1485 2349/2296/1474
f 2340/2297/1465 2351/2314/1476 2328/2194/1453
f 2347/2298/1472 2358/2304/1483 2357/2310/1482 2346/2291/1471
f 2344/2299/1469 2355/2306/1480 2354/2312/1479 2343/2293/1468
f 2369/2177/1494 2361/2313/1486 2350/2295/1475
f 2341/2300/1466 2352/2308/1477 2351/2314/1476 2340/2297/1465
f 2351/2314/1476 2362/2183/1487 2328/2194/1453
f 2358/2304/1483 2239/2169/1364 2238/2172/1363 2357/2310/1482
f 2355/2306/1480 2237/2173/1362 2364/2176/1489 2354/2312/1479
f 2369/2177/1494 2368/2179/1493 2361/2313/1486
f 2352/2308/1477 2363/2180/1488 2362/2183/1487 2351/2314/1476
f 2359/2303/1484 2366/2184/1491 2239/2169/1364 2358/2304/1483
f 2356/2305/1481 2365/2186/1490 2237/2173/1362 2355/2306/1480
f 2353/2307/1478 2236/2188/1361 2363/2180/1488 2352/2308/1477
f 2360/2309/1485 2367/2190/1492 2366/2184/1491 2359/2303/1484
f 2357/2310/1482 2238/2172/1363 2365/2193/1490 2356/2311/1481
f 2354/2312/1479 2364/2176/1489 2236/2188/1361 2353/2307/1478
f 2361/2313/1486 2368/2179/1493 2367/2190/1492 2360/2309/1485
f 2373/2169/1364 2372/2172/1363 2380/2171/1482 2381/2170/1483
f 2371/2173/1362 2498/2176/1489 2377/2175/1479 2378/2174/1480
f 2503/2177/1494 2502/2179/1493 2384/2178/1486
f 2497/2180/1488 2496/2183/1487 2374/2182/1476 2375/2181/1477
f 2500/2184/1491 2373/2169/1364 2381/2170/1483 2382/2185/1484
f 2499/2186/1490 2371/2173/1362 2378/2174/1480 2379/2187/1481
f 2370/2188/1361 2497/2180/1488 2375/2181/1477 2376/2189/1478
f 2501/2190/1492 2500/2184/1491 2382/2185/1484 2383/2191/1485
f 2372/2172/1363 2499/2193/1490 2379/2192/1481 2380/2171/1482
f 2498/2176/1489 2370/2188/1361 2376/2189/1478 2377/2175/1479
f 2502/2179/1493 2501/2190/1492 2383/2191/1485 2384/2178/1486
f 2496/2183/1487 2462/2194/1453 2374/2182/1476
f 2376/2189/1478 2375/2181/1477 2386/2196/1466 2387/2195/1467
f 2383/2191/1485 2382/2185/1484 2393/2198/1473 2394/2197/1474
f 2380/2171/1482 2379/2192/1481 2390/2200/1470 2391/2199/1471
f 2377/2175/1479 2376/2189/1478 2387/2195/1467 2388/2201/1468
f 2384/2178/1486 2383/2191/1485 2394/2197/1474 2395/2202/1475
f 2374/2182/1476 2462/2194/1453 2385/2203/1465
f 2381/2170/1483 2380/2171/1482 2391/2199/1471 2392/2204/1472
f 2378/2174/1480 2377/2175/1479 2388/2201/1468 2389/2205/1469
f 2503/2177/1494 2384/2178/1486 2395/2202/1475
f 2375/2181/1477 2374/2182/1476 2385/2203/1465 2386/2196/1466
f 2382/2185/1484 2381/2170/1483 2392/2204/1472 2393/2198/1473
f 2379/2187/1481 2378/2174/1480 2389/2205/1469 2390/2206/1470
f 2389/2205/1469 2388/2201/1468 2399/2208/1457 2400/2207/1458
f 2503/2177/1494 2395/2202/1475 2406/2209/1464
f 2386/2196/1466 2385/2203/1465 2396/2211/1454 2397/2210/1455
f 2393/2198/1473 2392/2204/1472 2403/2213/1461 2404/2212/1462
f 2390/2206/1470 2389/2205/1469 2400/2207/1458 2401/2214/1459
f 2387/2195/1467 2386/2196/1466 2397/2210/1455 2398/2215/1456
f 2394/2197/1474 2393/2198/1473 2404/2212/1462 2405/2216/1463
f 2391/2199/1471 2390/2200/1470 2401/2218/1459 2402/2217/1460
f 2388/2201/1468 2387/2195/1467 2398/2215/1456 2399/2208/1457
f 2395/2202/1475 2394/2197/1474 2405/2216/1463 2406/2209/1464
f 2385/2203/1465 2462/2194/1453 2396/2211/1454
f 2392/2204/1472 2391/2199/1471 2402/2217/1460 2403/2213/1461
f 2399/2208/1457 2398/2215/1456 2409/2220/1444 2410/2219/1445
f 2406/2209/1464 2405/2216/1463 2416/2222/1451 2417/2221/1452
f 2396/2211/1454 2462/2194/1453 2407/2223/1442
f 2403/2213/1461 2402/2217/1460 2413/2225/1448 2414/2224/1449
f 2400/2207/1458 2399/2208/1457 2410/2219/1445 2411/2226/1446
f 2503/2177/1494 2406/2209/1464 2417/2221/1452
f 2397/2210/1455 2396/2211/1454 2407/2223/1442 2408/2227/1443
f 2404/2212/1462 2403/2213/1461 2414/2224/1449 2415/2228/1450
f 2401/2214/1459 2400/2207/1458 2411/2226/1446 2412/2229/1447
f 2398/2215/1456 2397/2210/1455 2408/2227/1443 2409/2220/1444
f 2405/2216/1463 2404/2212/1462 2415/2228/1450 2416/2222/1451
f 2402/2217/1460 2401/2218/1459 2412/2230/1447 2413/2225/1448
f 2412/2229/1447 2411/2226/1446 2422/2232/1435 2423/2231/1436
f 2409/2220/1444 2408/2227/1443 2419/2234/1432 2420/2233/1433
f 2416/2222/1451 2415/2228/1450 2426/2236/1439 2427/2235/1440
f 2413/2225/1448 2412/2230/1447 2423/2238/1436 2424/2237/1437
f 2410/2219/1445 2409/2220/1444 2420/2233/1433 2421/2239/1434
f 2417/2221/1452 2416/2222/1451 2427/2235/1440 2428/2240/1441
f 2407/2223/1442 2462/2194/1453 2418/2241/1431
f 2414/2224/1449 2413/2225/1448 2424/2237/1437 2425/2242/1438
f 2411/2226/1446 2410/2219/1445 2421/2239/1434 2422/2232/1435
f 2503/2177/1494 2417/2221/1452 2428/2240/1441
f 2408/2227/1443 2407/2223/1442 2418/2241/1431 2419/2234/1432
f 2415/2228/1450 2414/2224/1449 2425/2242/1438 2426/2236/1439
f 2422/2232/1435 2421/2239/1434 2432/2244/1423 2433/2243/1424
f 2503/2177/1494 2428/2240/1441 2439/2245/1430
f 2419/2234/1432 2418/2241/1431 2429/2247/1420 2430/2246/1421
f 2426/2236/1439 2425/2242/1438 2436/2249/1427 2437/2248/1428
f 2423/2231/1436 2422/2232/1435 2433/2243/1424 2434/2250/1425
f 2420/2233/1433 2419/2234/1432 2430/2246/1421 2431/2251/1422
f 2427/2235/1440 2426/2236/1439 2437/2248/1428 2438/2252/1429
f 2424/2237/1437 2423/2238/1436 2434/2254/1425 2435/2253/1426
f 2421/2239/1434 2420/2233/1433 2431/2251/1422 2432/2244/1423
f 2428/2240/1441 2427/2235/1440 2438/2252/1429 2439/2245/1430
f 2418/2241/1431 2462/2194/1453 2429/2247/1420
f 2425/2242/1438 2424/2237/1437 2435/2253/1426 2436/2249/1427
f 2435/2253/1426 2434/2254/1425 2445/2256/1414 2446/2255/1415
f 2432/2244/1423 2431/2251/1422 2442/2258/1411 2443/2257/1412
f 2439/2245/1430 2438/2252/1429 2449/2260/1418 2450/2259/1419
f 2429/2247/1420 2462/2194/1453 2440/2261/1409
f 2436/2249/1427 2435/2253/1426 2446/2255/1415 2447/2262/1416
f 2433/2243/1424 2432/2244/1423 2443/2257/1412 2444/2263/1413
f 2503/2177/1494 2439/2245/1430 2450/2259/1419
f 2430/2246/1421 2429/2247/1420 2440/2261/1409 2441/2264/1410
f 2437/2248/1428 2436/2249/1427 2447/2262/1416 2448/2265/1417
f 2434/2250/1425 2433/2243/1424 2444/2263/1413 2445/2266/1414
f 2431/2251/1422 2430/2246/1421 2441/2264/1410 2442/2258/1411
f 2438/2252/1429 2437/2248/1428 2448/2265/1417 2449/2260/1418
f 2445/2266/1414 2444/2263/1413 2455/2268/1402 2456/2267/1403
f 2442/2258/1411 2441/2264/1410 2452/2270/1399 2453/2269/1400
f 2449/2260/1418 2448/2265/1417 2459/2272/1406 2460/2271/1407
f 2446/2255/1415 2445/2256/1414 2456/2274/1403 2457/2273/1404
f 2443/2257/1412 2442/2258/1411 2453/2269/1400 2454/2275/1401
f 2450/2259/1419 2449/2260/1418 2460/2271/1407 2461/2276/1408
f 2440/2261/1409 2462/2194/1453 2451/2277/1398
f 2447/2262/1416 2446/2255/1415 2457/2273/1404 2458/2278/1405
f 2444/2263/1413 2443/2257/1412 2454/2275/1401 2455/2268/1402
f 2503/2177/1494 2450/2259/1419 2461/2276/1408
f 2441/2264/1410 2440/2261/1409 2451/2277/1398 2452/2270/1399
f 2448/2265/1417 2447/2262/1416 2458/2278/1405 2459/2272/1406
f 2458/2278/1405 2457/2273/1404 2469/2280/1393 2470/2279/1394
f 2455/2268/1402 2454/2275/1401 2466/2282/1390 2467/2281/1391
f 2503/2177/1494 2461/2276/1408 2473/2283/1397
f 2452/2270/1399 2451/2277/1398 2463/2285/1387 2464/2284/1388
f 2459/2272/1406 2458/2278/1405 2470/2279/1394 2471/2286/1395
f 2456/2267/1403 2455/2268/1402 2467/2281/1391 2468/2287/1392
f 2453/2269/1400 2452/2270/1399 2464/2284/1388 2465/2288/1389
f 2460/2271/1407 2459/2272/1406 2471/2286/1395 2472/2289/1396
f 2457/2273/1404 2456/2274/1403 2468/2290/1392 2469/2280/1393
f 2454/2275/1401 2453/2269/1400 2465/2288/1389 2466/2282/1390
f 2461/2276/1408 2460/2271/1407 2472/2289/1396 2473/2283/1397
f 2451/2277/1398 2462/2194/1453 2463/2285/1387
f 2469/2280/1393 2468/2290/1392 2479/2292/1381 2480/2291/1382
f 2466/2282/1390 2465/2288/1389 2476/2294/1378 2477/2293/1379
f 2473/2283/1397 2472/2289/1396 2483/2296/1385 2484/2295/1386
f 2463/2285/1387 2462/2194/1453 2474/2297/1376
f 2470/2279/1394 2469/2280/1393 2480/2291/1382 2481/2298/1383
f 2467/2281/1391 2466/2282/1390 2477/2293/1379 2478/2299/1380
f 2503/2177/1494 2473/2283/1397 2484/2295/1386
f 2464/2284/1388 2463/2285/1387 2474/2297/1376 2475/2300/1377
f 2471/2286/1395 2470/2279/1394 2481/2298/1383 2482/2301/1384
f 2468/2287/1392 2467/2281/1391 2478/2299/1380 2479/2302/1381
f 2465/2288/1389 2464/2284/1388 2475/2300/1377 2476/2294/1378
f 2472/2289/1396 2471/2286/1395 2482/2301/1384 2483/2296/1385
f 2482/2301/1384 2481/2298/1383 2492/2304/1372 2493/2303/1373
f 2479/2302/1381 2478/2299/1380 2489/2306/1369 2490/2305/1370
f 2476/2294/1378 2475/2300/1377 2486/2308/1366 2487/2307/1367
f 2483/2296/1385 2482/2301/1384 2493/2303/1373 2494/2309/1374
f 2480/2291/1382 2479/2292/1381 2490/2311/1370 2491/2310/1371
f 2477/2293/1379 2476/2294/1378 2487/2307/1367 2488/2312/1368
f 2484/2295/1386 2483/2296/1385 2494/2309/1374 2495/2313/1375
f 2474/2297/1376 2462/2194/1453 2485/2314/1365
f 2481/2298/1383 2480/2291/1382 2491/2310/1371 2492/2304/1372
f 2478/2299/1380 2477/2293/1379 2488/2312/1368 2489/2306/1369
f 2503/2177/1494 2484/2295/1386 2495/2313/1375
f 2475/2300/1377 2474/2297/1376 2485/2314/1365 2486/2308/1366
f 2485/2314/1365 2462/2194/1453 2496/2183/1487
f 2492/2304/1372 2491/2310/1371 2372/2172/1363 2373/2169/1364
f 2489/2306/1369 2488/2312/1368 2498/2176/1489 2371/2173/1362
f 2503/2177/1494 2495/2313/1375 2502/2179/1493
f 2486/2308/1366 2485/2314/1365 2496/2183/1487 2497/2180/1488
f 2493/2303/1373 2492/2304/1372 2373/2169/1364 2500/2184/1491
f 2490/2305/1370 2489/2306/1369 2371/2173/1362 2499/2186/1490
f 2487/2307/1367 2486/2308/1366 2497/2180/1488 2370/2188/1361
f 2494/2309/1374 2493/2303/1373 2500/2184/1491 2501/2190/1492
f 2491/2310/1371 2490/2311/1370 2499/2193/1490 2372/2172/1363
f 2488/2312/1368 2487/2307/1367 2370/2188/1361 2498/2176/1489
f 2495/2313/1375 2494/2309/1374 2501/2190/1492 2502/2179/1493
o Cylinder.005
v 0.466091 1.312425 -0.097042
v 0.420740 1.312425 -0.097042
v 0.466091 1.281160 -0.088664
v 0.420740 1.281160 -0.088664
v 0.466091 1.258273 -0.065777
v 0.420740 1.258273 -0.065777
v 0.466091 1.249896 -0.034513
v 0.420740 1.249896 -0.034513
v 0.466091 1.258273 -0.003249
v 0.420740 1.258273 -0.003249
v 0.466091 1.281160 0.019638
v 0.420740 1.281160 0.019638
v 0.466091 1.312425 0.028016
v 0.420740 1.312425 0.028016
v 0.466091 1.343689 0.019638
v 0.420740 1.343689 0.019638
v 0.466091 1.366576 -0.003249
v 0.420740 1.366576 -0.003249
v 0.466091 1.374953 -0.034513
v 0.420740 1.374953 -0.034513
v 0.466091 1.366576 -0.065777
v 0.420740 1.366576 -0.065777
v 0.466091 1.343689 -0.088664
v 0.420740 1.343689 -0.088664
v -0.466092 1.312425 -0.097042
v -0.420741 1.312425 -0.097042
v -0.466092 1.281160 -0.088664
v -0.420741 1.281160 -0.088664
v -0.466092 1.258273 -0.065777
v -0.420741 1.258273 -0.065777
v -0.466092 1.249896 -0.034513
v -0.420741 1.249896 -0.034513
v -0.466092 1.258273 -0.003249
v -0.420741 1.258273 -0.003249
v -0.466092 1.281160 0.019638
v -0.420741 1.281160 0.019638
v -0.466092 1.312425 0.028016
v -0.420741 1.312425 0.028016
v -0.466092 1.343689 0.019638
v -0.420741 1.343689 0.019638
v -0.466092 1.366576 -0.003249
v -0.420741 1.366576 -0.003249
v -0.466092 1.374953 -0.034513
v -0.420741 1.374953 -0.034513
v -0.466092 1.366576 -0.065777
v -0.420741 1.366576 -0.065777
v -0.466092 1.343689 -0.088664
v -0.420741 1.343689 -0.088664
vn -0.0000 -0.2588 -0.9659
vn -0.0000 -0.7071 -0.7071
vn -0.0000 -0.9659 -0.2588
vn -0.0000 -0.9659 0.2588
vn -0.0000 -0.7071 0.7071
vn -0.0000 -0.2588 0.9659
vn -0.0000 0.2588 0.9659
vn -0.0000 0.7071 0.7071
vn -0.0000 0.9659 0.2588
vn -0.0000 0.9659 -0.2588
vn -1.0000 -0.0000 -0.0000
vn -0.0000 0.7071 -0.7071
vn -0.0000 0.2588 -0.9659
vn 1.0000 -0.0000 -0.0000
vt 0.963446 0.206955
vt 0.957395 0.206797
vt 0.953143 0.193482
vt 0.966577 0.193368
vt 0.952023 0.209808
vt 0.941617 0.200390
vt 0.948814 0.215207
vt 0.935060 0.212118
vt 0.948664 0.221591
vt 0.935060 0.225545
vt 0.951297 0.227189
vt 0.941605 0.237280
vt 0.956306 0.230495
vt 0.953194 0.244045
vt 0.962310 0.230615
vt 0.966579 0.243893
vt 0.967683 0.227600
vt 0.978070 0.237001
vt 0.970896 0.222197
vt 0.984630 0.225308
vt 0.971053 0.215804
vt 0.984670 0.211903
vt 0.032747 0.978720
vt 0.032747 0.987205
vt 0.028505 0.994552
vt 0.021158 0.998794
vt 0.012673 0.998794
vt 0.005326 0.994552
vt 0.001084 0.987205
vt 0.001084 0.978720
vt 0.005326 0.971373
vt 0.012673 0.967131
vt 0.021158 0.967131
vt 0.028505 0.971373
vt 0.968492 0.210238
vt 0.978168 0.200157
vt 0.062336 0.971373
vt 0.066578 0.978720
vt 0.066578 0.987205
vt 0.062336 0.994552
vt 0.054988 0.998794
vt 0.046504 0.998794
vt 0.039157 0.994552
vt 0.034915 0.987205
vt 0.034915 0.978720
vt 0.039157 0.971373
vt 0.046504 0.967131
vt 0.054988 0.967131
s 0
usemtl Material.006
f 2504/2315/1495 2506/2316/1495 2507/2317/1495 2505/2318/1495
f 2506/2316/1496 2508/2319/1496 2509/2320/1496 2507/2317/1496
f 2508/2319/1497 2510/2321/1497 2511/2322/1497 2509/2320/1497
f 2510/2321/1498 2512/2323/1498 2513/2324/1498 2511/2322/1498
f 2512/2323/1499 2514/2325/1499 2515/2326/1499 2513/2324/1499
f 2514/2325/1500 2516/2327/1500 2517/2328/1500 2515/2326/1500
f 2516/2327/1501 2518/2329/1501 2519/2330/1501 2517/2328/1501
f 2518/2329/1502 2520/2331/1502 2521/2332/1502 2519/2330/1502
f 2520/2331/1503 2522/2333/1503 2523/2334/1503 2521/2332/1503
f 2522/2333/1504 2524/2335/1504 2525/2336/1504 2523/2334/1504
f 2507/2337/1505 2509/2338/1505 2511/2339/1505 2513/2340/1505 2515/2341/1505 2517/2342/1505 2519/2343/1505 2521/2344/1505 2523/2345/1505 2525/2346/1505 2527/2347/1505 2505/2348/1505
f 2524/2335/1506 2526/2349/1506 2527/2350/1506 2525/2336/1506
f 2526/2349/1507 2504/2315/1507 2505/2318/1507 2527/2350/1507
f 2504/2351/1508 2526/2352/1508 2524/2353/1508 2522/2354/1508 2520/2355/1508 2518/2356/1508 2516/2357/1508 2514/2358/1508 2512/2359/1508 2510/2360/1508 2508/2361/1508 2506/2362/1508
f 2528/2315/1495 2529/2318/1495 2531/2317/1495 2530/2316/1495
f 2530/2316/1496 2531/2317/1496 2533/2320/1496 2532/2319/1496
f 2532/2319/1497 2533/2320/1497 2535/2322/1497 2534/2321/1497
f 2534/2321/1498 2535/2322/1498 2537/2324/1498 2536/2323/1498
f 2536/2323/1499 2537/2324/1499 2539/2326/1499 2538/2325/1499
f 2538/2325/1500 2539/2326/1500 2541/2328/1500 2540/2327/1500
f 2540/2327/1501 2541/2328/1501 2543/2330/1501 2542/2329/1501
f 2542/2329/1502 2543/2330/1502 2545/2332/1502 2544/2331/1502
f 2544/2331/1503 2545/2332/1503 2547/2334/1503 2546/2333/1503
f 2546/2333/1504 2547/2334/1504 2549/2336/1504 2548/2335/1504
f 2531/2337/1508 2529/2348/1508 2551/2347/1508 2549/2346/1508 2547/2345/1508 2545/2344/1508 2543/2343/1508 2541/2342/1508 2539/2341/1508 2537/2340/1508 2535/2339/1508 2533/2338/1508
f 2548/2335/1506 2549/2336/1506 2551/2350/1506 2550/2349/1506
f 2550/2349/1507 2551/2350/1507 2529/2318/1507 2528/2315/1507
f 2528/2351/1505 2530/2362/1505 2532/2361/1505 2534/2360/1505 2536/2359/1505 2538/2358/1505 2540/2357/1505 2542/2356/1505 2544/2355/1505 2546/2354/1505 2548/2353/1505 2550/2352/1505
o Sphere.001
v 0.481716 1.011673 -0.087413
v 0.481716 0.994363 -0.097407
v 0.481716 0.974374 -0.097407
v 0.481716 0.965061 -0.093550
v 0.476719 1.021667 -0.068764
v 0.472063 1.017809 -0.076829
v 0.468064 1.011673 -0.083755
v 0.464996 1.003675 -0.089070
v 0.463067 0.994363 -0.092410
v 0.462409 0.984368 -0.093550
v 0.463067 0.974374 -0.092410
v 0.464996 0.965061 -0.089070
v 0.468064 0.957064 -0.083755
v 0.472063 0.950927 -0.076829
v 0.476719 0.947070 -0.068764
v 0.473061 1.021667 -0.065106
v 0.464996 1.017809 -0.069762
v 0.458070 1.011673 -0.073761
v 0.452756 1.003675 -0.076829
v 0.449415 0.994363 -0.078758
v 0.448276 0.984368 -0.079416
v 0.449415 0.974374 -0.078758
v 0.452756 0.965061 -0.076829
v 0.458070 0.957064 -0.073761
v 0.464996 0.950927 -0.069762
v 0.473061 0.947070 -0.065106
v 0.471722 1.021667 -0.060109
v 0.462409 1.017809 -0.060109
v 0.454412 1.011673 -0.060109
v 0.448276 1.003675 -0.060109
v 0.444418 0.994363 -0.060109
v 0.443102 0.984368 -0.060109
v 0.444418 0.974374 -0.060109
v 0.448276 0.965061 -0.060109
v 0.454412 0.957064 -0.060109
v 0.462409 0.950927 -0.060109
v 0.471722 0.947070 -0.060109
v 0.473061 1.021667 -0.055112
v 0.464996 1.017809 -0.050455
v 0.458070 1.011673 -0.046457
v 0.452756 1.003675 -0.043388
v 0.449415 0.994363 -0.041460
v 0.448276 0.984368 -0.040802
v 0.449415 0.974374 -0.041460
v 0.452756 0.965061 -0.043388
v 0.458070 0.957064 -0.046457
v 0.464996 0.950927 -0.050455
v 0.473061 0.947070 -0.055112
v 0.476719 1.021667 -0.051454
v 0.472063 1.017809 -0.043388
v 0.468064 1.011673 -0.036463
v 0.464996 1.003675 -0.031148
v 0.463067 0.994363 -0.027807
v 0.462409 0.984368 -0.026668
v 0.463067 0.974374 -0.027807
v 0.464996 0.965061 -0.031148
v 0.468064 0.957064 -0.036463
v 0.472063 0.950927 -0.043388
v 0.476719 0.947070 -0.051454
v 0.481716 1.021667 -0.050115
v 0.481716 1.017809 -0.040802
v 0.481716 1.011673 -0.032805
v 0.481716 1.003675 -0.026668
v 0.481716 0.994363 -0.022810
v 0.481716 0.984368 -0.021495
v 0.481716 0.974374 -0.022810
v 0.481716 0.965061 -0.026668
v 0.481716 0.957064 -0.032805
v 0.481716 0.950927 -0.040802
v 0.481716 0.947070 -0.050115
v 0.486713 1.021667 -0.051454
v 0.491370 1.017809 -0.043388
v 0.495369 1.011673 -0.036463
v 0.498437 1.003675 -0.031148
v 0.500366 0.994363 -0.027807
v 0.501023 0.984368 -0.026668
v 0.500366 0.974374 -0.027807
v 0.498437 0.965061 -0.031148
v 0.495369 0.957064 -0.036463
v 0.491370 0.950927 -0.043388
v 0.486713 0.947070 -0.051454
v 0.490372 1.021667 -0.055112
v 0.498437 1.017809 -0.050455
v 0.505363 1.011673 -0.046457
v 0.510677 1.003675 -0.043388
v 0.514018 0.994363 -0.041460
v 0.515157 0.984368 -0.040802
v 0.514018 0.974374 -0.041460
v 0.510677 0.965061 -0.043388
v 0.505363 0.957064 -0.046457
v 0.498437 0.950927 -0.050455
v 0.490372 0.947070 -0.055112
v 0.481716 1.022983 -0.060109
v 0.491710 1.021667 -0.060109
v 0.501023 1.017809 -0.060109
v 0.509021 1.011673 -0.060109
v 0.515157 1.003675 -0.060109
v 0.519015 0.994363 -0.060109
v 0.520331 0.984368 -0.060109
v 0.519015 0.974374 -0.060109
v 0.515157 0.965061 -0.060109
v 0.509021 0.957064 -0.060109
v 0.501023 0.950927 -0.060109
v 0.491710 0.947070 -0.060109
v 0.490372 1.021667 -0.065106
v 0.498437 1.017809 -0.069762
v 0.505363 1.011673 -0.073761
v 0.510677 1.003675 -0.076829
v 0.514018 0.994363 -0.078758
v 0.515157 0.984368 -0.079416
v 0.514018 0.974374 -0.078758
v 0.510677 0.965061 -0.076829
v 0.505363 0.957064 -0.073761
v 0.498437 0.950927 -0.069762
v 0.490372 0.947070 -0.065106
v 0.486713 1.021667 -0.068764
v 0.491370 1.017809 -0.076829
v 0.495369 1.011673 -0.083755
v 0.498437 1.003675 -0.089070
v 0.500366 0.994363 -0.092410
v 0.501023 0.984368 -0.093550
v 0.500366 0.974374 -0.092410
v 0.498437 0.965061 -0.089070
v 0.495369 0.957064 -0.083755
v 0.491370 0.950927 -0.076829
v 0.486713 0.947070 -0.068764
v 0.481716 1.021667 -0.070103
v 0.481716 1.017809 -0.079416
v 0.481716 1.003675 -0.093550
v 0.481716 0.984368 -0.098723
v 0.481716 0.957064 -0.087413
v 0.481716 0.950927 -0.079416
v 0.481716 0.947070 -0.070103
v 0.481716 0.945754 -0.060109
v -0.481717 1.011673 -0.087413
v -0.481717 0.994363 -0.097407
v -0.481717 0.974374 -0.097407
v -0.481717 0.965061 -0.093550
v -0.476720 1.021667 -0.068764
v -0.472063 1.017809 -0.076829
v -0.468065 1.011673 -0.083755
v -0.464996 1.003675 -0.089070
v -0.463068 0.994363 -0.092410
v -0.462410 0.984368 -0.093550
v -0.463068 0.974374 -0.092410
v -0.464996 0.965061 -0.089070
v -0.468065 0.957064 -0.083755
v -0.472063 0.950927 -0.076829
v -0.476720 0.947070 -0.068764
v -0.473062 1.021667 -0.065106
v -0.464996 1.017809 -0.069762
v -0.458071 1.011673 -0.073761
v -0.452756 1.003675 -0.076829
v -0.449416 0.994363 -0.078758
v -0.448276 0.984368 -0.079416
v -0.449416 0.974374 -0.078758
v -0.452756 0.965061 -0.076829
v -0.458071 0.957064 -0.073761
v -0.464996 0.950927 -0.069762
v -0.473062 0.947070 -0.065106
v -0.471723 1.021667 -0.060109
v -0.462410 1.017809 -0.060109
v -0.454413 1.011673 -0.060109
v -0.448276 1.003675 -0.060109
v -0.444418 0.994363 -0.060109
v -0.443103 0.984368 -0.060109
v -0.444418 0.974374 -0.060109
v -0.448276 0.965061 -0.060109
v -0.454413 0.957064 -0.060109
v -0.462410 0.950927 -0.060109
v -0.471723 0.947070 -0.060109
v -0.473062 1.021667 -0.055112
v -0.464996 1.017809 -0.050455
v -0.458071 1.011673 -0.046457
v -0.452756 1.003675 -0.043388
v -0.449416 0.994363 -0.041460
v -0.448276 0.984368 -0.040802
v -0.449416 0.974374 -0.041460
v -0.452756 0.965061 -0.043388
v -0.458071 0.957064 -0.046457
v -0.464996 0.950927 -0.050455
v -0.473062 0.947070 -0.055112
v -0.476720 1.021667 -0.051454
v -0.472063 1.017809 -0.043388
v -0.468065 1.011673 -0.036463
v -0.464996 1.003675 -0.031148
v -0.463068 0.994363 -0.027807
v -0.462410 0.984368 -0.026668
v -0.463068 0.974374 -0.027807
v -0.464996 0.965061 -0.031148
v -0.468065 0.957064 -0.036463
v -0.472063 0.950927 -0.043388
v -0.476720 0.947070 -0.051454
v -0.481717 1.021667 -0.050115
v -0.481717 1.017809 -0.040802
v -0.481717 1.011673 -0.032805
v -0.481717 1.003675 -0.026668
v -0.481717 0.994363 -0.022810
v -0.481717 0.984368 -0.021495
v -0.481717 0.974374 -0.022810
v -0.481717 0.965061 -0.026668
v -0.481717 0.957064 -0.032805
v -0.481717 0.950927 -0.040802
v -0.481717 0.947070 -0.050115
v -0.486714 1.021667 -0.051454
v -0.491370 1.017809 -0.043388
v -0.495369 1.011673 -0.036463
v -0.498437 1.003675 -0.031148
v -0.500366 0.994363 -0.027807
v -0.501024 0.984368 -0.026668
v -0.500366 0.974374 -0.027807
v -0.498437 0.965061 -0.031148
v -0.495369 0.957064 -0.036463
v -0.491370 0.950927 -0.043388
v -0.486714 0.947070 -0.051454
v -0.490372 1.021667 -0.055112
v -0.498437 1.017809 -0.050455
v -0.505363 1.011673 -0.046457
v -0.510678 1.003675 -0.043388
v -0.514018 0.994363 -0.041460
v -0.515158 0.984368 -0.040802
v -0.514018 0.974374 -0.041460
v -0.510678 0.965061 -0.043388
v -0.505363 0.957064 -0.046457
v -0.498437 0.950927 -0.050455
v -0.490372 0.947070 -0.055112
v -0.481717 1.022983 -0.060109
v -0.491711 1.021667 -0.060109
v -0.501024 1.017809 -0.060109
v -0.509021 1.011673 -0.060109
v -0.515158 1.003675 -0.060109
v -0.519015 0.994363 -0.060109
v -0.520331 0.984368 -0.060109
v -0.519015 0.974374 -0.060109
v -0.515158 0.965061 -0.060109
v -0.509021 0.957064 -0.060109
v -0.501024 0.950927 -0.060109
v -0.491711 0.947070 -0.060109
v -0.490372 1.021667 -0.065106
v -0.498437 1.017809 -0.069762
v -0.505363 1.011673 -0.073761
v -0.510678 1.003675 -0.076829
v -0.514018 0.994363 -0.078758
v -0.515158 0.984368 -0.079416
v -0.514018 0.974374 -0.078758
v -0.510678 0.965061 -0.076829
v -0.505363 0.957064 -0.073761
v -0.498437 0.950927 -0.069762
v -0.490372 0.947070 -0.065106
v -0.486714 1.021667 -0.068764
v -0.491370 1.017809 -0.076829
v -0.495369 1.011673 -0.083755
v -0.498437 1.003675 -0.089070
v -0.500366 0.994363 -0.092410
v -0.501024 0.984368 -0.093550
v -0.500366 0.974374 -0.092410
v -0.498437 0.965061 -0.089070
v -0.495369 0.957064 -0.083755
v -0.491370 0.950927 -0.076829
v -0.486714 0.947070 -0.068764
v -0.481717 1.021667 -0.070103
v -0.481717 1.017809 -0.079416
v -0.481717 1.003675 -0.093550
v -0.481717 0.984368 -0.098723
v -0.481717 0.957064 -0.087413
v -0.481717 0.950927 -0.079416
v -0.481717 0.947070 -0.070103
v -0.481717 0.945754 -0.060109
vn -0.0000 0.6965 -0.7176
vn -0.0000 0.2536 -0.9673
vn -0.0000 -0.2536 -0.9673
vn -0.0000 -0.4909 -0.8712
vn -0.1394 0.9603 -0.2415
vn -0.2580 0.8566 -0.4468
vn -0.3588 0.6965 -0.6215
vn -0.4356 0.4909 -0.7545
vn -0.4837 0.2536 -0.8377
vn -0.5000 -0.0000 -0.8660
vn -0.4837 -0.2536 -0.8377
vn -0.4356 -0.4909 -0.7545
vn -0.3588 -0.6965 -0.6215
vn -0.2580 -0.8566 -0.4468
vn -0.1394 -0.9603 -0.2415
vn -0.2415 0.9603 -0.1394
vn -0.4468 0.8566 -0.2580
vn -0.6215 0.6965 -0.3588
vn -0.7545 0.4909 -0.4356
vn -0.8377 0.2536 -0.4837
vn -0.8660 -0.0000 -0.5000
vn -0.8377 -0.2536 -0.4837
vn -0.7545 -0.4909 -0.4356
vn -0.6215 -0.6965 -0.3588
vn -0.4468 -0.8566 -0.2580
vn -0.2415 -0.9603 -0.1394
vn -0.2789 0.9603 -0.0000
vn -0.5159 0.8566 -0.0000
vn -0.7176 0.6965 -0.0000
vn -0.8712 0.4909 -0.0000
vn -0.9673 0.2536 -0.0000
vn -1.0000 -0.0000 -0.0000
vn -0.9673 -0.2536 -0.0000
vn -0.8712 -0.4909 -0.0000
vn -0.7176 -0.6965 -0.0000
vn -0.5159 -0.8566 -0.0000
vn -0.2789 -0.9603 -0.0000
vn -0.2415 0.9603 0.1394
vn -0.4468 0.8566 0.2580
vn -0.6215 0.6965 0.3588
vn -0.7545 0.4909 0.4356
vn -0.8377 0.2536 0.4837
vn -0.8660 -0.0000 0.5000
vn -0.8377 -0.2536 0.4837
vn -0.7545 -0.4909 0.4356
vn -0.6215 -0.6965 0.3588
vn -0.4468 -0.8566 0.2580
vn -0.2415 -0.9603 0.1394
vn -0.1394 0.9603 0.2415
vn -0.2580 0.8566 0.4468
vn -0.3588 0.6965 0.6215
vn -0.4356 0.4909 0.7545
vn -0.4837 0.2536 0.8377
vn -0.5000 -0.0000 0.8660
vn -0.4837 -0.2536 0.8377
vn -0.4356 -0.4909 0.7545
vn -0.3588 -0.6965 0.6215
vn -0.2580 -0.8566 0.4468
vn -0.1394 -0.9603 0.2415
vn -0.0000 0.9603 0.2789
vn -0.0000 0.8566 0.5159
vn -0.0000 0.6965 0.7176
vn -0.0000 0.4909 0.8712
vn -0.0000 0.2536 0.9673
vn -0.0000 -0.0000 1.0000
vn -0.0000 -0.2536 0.9673
vn -0.0000 -0.4909 0.8712
vn -0.0000 -0.6965 0.7176
vn -0.0000 -0.8566 0.5159
vn -0.0000 -0.9603 0.2789
vn 0.1394 0.9603 0.2415
vn 0.2580 0.8566 0.4468
vn 0.3588 0.6965 0.6215
vn 0.4356 0.4909 0.7545
vn 0.4837 0.2536 0.8377
vn 0.5000 -0.0000 0.8660
vn 0.4837 -0.2536 0.8377
vn 0.4356 -0.4909 0.7545
vn 0.3588 -0.6965 0.6215
vn 0.2580 -0.8566 0.4468
vn 0.1394 -0.9603 0.2415
vn 0.2415 0.9603 0.1394
vn 0.4468 0.8566 0.2580
vn 0.6215 0.6965 0.3588
vn 0.7545 0.4909 0.4356
vn 0.8377 0.2536 0.4837
vn 0.8660 -0.0000 0.5000
vn 0.8377 -0.2536 0.4837
vn 0.7545 -0.4909 0.4356
vn 0.6215 -0.6965 0.3588
vn 0.4468 -0.8566 0.2580
vn 0.2415 -0.9603 0.1394
vn -0.0000 1.0000 -0.0000
vn 0.2789 0.9603 -0.0000
vn 0.5159 0.8566 -0.0000
vn 0.7176 0.6965 -0.0000
vn 0.8712 0.4909 -0.0000
vn 0.9673 0.2536 -0.0000
vn 1.0000 -0.0000 -0.0000
vn 0.9673 -0.2536 -0.0000
vn 0.8712 -0.4909 -0.0000
vn 0.7176 -0.6965 -0.0000
vn 0.5159 -0.8566 -0.0000
vn 0.2789 -0.9603 -0.0000
vn 0.2415 0.9603 -0.1394
vn 0.4468 0.8566 -0.2580
vn 0.6215 0.6965 -0.3588
vn 0.7545 0.4909 -0.4356
vn 0.8377 0.2536 -0.4837
vn 0.8660 -0.0000 -0.5000
vn 0.8377 -0.2536 -0.4837
vn 0.7545 -0.4909 -0.4356
vn 0.6215 -0.6965 -0.3588
vn 0.4468 -0.8566 -0.2580
vn 0.2415 -0.9603 -0.1394
vn 0.1394 0.9603 -0.2415
vn 0.2580 0.8566 -0.4468
vn 0.3588 0.6965 -0.6215
vn 0.4356 0.4909 -0.7545
vn 0.4837 0.2536 -0.8377
vn 0.5000 -0.0000 -0.8660
vn 0.4837 -0.2536 -0.8377
vn 0.4356 -0.4909 -0.7545
vn 0.3588 -0.6965 -0.6215
vn 0.2580 -0.8566 -0.4468
vn 0.1394 -0.9603 -0.2415
vn -0.0000 0.9603 -0.2789
vn -0.0000 0.8566 -0.5159
vn -0.0000 0.4909 -0.8712
vn -0.0000 -0.0000 -1.0000
vn -0.0000 -0.6965 -0.7176
vn -0.0000 -0.8566 -0.5159
vn -0.0000 -0.9603 -0.2789
vn -0.0000 -1.0000 -0.0000
vt 0.394450 0.230423
vt 0.394398 0.227323
vt 0.396314 0.226765
vt 0.396446 0.230860
vt 0.398737 0.742761
vt 0.395084 0.744794
vt 0.394628 0.742789
vt 0.397340 0.741258
vt 0.388641 0.228981
vt 0.389950 0.228606
vt 0.389957 0.229309
vt 0.395065 0.738979
vt 0.393810 0.739664
vt 0.393474 0.738320
vt 0.394088 0.737971
vt 0.392797 0.230015
vt 0.392716 0.227823
vt 0.400553 0.744578
vt 0.395746 0.747283
vt 0.396110 0.740056
vt 0.394196 0.741098
vt 0.391321 0.229651
vt 0.391279 0.228219
vt 0.398732 0.226116
vt 0.398780 0.231402
vt 0.393142 0.736995
vt 0.391998 0.741097
vt 0.392400 0.739632
vt 0.390537 0.227018
vt 0.391591 0.225940
vt 0.394192 0.223195
vt 0.396026 0.221382
vt 0.391500 0.742752
vt 0.389582 0.228010
vt 0.392768 0.738304
vt 0.392744 0.224695
vt 0.390897 0.744713
vt 0.390220 0.747213
vt 0.387369 0.742532
vt 0.388802 0.741161
vt 0.388974 0.227665
vt 0.391157 0.738920
vt 0.392167 0.737939
vt 0.389675 0.224844
vt 0.390053 0.223154
vt 0.385428 0.744381
vt 0.390078 0.739982
vt 0.389303 0.226302
vt 0.390526 0.221221
vt 0.391167 0.218577
vt 0.387323 0.738420
vt 0.389000 0.738049
vt 0.388271 0.227674
vt 0.387869 0.226341
vt 0.391820 0.737326
vt 0.386945 0.223262
vt 0.386404 0.221305
vt 0.385340 0.738945
vt 0.390462 0.737655
vt 0.387469 0.224886
vt 0.382962 0.739516
vt 0.385616 0.218875
vt 0.382962 0.734104
vt 0.385481 0.734835
vt 0.389029 0.735828
vt 0.390494 0.736229
vt 0.386666 0.227088
vt 0.385559 0.226032
vt 0.382910 0.223453
vt 0.381084 0.221777
vt 0.387416 0.735348
vt 0.387668 0.228035
vt 0.391829 0.736619
vt 0.384336 0.224874
vt 0.387542 0.731279
vt 0.389001 0.732715
vt 0.387323 0.228648
vt 0.391239 0.735033
vt 0.392197 0.736018
vt 0.384511 0.227984
vt 0.382865 0.227546
vt 0.385864 0.729546
vt 0.390201 0.733959
vt 0.385975 0.228317
vt 0.380904 0.227005
vt 0.378606 0.226410
vt 0.380945 0.231113
vt 0.378508 0.231712
vt 0.391687 0.731227
vt 0.392100 0.732858
vt 0.387328 0.229354
vt 0.385993 0.229729
vt 0.392812 0.735681
vt 0.382917 0.230621
vt 0.391136 0.729272
vt 0.392471 0.734324
vt 0.384576 0.230156
vt 0.390459 0.726855
vt 0.395916 0.726808
vt 0.395283 0.729281
vt 0.394307 0.732922
vt 0.393890 0.734367
vt 0.386712 0.230964
vt 0.385661 0.232049
vt 0.383010 0.234730
vt 0.381152 0.236516
vt 0.394726 0.731294
vt 0.387695 0.229960
vt 0.393515 0.735686
vt 0.384489 0.233236
vt 0.387147 0.234777
vt 0.386676 0.236806
vt 0.398878 0.731402
vt 0.397387 0.732812
vt 0.388312 0.230296
vt 0.395110 0.735081
vt 0.394114 0.736051
vt 0.387610 0.233115
vt 0.400681 0.729578
vt 0.396202 0.734046
vt 0.387973 0.231636
vt 0.385973 0.239346
vt 0.390894 0.236695
vt 0.391685 0.239346
vt 0.398925 0.735489
vt 0.397278 0.735960
vt 0.389017 0.230293
vt 0.389391 0.231630
vt 0.394463 0.736661
vt 0.390270 0.234738
vt 0.400919 0.735024
vt 0.395824 0.736325
vt 0.389834 0.233070
vt 0.403391 0.734354
vt 0.391701 0.231918
vt 0.392952 0.233132
vt 0.403344 0.739842
vt 0.400867 0.739183
vt 0.397239 0.738164
vt 0.395783 0.737748
vt 0.390612 0.230902
vt 0.394474 0.234504
vt 0.396393 0.236207
vt 0.398907 0.738584
vt 0.389620 0.229927
vt 0.394456 0.737368
s 1
usemtl Material.006
f 2555/2363/1512 2563/2364/1520 2562/2365/1519 2554/2366/1511
f 2553/2367/1510 2560/2368/1517 2559/2369/1516 2680/2370/1637
f 2685/2371/1642 2566/2372/1523 2684/2373/1641
f 2679/2374/1636 2557/2375/1514 2556/2376/1513 2678/2377/1635
f 2682/2378/1639 2564/2379/1521 2563/2364/1520 2555/2363/1512
f 2681/2380/1638 2561/2381/1518 2560/2368/1517 2553/2367/1510
f 2552/2382/1509 2558/2383/1515 2557/2375/1514 2679/2374/1636
f 2683/2384/1640 2565/2385/1522 2564/2379/1521 2682/2378/1639
f 2554/2366/1511 2562/2365/1519 2561/2386/1518 2681/2387/1638
f 2680/2370/1637 2559/2369/1516 2558/2383/1515 2552/2382/1509
f 2684/2373/1641 2566/2372/1523 2565/2385/1522 2683/2384/1640
f 2678/2377/1635 2556/2376/1513 2644/2388/1601
f 2558/2383/1515 2569/2389/1526 2568/2390/1525 2557/2375/1514
f 2565/2385/1522 2576/2391/1533 2575/2392/1532 2564/2379/1521
f 2562/2365/1519 2573/2393/1530 2572/2394/1529 2561/2386/1518
f 2559/2369/1516 2570/2395/1527 2569/2389/1526 2558/2383/1515
f 2566/2372/1523 2577/2396/1534 2576/2391/1533 2565/2385/1522
f 2556/2376/1513 2567/2397/1524 2644/2388/1601
f 2563/2364/1520 2574/2398/1531 2573/2393/1530 2562/2365/1519
f 2560/2368/1517 2571/2399/1528 2570/2395/1527 2559/2369/1516
f 2685/2371/1642 2577/2396/1534 2566/2372/1523
f 2557/2375/1514 2568/2390/1525 2567/2397/1524 2556/2376/1513
f 2564/2379/1521 2575/2392/1532 2574/2398/1531 2563/2364/1520
f 2561/2381/1518 2572/2400/1529 2571/2399/1528 2560/2368/1517
f 2571/2399/1528 2582/2401/1539 2581/2402/1538 2570/2395/1527
f 2685/2371/1642 2588/2403/1545 2577/2396/1534
f 2568/2390/1525 2579/2404/1536 2578/2405/1535 2567/2397/1524
f 2575/2392/1532 2586/2406/1543 2585/2407/1542 2574/2398/1531
f 2572/2400/1529 2583/2408/1540 2582/2401/1539 2571/2399/1528
f 2569/2389/1526 2580/2409/1537 2579/2404/1536 2568/2390/1525
f 2576/2391/1533 2587/2410/1544 2586/2406/1543 2575/2392/1532
f 2573/2393/1530 2584/2411/1541 2583/2412/1540 2572/2394/1529
f 2570/2395/1527 2581/2402/1538 2580/2409/1537 2569/2389/1526
f 2577/2396/1534 2588/2403/1545 2587/2410/1544 2576/2391/1533
f 2567/2397/1524 2578/2405/1535 2644/2388/1601
f 2574/2398/1531 2585/2407/1542 2584/2411/1541 2573/2393/1530
f 2581/2402/1538 2592/2413/1549 2591/2414/1548 2580/2409/1537
f 2588/2403/1545 2599/2415/1556 2598/2416/1555 2587/2410/1544
f 2578/2405/1535 2589/2417/1546 2644/2388/1601
f 2585/2407/1542 2596/2418/1553 2595/2419/1552 2584/2411/1541
f 2582/2401/1539 2593/2420/1550 2592/2413/1549 2581/2402/1538
f 2685/2371/1642 2599/2415/1556 2588/2403/1545
f 2579/2404/1536 2590/2421/1547 2589/2417/1546 2578/2405/1535
f 2586/2406/1543 2597/2422/1554 2596/2418/1553 2585/2407/1542
f 2583/2408/1540 2594/2423/1551 2593/2420/1550 2582/2401/1539
f 2580/2409/1537 2591/2414/1548 2590/2421/1547 2579/2404/1536
f 2587/2410/1544 2598/2416/1555 2597/2422/1554 2586/2406/1543
f 2584/2411/1541 2595/2419/1552 2594/2424/1551 2583/2412/1540
f 2594/2423/1551 2605/2425/1562 2604/2426/1561 2593/2420/1550
f 2591/2414/1548 2602/2427/1559 2601/2428/1558 2590/2421/1547
f 2598/2416/1555 2609/2429/1566 2608/2430/1565 2597/2422/1554
f 2595/2419/1552 2606/2431/1563 2605/2432/1562 2594/2424/1551
f 2592/2413/1549 2603/2433/1560 2602/2427/1559 2591/2414/1548
f 2599/2415/1556 2610/2434/1567 2609/2429/1566 2598/2416/1555
f 2589/2417/1546 2600/2435/1557 2644/2388/1601
f 2596/2418/1553 2607/2436/1564 2606/2431/1563 2595/2419/1552
f 2593/2420/1550 2604/2426/1561 2603/2433/1560 2592/2413/1549
f 2685/2371/1642 2610/2434/1567 2599/2415/1556
f 2590/2421/1547 2601/2428/1558 2600/2435/1557 2589/2417/1546
f 2597/2422/1554 2608/2430/1565 2607/2436/1564 2596/2418/1553
f 2604/2426/1561 2615/2437/1572 2614/2438/1571 2603/2433/1560
f 2685/2371/1642 2621/2439/1578 2610/2434/1567
f 2601/2428/1558 2612/2440/1569 2611/2441/1568 2600/2435/1557
f 2608/2430/1565 2619/2442/1576 2618/2443/1575 2607/2436/1564
f 2605/2425/1562 2616/2444/1573 2615/2437/1572 2604/2426/1561
f 2602/2427/1559 2613/2445/1570 2612/2440/1569 2601/2428/1558
f 2609/2429/1566 2620/2446/1577 2619/2442/1576 2608/2430/1565
f 2606/2431/1563 2617/2447/1574 2616/2448/1573 2605/2432/1562
f 2603/2433/1560 2614/2438/1571 2613/2445/1570 2602/2427/1559
f 2610/2434/1567 2621/2439/1578 2620/2446/1577 2609/2429/1566
f 2600/2435/1557 2611/2441/1568 2644/2388/1601
f 2607/2436/1564 2618/2443/1575 2617/2447/1574 2606/2431/1563
f 2617/2447/1574 2628/2449/1585 2627/2450/1584 2616/2448/1573
f 2614/2438/1571 2625/2451/1582 2624/2452/1581 2613/2445/1570
f 2621/2439/1578 2632/2453/1589 2631/2454/1588 2620/2446/1577
f 2611/2441/1568 2622/2455/1579 2644/2388/1601
f 2618/2443/1575 2629/2456/1586 2628/2449/1585 2617/2447/1574
f 2615/2437/1572 2626/2457/1583 2625/2451/1582 2614/2438/1571
f 2685/2371/1642 2632/2453/1589 2621/2439/1578
f 2612/2440/1569 2623/2458/1580 2622/2455/1579 2611/2441/1568
f 2619/2442/1576 2630/2459/1587 2629/2456/1586 2618/2443/1575
f 2616/2444/1573 2627/2460/1584 2626/2457/1583 2615/2437/1572
f 2613/2445/1570 2624/2452/1581 2623/2458/1580 2612/2440/1569
f 2620/2446/1577 2631/2454/1588 2630/2459/1587 2619/2442/1576
f 2627/2460/1584 2638/2461/1595 2637/2462/1594 2626/2457/1583
f 2624/2452/1581 2635/2463/1592 2634/2464/1591 2623/2458/1580
f 2631/2454/1588 2642/2465/1599 2641/2466/1598 2630/2459/1587
f 2628/2449/1585 2639/2467/1596 2638/2468/1595 2627/2450/1584
f 2625/2451/1582 2636/2469/1593 2635/2463/1592 2624/2452/1581
f 2632/2453/1589 2643/2470/1600 2642/2465/1599 2631/2454/1588
f 2622/2455/1579 2633/2471/1590 2644/2388/1601
f 2629/2456/1586 2640/2472/1597 2639/2467/1596 2628/2449/1585
f 2626/2457/1583 2637/2462/1594 2636/2469/1593 2625/2451/1582
f 2685/2371/1642 2643/2470/1600 2632/2453/1589
f 2623/2458/1580 2634/2464/1591 2633/2471/1590 2622/2455/1579
f 2630/2459/1587 2641/2466/1598 2640/2472/1597 2629/2456/1586
f 2640/2472/1597 2652/2473/1609 2651/2474/1608 2639/2467/1596
f 2637/2462/1594 2649/2475/1606 2648/2476/1605 2636/2469/1593
f 2685/2371/1642 2655/2477/1612 2643/2470/1600
f 2634/2464/1591 2646/2478/1603 2645/2479/1602 2633/2471/1590
f 2641/2466/1598 2653/2480/1610 2652/2473/1609 2640/2472/1597
f 2638/2461/1595 2650/2481/1607 2649/2475/1606 2637/2462/1594
f 2635/2463/1592 2647/2482/1604 2646/2478/1603 2634/2464/1591
f 2642/2465/1599 2654/2483/1611 2653/2480/1610 2641/2466/1598
f 2639/2467/1596 2651/2474/1608 2650/2484/1607 2638/2468/1595
f 2636/2469/1593 2648/2476/1605 2647/2482/1604 2635/2463/1592
f 2643/2470/1600 2655/2477/1612 2654/2483/1611 2642/2465/1599
f 2633/2471/1590 2645/2479/1602 2644/2388/1601
f 2651/2474/1608 2662/2485/1619 2661/2486/1618 2650/2484/1607
f 2648/2476/1605 2659/2487/1616 2658/2488/1615 2647/2482/1604
f 2655/2477/1612 2666/2489/1623 2665/2490/1622 2654/2483/1611
f 2645/2479/1602 2656/2491/1613 2644/2388/1601
f 2652/2473/1609 2663/2492/1620 2662/2485/1619 2651/2474/1608
f 2649/2475/1606 2660/2493/1617 2659/2487/1616 2648/2476/1605
f 2685/2371/1642 2666/2489/1623 2655/2477/1612
f 2646/2478/1603 2657/2494/1614 2656/2491/1613 2645/2479/1602
f 2653/2480/1610 2664/2495/1621 2663/2492/1620 2652/2473/1609
f 2650/2481/1607 2661/2496/1618 2660/2493/1617 2649/2475/1606
f 2647/2482/1604 2658/2488/1615 2657/2494/1614 2646/2478/1603
f 2654/2483/1611 2665/2490/1622 2664/2495/1621 2653/2480/1610
f 2664/2495/1621 2675/2497/1632 2674/2498/1631 2663/2492/1620
f 2661/2496/1618 2672/2499/1629 2671/2500/1628 2660/2493/1617
f 2658/2488/1615 2669/2501/1626 2668/2502/1625 2657/2494/1614
f 2665/2490/1622 2676/2503/1633 2675/2497/1632 2664/2495/1621
f 2662/2485/1619 2673/2504/1630 2672/2505/1629 2661/2486/1618
f 2659/2487/1616 2670/2506/1627 2669/2501/1626 2658/2488/1615
f 2666/2489/1623 2677/2507/1634 2676/2503/1633 2665/2490/1622
f 2656/2491/1613 2667/2508/1624 2644/2388/1601
f 2663/2492/1620 2674/2498/1631 2673/2504/1630 2662/2485/1619
f 2660/2493/1617 2671/2500/1628 2670/2506/1627 2659/2487/1616
f 2685/2371/1642 2677/2507/1634 2666/2489/1623
f 2657/2494/1614 2668/2502/1625 2667/2508/1624 2656/2491/1613
f 2667/2508/1624 2678/2377/1635 2644/2388/1601
f 2674/2498/1631 2555/2363/1512 2554/2366/1511 2673/2504/1630
f 2671/2500/1628 2553/2367/1510 2680/2370/1637 2670/2506/1627
f 2685/2371/1642 2684/2373/1641 2677/2507/1634
f 2668/2502/1625 2679/2374/1636 2678/2377/1635 2667/2508/1624
f 2675/2497/1632 2682/2378/1639 2555/2363/1512 2674/2498/1631
f 2672/2499/1629 2681/2380/1638 2553/2367/1510 2671/2500/1628
f 2669/2501/1626 2552/2382/1509 2679/2374/1636 2668/2502/1625
f 2676/2503/1633 2683/2384/1640 2682/2378/1639 2675/2497/1632
f 2673/2504/1630 2554/2366/1511 2681/2387/1638 2672/2505/1629
f 2670/2506/1627 2680/2370/1637 2552/2382/1509 2669/2501/1626
f 2677/2507/1634 2684/2373/1641 2683/2384/1640 2676/2503/1633
f 2689/2363/1512 2688/2366/1511 2696/2365/1630 2697/2364/1631
f 2687/2367/1510 2814/2370/1637 2693/2369/1627 2694/2368/1628
f 2819/2371/1642 2818/2373/1641 2700/2372/1634
f 2813/2374/1636 2812/2377/1635 2690/2376/1624 2691/2375/1625
f 2816/2378/1639 2689/2363/1512 2697/2364/1631 2698/2379/1632
f 2815/2380/1638 2687/2367/1510 2694/2368/1628 2695/2381/1629
f 2686/2382/1509 2813/2374/1636 2691/2375/1625 2692/2383/1626
f 2817/2384/1640 2816/2378/1639 2698/2379/1632 2699/2385/1633
f 2688/2366/1511 2815/2387/1638 2695/2386/1629 2696/2365/1630
f 2814/2370/1637 2686/2382/1509 2692/2383/1626 2693/2369/1627
f 2818/2373/1641 2817/2384/1640 2699/2385/1633 2700/2372/1634
f 2812/2377/1635 2778/2388/1601 2690/2376/1624
f 2692/2383/1626 2691/2375/1625 2702/2390/1614 2703/2389/1615
f 2699/2385/1633 2698/2379/1632 2709/2392/1621 2710/2391/1622
f 2696/2365/1630 2695/2386/1629 2706/2394/1618 2707/2393/1619
f 2693/2369/1627 2692/2383/1626 2703/2389/1615 2704/2395/1616
f 2700/2372/1634 2699/2385/1633 2710/2391/1622 2711/2396/1623
f 2690/2376/1624 2778/2388/1601 2701/2397/1613
f 2697/2364/1631 2696/2365/1630 2707/2393/1619 2708/2398/1620
f 2694/2368/1628 2693/2369/1627 2704/2395/1616 2705/2399/1617
f 2819/2371/1642 2700/2372/1634 2711/2396/1623
f 2691/2375/1625 2690/2376/1624 2701/2397/1613 2702/2390/1614
f 2698/2379/1632 2697/2364/1631 2708/2398/1620 2709/2392/1621
f 2695/2381/1629 2694/2368/1628 2705/2399/1617 2706/2400/1618
f 2705/2399/1617 2704/2395/1616 2715/2402/1605 2716/2401/1606
f 2819/2371/1642 2711/2396/1623 2722/2403/1612
f 2702/2390/1614 2701/2397/1613 2712/2405/1602 2713/2404/1603
f 2709/2392/1621 2708/2398/1620 2719/2407/1609 2720/2406/1610
f 2706/2400/1618 2705/2399/1617 2716/2401/1606 2717/2408/1607
f 2703/2389/1615 2702/2390/1614 2713/2404/1603 2714/2409/1604
f 2710/2391/1622 2709/2392/1621 2720/2406/1610 2721/2410/1611
f 2707/2393/1619 2706/2394/1618 2717/2412/1607 2718/2411/1608
f 2704/2395/1616 2703/2389/1615 2714/2409/1604 2715/2402/1605
f 2711/2396/1623 2710/2391/1622 2721/2410/1611 2722/2403/1612
f 2701/2397/1613 2778/2388/1601 2712/2405/1602
f 2708/2398/1620 2707/2393/1619 2718/2411/1608 2719/2407/1609
f 2715/2402/1605 2714/2409/1604 2725/2414/1592 2726/2413/1593
f 2722/2403/1612 2721/2410/1611 2732/2416/1599 2733/2415/1600
f 2712/2405/1602 2778/2388/1601 2723/2417/1590
f 2719/2407/1609 2718/2411/1608 2729/2419/1596 2730/2418/1597
f 2716/2401/1606 2715/2402/1605 2726/2413/1593 2727/2420/1594
f 2819/2371/1642 2722/2403/1612 2733/2415/1600
f 2713/2404/1603 2712/2405/1602 2723/2417/1590 2724/2421/1591
f 2720/2406/1610 2719/2407/1609 2730/2418/1597 2731/2422/1598
f 2717/2408/1607 2716/2401/1606 2727/2420/1594 2728/2423/1595
f 2714/2409/1604 2713/2404/1603 2724/2421/1591 2725/2414/1592
f 2721/2410/1611 2720/2406/1610 2731/2422/1598 2732/2416/1599
f 2718/2411/1608 2717/2412/1607 2728/2424/1595 2729/2419/1596
f 2728/2423/1595 2727/2420/1594 2738/2426/1583 2739/2425/1584
f 2725/2414/1592 2724/2421/1591 2735/2428/1580 2736/2427/1581
f 2732/2416/1599 2731/2422/1598 2742/2430/1587 2743/2429/1588
f 2729/2419/1596 2728/2424/1595 2739/2432/1584 2740/2431/1585
f 2726/2413/1593 2725/2414/1592 2736/2427/1581 2737/2433/1582
f 2733/2415/1600 2732/2416/1599 2743/2429/1588 2744/2434/1589
f 2723/2417/1590 2778/2388/1601 2734/2435/1579
f 2730/2418/1597 2729/2419/1596 2740/2431/1585 2741/2436/1586
f 2727/2420/1594 2726/2413/1593 2737/2433/1582 2738/2426/1583
f 2819/2371/1642 2733/2415/1600 2744/2434/1589
f 2724/2421/1591 2723/2417/1590 2734/2435/1579 2735/2428/1580
f 2731/2422/1598 2730/2418/1597 2741/2436/1586 2742/2430/1587
f 2738/2426/1583 2737/2433/1582 2748/2438/1571 2749/2437/1572
f 2819/2371/1642 2744/2434/1589 2755/2439/1578
f 2735/2428/1580 2734/2435/1579 2745/2441/1568 2746/2440/1569
f 2742/2430/1587 2741/2436/1586 2752/2443/1575 2753/2442/1576
f 2739/2425/1584 2738/2426/1583 2749/2437/1572 2750/2444/1573
f 2736/2427/1581 2735/2428/1580 2746/2440/1569 2747/2445/1570
f 2743/2429/1588 2742/2430/1587 2753/2442/1576 2754/2446/1577
f 2740/2431/1585 2739/2432/1584 2750/2448/1573 2751/2447/1574
f 2737/2433/1582 2736/2427/1581 2747/2445/1570 2748/2438/1571
f 2744/2434/1589 2743/2429/1588 2754/2446/1577 2755/2439/1578
f 2734/2435/1579 2778/2388/1601 2745/2441/1568
f 2741/2436/1586 2740/2431/1585 2751/2447/1574 2752/2443/1575
f 2751/2447/1574 2750/2448/1573 2761/2450/1562 2762/2449/1563
f 2748/2438/1571 2747/2445/1570 2758/2452/1559 2759/2451/1560
f 2755/2439/1578 2754/2446/1577 2765/2454/1566 2766/2453/1567
f 2745/2441/1568 2778/2388/1601 2756/2455/1557
f 2752/2443/1575 2751/2447/1574 2762/2449/1563 2763/2456/1564
f 2749/2437/1572 2748/2438/1571 2759/2451/1560 2760/2457/1561
f 2819/2371/1642 2755/2439/1578 2766/2453/1567
f 2746/2440/1569 2745/2441/1568 2756/2455/1557 2757/2458/1558
f 2753/2442/1576 2752/2443/1575 2763/2456/1564 2764/2459/1565
f 2750/2444/1573 2749/2437/1572 2760/2457/1561 2761/2460/1562
f 2747/2445/1570 2746/2440/1569 2757/2458/1558 2758/2452/1559
f 2754/2446/1577 2753/2442/1576 2764/2459/1565 2765/2454/1566
f 2761/2460/1562 2760/2457/1561 2771/2462/1550 2772/2461/1551
f 2758/2452/1559 2757/2458/1558 2768/2464/1547 2769/2463/1548
f 2765/2454/1566 2764/2459/1565 2775/2466/1554 2776/2465/1555
f 2762/2449/1563 2761/2450/1562 2772/2468/1551 2773/2467/1552
f 2759/2451/1560 2758/2452/1559 2769/2463/1548 2770/2469/1549
f 2766/2453/1567 2765/2454/1566 2776/2465/1555 2777/2470/1556
f 2756/2455/1557 2778/2388/1601 2767/2471/1546
f 2763/2456/1564 2762/2449/1563 2773/2467/1552 2774/2472/1553
f 2760/2457/1561 2759/2451/1560 2770/2469/1549 2771/2462/1550
f 2819/2371/1642 2766/2453/1567 2777/2470/1556
f 2757/2458/1558 2756/2455/1557 2767/2471/1546 2768/2464/1547
f 2764/2459/1565 2763/2456/1564 2774/2472/1553 2775/2466/1554
f 2774/2472/1553 2773/2467/1552 2785/2474/1541 2786/2473/1542
f 2771/2462/1550 2770/2469/1549 2782/2476/1538 2783/2475/1539
f 2819/2371/1642 2777/2470/1556 2789/2477/1545
f 2768/2464/1547 2767/2471/1546 2779/2479/1535 2780/2478/1536
f 2775/2466/1554 2774/2472/1553 2786/2473/1542 2787/2480/1543
f 2772/2461/1551 2771/2462/1550 2783/2475/1539 2784/2481/1540
f 2769/2463/1548 2768/2464/1547 2780/2478/1536 2781/2482/1537
f 2776/2465/1555 2775/2466/1554 2787/2480/1543 2788/2483/1544
f 2773/2467/1552 2772/2468/1551 2784/2484/1540 2785/2474/1541
f 2770/2469/1549 2769/2463/1548 2781/2482/1537 2782/2476/1538
f 2777/2470/1556 2776/2465/1555 2788/2483/1544 2789/2477/1545
f 2767/2471/1546 2778/2388/1601 2779/2479/1535
f 2785/2474/1541 2784/2484/1540 2795/2486/1529 2796/2485/1530
f 2782/2476/1538 2781/2482/1537 2792/2488/1526 2793/2487/1527
f 2789/2477/1545 2788/2483/1544 2799/2490/1533 2800/2489/1534
f 2779/2479/1535 2778/2388/1601 2790/2491/1524
f 2786/2473/1542 2785/2474/1541 2796/2485/1530 2797/2492/1531
f 2783/2475/1539 2782/2476/1538 2793/2487/1527 2794/2493/1528
f 2819/2371/1642 2789/2477/1545 2800/2489/1534
f 2780/2478/1536 2779/2479/1535 2790/2491/1524 2791/2494/1525
f 2787/2480/1543 2786/2473/1542 2797/2492/1531 2798/2495/1532
f 2784/2481/1540 2783/2475/1539 2794/2493/1528 2795/2496/1529
f 2781/2482/1537 2780/2478/1536 2791/2494/1525 2792/2488/1526
f 2788/2483/1544 2787/2480/1543 2798/2495/1532 2799/2490/1533
f 2798/2495/1532 2797/2492/1531 2808/2498/1520 2809/2497/1521
f 2795/2496/1529 2794/2493/1528 2805/2500/1517 2806/2499/1518
f 2792/2488/1526 2791/2494/1525 2802/2502/1514 2803/2501/1515
f 2799/2490/1533 2798/2495/1532 2809/2497/1521 2810/2503/1522
f 2796/2485/1530 2795/2486/1529 2806/2505/1518 2807/2504/1519
f 2793/2487/1527 2792/2488/1526 2803/2501/1515 2804/2506/1516
f 2800/2489/1534 2799/2490/1533 2810/2503/1522 2811/2507/1523
f 2790/2491/1524 2778/2388/1601 2801/2508/1513
f 2797/2492/1531 2796/2485/1530 2807/2504/1519 2808/2498/1520
f 2794/2493/1528 2793/2487/1527 2804/2506/1516 2805/2500/1517
f 2819/2371/1642 2800/2489/1534 2811/2507/1523
f 2791/2494/1525 2790/2491/1524 2801/2508/1513 2802/2502/1514
f 2801/2508/1513 2778/2388/1601 2812/2377/1635
f 2808/2498/1520 2807/2504/1519 2688/2366/1511 2689/2363/1512
f 2805/2500/1517 2804/2506/1516 2814/2370/1637 2687/2367/1510
f 2819/2371/1642 2811/2507/1523 2818/2373/1641
f 2802/2502/1514 2801/2508/1513 2812/2377/1635 2813/2374/1636
f 2809/2497/1521 2808/2498/1520 2689/2363/1512 2816/2378/1639
f 2806/2499/1518 2805/2500/1517 2687/2367/1510 2815/2380/1638
f 2803/2501/1515 2802/2502/1514 2813/2374/1636 2686/2382/1509
f 2810/2503/1522 2809/2497/1521 2816/2378/1639 2817/2384/1640
f 2807/2504/1519 2806/2505/1518 2815/2387/1638 2688/2366/1511
f 2804/2506/1516 2803/2501/1515 2686/2382/1509 2814/2370/1637
f 2811/2507/1523 2810/2503/1522 2817/2384/1640 2818/2373/1641
o Cube.038
v 0.558596 0.893098 -0.003179
v 0.534600 0.966901 0.002248
v 0.558596 0.917986 -0.128697
v 0.534600 0.993625 -0.106527
v 0.483338 0.889715 -0.003735
v 0.437128 0.966901 0.002248
v 0.500736 0.913967 -0.128657
v 0.450342 0.993625 -0.106527
v 0.558596 0.916790 0.000718
v 0.558596 0.946132 -0.128975
v 0.485766 0.946132 -0.128975
v 0.468368 0.916790 0.000718
v 0.565983 0.893693 -0.087526
v 0.565983 0.886288 -0.046521
v 0.541987 0.975809 -0.034011
v 0.541987 0.984717 -0.070269
v 0.487545 0.886288 -0.046521
v 0.487545 0.893693 -0.087526
v 0.437128 0.984717 -0.070269
v 0.437128 0.975809 -0.034011
v 0.466586 0.936351 -0.085744
v 0.466586 0.926570 -0.042513
v 0.565983 0.926570 -0.042513
v 0.565983 0.936351 -0.085744
v 0.552037 0.941846 0.001483
v 0.552037 0.969879 -0.117751
v 0.469132 0.969879 -0.117751
v 0.447219 0.941846 0.001483
v 0.446328 0.960534 -0.078006
v 0.446328 0.951190 -0.038262
v 0.559424 0.951190 -0.038262
v 0.559424 0.960534 -0.078006
v -0.558596 0.893098 -0.003179
v -0.534600 0.966901 0.002248
v -0.558596 0.917986 -0.128697
v -0.534600 0.993625 -0.106527
v -0.483338 0.889715 -0.003735
v -0.437128 0.966901 0.002248
v -0.500736 0.913967 -0.128657
v -0.450343 0.993625 -0.106527
v -0.558596 0.916790 0.000718
v -0.558596 0.946132 -0.128975
v -0.485767 0.946132 -0.128975
v -0.468368 0.916790 0.000718
v -0.565983 0.893693 -0.087526
v -0.565983 0.886288 -0.046521
v -0.541988 0.975809 -0.034011
v -0.541988 0.984717 -0.070269
v -0.487545 0.886288 -0.046521
v -0.487545 0.893693 -0.087526
v -0.437128 0.984717 -0.070269
v -0.437128 0.975809 -0.034011
v -0.466586 0.936351 -0.085744
v -0.466586 0.926570 -0.042513
v -0.565983 0.926570 -0.042513
v -0.565983 0.936351 -0.085744
v -0.552037 0.941846 0.001483
v -0.552037 0.969879 -0.117751
v -0.469132 0.969879 -0.117751
v -0.447219 0.941846 0.001483
v -0.446328 0.960534 -0.078006
v -0.446328 0.951190 -0.038262
v -0.559425 0.951190 -0.038262
v -0.559425 0.960534 -0.078006
vn 0.8058 0.5920 -0.0145
vn -0.0000 0.4273 -0.9041
vn -0.9321 -0.3545 -0.0742
vn -0.0000 -0.0305 0.9995
vn 0.0214 -0.9924 0.1208
vn -0.0000 0.9711 0.2386
vn -0.0000 -0.1623 0.9867
vn -0.8838 -0.4640 -0.0592
vn -0.0000 -0.0099 -1.0000
vn 0.9853 0.0036 -0.1710
vn 0.9857 -0.0207 0.1675
vn 1.0000 -0.0000 -0.0000
vn -0.8101 -0.3803 -0.4463
vn -0.8914 -0.4442 -0.0906
vn 0.0258 -0.8798 -0.4746
vn -0.0000 -0.9841 -0.1777
vn -0.8317 -0.3011 -0.4665
vn -0.9390 -0.3343 -0.0803
vn 0.7982 0.5318 0.2829
vn 0.8216 0.5544 0.1331
vn 0.9676 0.2461 0.0567
vn 0.9482 0.2280 0.2214
vn -0.7785 -0.6117 -0.1410
vn -0.7751 -0.4045 -0.4854
vn -0.7685 -0.6285 -0.1201
vn 0.9489 0.2993 -0.1000
vn -0.8058 0.5920 -0.0145
vn 0.9321 -0.3545 -0.0742
vn -0.0214 -0.9924 0.1208
vn 0.8838 -0.4640 -0.0592
vn -0.9853 0.0036 -0.1710
vn -0.9857 -0.0207 0.1675
vn -1.0000 -0.0000 -0.0000
vn 0.8101 -0.3803 -0.4463
vn 0.8914 -0.4442 -0.0906
vn -0.0258 -0.8798 -0.4746
vn 0.8317 -0.3011 -0.4665
vn 0.9390 -0.3343 -0.0803
vn -0.7982 0.5318 0.2829
vn -0.8216 0.5544 0.1331
vn -0.9676 0.2461 0.0567
vn -0.9482 0.2280 0.2214
vn 0.7785 -0.6117 -0.1410
vn 0.7751 -0.4045 -0.4854
vn 0.7685 -0.6285 -0.1201
vn -0.9489 0.2993 -0.1000
vt 0.300884 0.926263
vt 0.305702 0.923352
vt 0.307573 0.927270
vt 0.303100 0.930285
vt 0.331442 0.925502
vt 0.332602 0.942754
vt 0.427770 0.879781
vt 0.428331 0.890897
vt 0.421022 0.889816
vt 0.420545 0.879624
vt 0.277047 0.956156
vt 0.291298 0.931274
vt 0.293327 0.934729
vt 0.286787 0.963869
vt 0.291016 0.921803
vt 0.288191 0.926072
vt 0.270298 0.932570
vt 0.270298 0.911186
vt 0.305794 0.965637
vt 0.297955 0.932661
vt 0.289471 0.928563
vt 0.272962 0.944290
vt 0.449004 0.880708
vt 0.445798 0.892070
vt 0.437247 0.891940
vt 0.436568 0.879823
vt 0.301589 0.917926
vt 0.310656 0.899448
vt 0.324893 0.912629
vt 0.304125 0.920127
vt 0.295707 0.918675
vt 0.299322 0.923126
vt 0.294352 0.925940
vt 0.447696 0.856364
vt 0.449004 0.869307
vt 0.436063 0.867683
vt 0.438197 0.854615
vt 0.321464 0.958339
vt 0.284329 0.895586
vt 0.429950 0.856520
vt 0.427391 0.868848
vt 0.420149 0.869480
vt 0.421328 0.858710
vt 0.296062 0.928854
s 0
usemtl Material.006
f 2851/2509/1643 2845/2510/1643 2823/2511/1643 2835/2512/1643
f 2845/2510/1644 2846/2513/1644 2827/2514/1644 2823/2511/1644
f 2849/2515/1645 2847/2516/1645 2825/2517/1645 2839/2518/1645
f 2847/2519/1646 2844/2520/1646 2821/2521/1646 2825/2522/1646
f 2833/2523/1647 2820/2524/1647 2824/2525/1647 2836/2526/1647
f 2839/2527/1648 2825/2522/1648 2821/2521/1648 2834/2528/1648
f 2824/2525/1649 2820/2524/1649 2828/2529/1649 2831/2530/1649
f 2836/2531/1650 2824/2532/1650 2831/2533/1650 2841/2534/1650
f 2822/2535/1651 2826/2536/1651 2830/2537/1651 2829/2538/1651
f 2832/2539/1652 2822/2535/1652 2829/2538/1652 2843/2540/1652
f 2820/2524/1653 2833/2523/1653 2842/2541/1653 2828/2529/1653
f 2833/2523/1654 2832/2539/1654 2843/2540/1654 2842/2541/1654
f 2826/2542/1655 2837/2543/1655 2840/2544/1655 2830/2545/1655
f 2837/2543/1656 2836/2531/1656 2841/2534/1656 2840/2544/1656
f 2827/2514/1648 2838/2546/1648 2835/2512/1648 2823/2511/1648
f 2838/2546/1648 2839/2527/1648 2834/2528/1648 2835/2512/1648
f 2822/2535/1657 2832/2539/1657 2837/2547/1657 2826/2536/1657
f 2832/2539/1658 2833/2523/1658 2836/2526/1658 2837/2547/1658
f 2846/2548/1659 2848/2549/1659 2838/2550/1659 2827/2551/1659
f 2848/2549/1660 2849/2515/1660 2839/2518/1660 2838/2550/1660
f 2844/2520/1661 2850/2552/1661 2834/2528/1661 2821/2521/1661
f 2850/2552/1662 2851/2509/1662 2835/2512/1662 2834/2528/1662
f 2842/2541/1663 2843/2540/1663 2851/2509/1663 2850/2552/1663
f 2828/2529/1664 2842/2541/1664 2850/2552/1664 2844/2520/1664
f 2840/2544/1665 2841/2534/1665 2849/2515/1665 2848/2549/1665
f 2830/2545/1666 2840/2544/1666 2848/2549/1666 2846/2548/1666
f 2831/2530/1646 2828/2529/1646 2844/2520/1646 2847/2519/1646
f 2841/2534/1667 2831/2533/1667 2847/2516/1667 2849/2515/1667
f 2829/2538/1644 2830/2537/1644 2846/2513/1644 2845/2510/1644
f 2843/2540/1668 2829/2538/1668 2845/2510/1668 2851/2509/1668
f 2883/2509/1669 2867/2512/1669 2855/2511/1669 2877/2510/1669
f 2877/2510/1644 2855/2511/1644 2859/2514/1644 2878/2513/1644
f 2881/2515/1670 2871/2518/1670 2857/2517/1670 2879/2516/1670
f 2879/2519/1646 2857/2522/1646 2853/2521/1646 2876/2520/1646
f 2865/2523/1671 2868/2526/1671 2856/2525/1671 2852/2524/1671
f 2871/2527/1648 2866/2528/1648 2853/2521/1648 2857/2522/1648
f 2856/2525/1649 2863/2530/1649 2860/2529/1649 2852/2524/1649
f 2868/2531/1672 2873/2534/1672 2863/2533/1672 2856/2532/1672
f 2854/2535/1651 2861/2538/1651 2862/2537/1651 2858/2536/1651
f 2864/2539/1673 2875/2540/1673 2861/2538/1673 2854/2535/1673
f 2852/2524/1674 2860/2529/1674 2874/2541/1674 2865/2523/1674
f 2865/2523/1675 2874/2541/1675 2875/2540/1675 2864/2539/1675
f 2858/2542/1676 2862/2545/1676 2872/2544/1676 2869/2543/1676
f 2869/2543/1677 2872/2544/1677 2873/2534/1677 2868/2531/1677
f 2859/2514/1648 2855/2511/1648 2867/2512/1648 2870/2546/1648
f 2870/2546/1648 2867/2512/1648 2866/2528/1648 2871/2527/1648
f 2854/2535/1678 2858/2536/1678 2869/2547/1678 2864/2539/1678
f 2864/2539/1658 2869/2547/1658 2868/2526/1658 2865/2523/1658
f 2878/2548/1679 2859/2551/1679 2870/2550/1679 2880/2549/1679
f 2880/2549/1680 2870/2550/1680 2871/2518/1680 2881/2515/1680
f 2876/2520/1681 2853/2521/1681 2866/2528/1681 2882/2552/1681
f 2882/2552/1682 2866/2528/1682 2867/2512/1682 2883/2509/1682
f 2874/2541/1683 2882/2552/1683 2883/2509/1683 2875/2540/1683
f 2860/2529/1684 2876/2520/1684 2882/2552/1684 2874/2541/1684
f 2872/2544/1685 2880/2549/1685 2881/2515/1685 2873/2534/1685
f 2862/2545/1686 2878/2548/1686 2880/2549/1686 2872/2544/1686
f 2863/2530/1646 2879/2519/1646 2876/2520/1646 2860/2529/1646
f 2873/2534/1687 2881/2515/1687 2879/2516/1687 2863/2533/1687
f 2861/2538/1644 2877/2510/1644 2878/2513/1644 2862/2537/1644
f 2875/2540/1688 2883/2509/1688 2877/2510/1688 2861/2538/1688
o Cube.039
v 0.441958 1.026600 -0.092183
v 0.403627 1.203010 -0.097854
v 0.530744 1.013913 -0.029786
v 0.512187 1.219190 -0.018168
v 0.445737 1.001243 -0.029786
v 0.403627 1.203010 -0.018168
v 0.516281 1.010659 -0.006238
v 0.530804 1.013512 -0.020995
v 0.512187 1.219190 -0.002913
v 0.497564 1.217010 0.011905
v 0.527871 1.033193 -0.077228
v 0.512334 1.037090 -0.092183
v 0.497556 1.217009 -0.097854
v 0.512187 1.219190 -0.083086
v 0.445797 1.000842 -0.020995
v 0.460521 1.002348 -0.006238
v 0.418251 1.205189 0.011905
v 0.403627 1.203010 -0.002913
v 0.379949 1.197977 -0.083355
v 0.394386 1.201046 -0.097959
v 0.432717 1.024637 -0.092288
v 0.419185 1.015491 -0.077497
v 0.421184 1.002082 -0.044501
v 0.436497 0.999279 -0.029891
v 0.394386 1.201046 -0.018273
v 0.379949 1.197977 -0.033221
v 0.436471 1.051855 -0.092995
v 0.439709 1.030128 -0.028123
v 0.528088 1.043300 -0.028123
v 0.513601 1.040200 -0.003640
v 0.528139 1.042956 -0.018407
v 0.510218 1.062847 -0.092995
v 0.525626 1.059820 -0.078067
v 0.454470 1.031387 -0.003640
v 0.439760 1.029784 -0.018407
v 0.413568 1.041615 -0.078335
v 0.427230 1.049891 -0.093100
v 0.430468 1.028164 -0.028228
v 0.415281 1.030126 -0.042886
v 0.502605 1.161430 0.007018
v 0.516411 1.169092 -0.081508
v 0.414986 1.148556 -0.007783
v 0.404711 1.153530 -0.096432
v 0.391055 1.145213 -0.036259
v 0.413952 1.155494 -0.096327
v 0.414970 1.148664 -0.021298
v 0.517185 1.163899 -0.021298
v 0.517202 1.163791 -0.007783
v 0.501536 1.168548 -0.096327
v 0.429636 1.150554 0.007018
v 0.390517 1.148825 -0.081777
v 0.405729 1.146700 -0.021402
v 0.507438 1.009341 -0.006238
v 0.469107 1.003628 -0.006238
v 0.430464 1.207009 0.011905
v 0.484985 1.215135 0.011905
v 0.463575 1.032744 -0.003640
v 0.504224 1.038802 -0.003640
v 0.440872 1.152229 0.007018
v 0.491033 1.159705 0.007018
v 0.467147 1.033276 0.006358
v 0.500652 1.038270 0.006358
v -0.441959 1.026600 -0.092183
v -0.403628 1.203010 -0.097854
v -0.530745 1.013913 -0.029786
v -0.512188 1.219190 -0.018168
v -0.445738 1.001243 -0.029786
v -0.403628 1.203010 -0.018168
v -0.516281 1.010659 -0.006238
v -0.530805 1.013512 -0.020995
v -0.512188 1.219190 -0.002913
v -0.497564 1.217010 0.011905
v -0.527871 1.033193 -0.077228
v -0.512334 1.037090 -0.092183
v -0.497556 1.217009 -0.097854
v -0.512188 1.219190 -0.083086
v -0.445798 1.000842 -0.020995
v -0.460522 1.002348 -0.006238
v -0.418251 1.205189 0.011905
v -0.403628 1.203010 -0.002913
v -0.379949 1.197977 -0.083355
v -0.394387 1.201046 -0.097959
v -0.432718 1.024637 -0.092288
v -0.419186 1.015491 -0.077497
v -0.421184 1.002082 -0.044501
v -0.436497 0.999279 -0.029891
v -0.394387 1.201046 -0.018273
v -0.379949 1.197977 -0.033221
v -0.436471 1.051855 -0.092995
v -0.439709 1.030128 -0.028123
v -0.528088 1.043300 -0.028123
v -0.513602 1.040200 -0.003640
v -0.528139 1.042956 -0.018407
v -0.510218 1.062847 -0.092995
v -0.525626 1.059820 -0.078067
v -0.454470 1.031387 -0.003640
v -0.439761 1.029784 -0.018407
v -0.413569 1.041615 -0.078335
v -0.427230 1.049891 -0.093100
v -0.430469 1.028164 -0.028228
v -0.415281 1.030126 -0.042886
v -0.502605 1.161430 0.007018
v -0.516412 1.169092 -0.081508
v -0.414986 1.148556 -0.007783
v -0.404711 1.153530 -0.096432
v -0.391056 1.145213 -0.036259
v -0.413952 1.155494 -0.096327
v -0.414970 1.148664 -0.021298
v -0.517186 1.163899 -0.021298
v -0.517202 1.163791 -0.007783
v -0.501537 1.168548 -0.096327
v -0.429637 1.150554 0.007018
v -0.390517 1.148825 -0.081777
v -0.405729 1.146700 -0.021402
v -0.507438 1.009341 -0.006238
v -0.469108 1.003628 -0.006238
v -0.430464 1.207009 0.011905
v -0.484986 1.215135 0.011905
v -0.463576 1.032744 -0.003640
v -0.504224 1.038802 -0.003640
v -0.440873 1.152229 0.007018
v -0.491033 1.159705 0.007018
v -0.467147 1.033276 0.006358
v -0.500652 1.038270 0.006358
vn 0.7117 0.0027 0.7025
vn 0.6983 0.0356 -0.7149
vn -0.6823 -0.2050 0.7018
vn -0.6738 -0.1687 -0.7194
vn -0.6953 -0.1857 0.6943
vn 0.9959 0.0901 -0.0002
vn 0.0129 -0.0864 0.9962
vn 0.1473 -0.9880 -0.0461
vn -0.1474 0.9891 -0.0000
vn 0.0046 -0.0311 -0.9995
vn 0.1364 -0.9149 -0.3800
vn 0.9962 0.0872 -0.0025
vn -0.9789 -0.2042 -0.0002
vn 0.0174 -0.0284 -0.9994
vn -0.9781 -0.2080 -0.0023
vn -0.2079 0.9782 -0.0000
vn 0.1965 -0.9042 -0.3793
vn 0.0009 -0.0573 0.9984
vn -0.9779 -0.2077 -0.0225
vn -0.9790 -0.2041 -0.0023
vn 0.9959 0.0875 -0.0224
vn 0.9959 0.0903 -0.0023
vn -0.6923 -0.1853 0.6974
vn -0.6773 -0.1694 -0.7160
vn -0.6819 -0.2050 0.7021
vn 0.7018 0.0360 -0.7115
vn 0.7124 0.0029 0.7018
vn 0.7059 0.0365 -0.7074
vn -0.6815 -0.2049 0.7025
vn -0.6813 -0.1701 -0.7119
vn -0.6888 -0.1847 0.7010
vn -0.9781 -0.2078 -0.0116
vn -0.9789 -0.2042 -0.0011
vn 0.9961 0.0873 -0.0120
vn 0.9959 0.0902 -0.0011
vn 0.7121 0.0028 0.7021
vn 0.0008 -0.0054 1.0000
vn 0.1474 -0.9891 -0.0000
vn -0.9183 -0.2047 0.3389
vn 0.9380 0.0725 0.3389
vn -0.7117 0.0027 0.7025
vn -0.6983 0.0356 -0.7149
vn 0.6823 -0.2050 0.7018
vn 0.6738 -0.1687 -0.7194
vn 0.6953 -0.1857 0.6943
vn -0.9959 0.0901 -0.0002
vn -0.0129 -0.0864 0.9962
vn -0.1473 -0.9880 -0.0461
vn 0.1474 0.9891 -0.0000
vn -0.0046 -0.0311 -0.9995
vn -0.1364 -0.9149 -0.3800
vn -0.9962 0.0872 -0.0025
vn 0.9789 -0.2042 -0.0002
vn -0.0174 -0.0284 -0.9994
vn 0.9781 -0.2080 -0.0023
vn 0.2079 0.9782 -0.0000
vn -0.1965 -0.9042 -0.3793
vn -0.0009 -0.0573 0.9984
vn 0.9779 -0.2077 -0.0225
vn 0.9790 -0.2041 -0.0023
vn -0.9959 0.0875 -0.0224
vn -0.9959 0.0903 -0.0023
vn 0.6923 -0.1853 0.6974
vn 0.6773 -0.1694 -0.7160
vn 0.6819 -0.2050 0.7021
vn -0.7018 0.0360 -0.7115
vn -0.7124 0.0029 0.7018
vn -0.7059 0.0365 -0.7074
vn 0.6815 -0.2049 0.7025
vn 0.6813 -0.1701 -0.7119
vn 0.6888 -0.1847 0.7010
vn 0.9781 -0.2078 -0.0116
vn 0.9789 -0.2042 -0.0011
vn -0.9961 0.0873 -0.0120
vn -0.9959 0.0902 -0.0011
vn -0.7121 0.0028 0.7021
vn -0.0008 -0.0054 1.0000
vn -0.1474 -0.9891 -0.0000
vn 0.9183 -0.2047 0.3389
vn -0.9380 0.0725 0.3389
vt 0.794530 0.808298
vt 0.795114 0.813805
vt 0.780127 0.815292
vt 0.779405 0.809657
vt 0.825763 0.832204
vt 0.825670 0.826478
vt 0.832537 0.824796
vt 0.832412 0.830594
vt 0.825537 0.788542
vt 0.825777 0.783096
vt 0.833499 0.783506
vt 0.833250 0.788944
vt 0.823913 0.762955
vt 0.823391 0.757258
vt 0.830093 0.758423
vt 0.830830 0.764169
vt 0.826251 0.778108
vt 0.825612 0.772596
vt 0.833100 0.773245
vt 0.833943 0.778765
vt 0.795768 0.817327
vt 0.780924 0.819337
vt 0.794436 0.805207
vt 0.779259 0.806187
vt 0.986595 0.758306
vt 0.988912 0.758306
vt 0.992802 0.762199
vt 0.992802 0.764553
vt 0.992802 0.774757
vt 0.992802 0.777043
vt 0.988912 0.780936
vt 0.986595 0.780936
vt 0.865826 0.119557
vt 0.861809 0.119557
vt 0.857908 0.115664
vt 0.857908 0.112413
vt 0.857908 0.097899
vt 0.857908 0.094551
vt 0.861809 0.090658
vt 0.865826 0.090658
vt 0.801779 0.727355
vt 0.796296 0.750060
vt 0.783626 0.747874
vt 0.789524 0.723516
vt 0.973091 0.758306
vt 0.968834 0.780936
vt 0.968834 0.762201
vt 0.797491 0.833260
vt 0.784438 0.836369
vt 0.886807 0.119557
vt 0.882919 0.090658
vt 0.886807 0.094553
vt 0.794420 0.778056
vt 0.794013 0.781592
vt 0.779060 0.781112
vt 0.779598 0.777045
vt 0.795861 0.752514
vt 0.783189 0.750332
vt 0.795470 0.758024
vt 0.794826 0.770050
vt 0.780473 0.768954
vt 0.782352 0.755761
vt 0.886835 0.122045
vt 0.882989 0.125931
vt 0.869789 0.125931
vt 0.865853 0.122045
vt 0.986628 0.783423
vt 0.982567 0.787309
vt 0.973174 0.787309
vt 0.968866 0.783423
vt 0.826037 0.780569
vt 0.833720 0.781222
vt 0.794608 0.775570
vt 0.830531 0.755976
vt 0.823828 0.754810
vt 0.834953 0.811405
vt 0.827197 0.812659
vt 0.834953 0.737767
vt 0.828456 0.735728
vt 0.833719 0.801418
vt 0.833878 0.803544
vt 0.826033 0.804706
vt 0.825806 0.802248
vt 0.834558 0.809095
vt 0.826740 0.810138
vt 0.793806 0.787089
vt 0.798483 0.838747
vt 0.785864 0.841758
vt 0.778701 0.786768
vt 0.779796 0.774525
vt 0.825536 0.790926
vt 0.793917 0.790076
vt 0.823006 0.793477
vt 0.823781 0.799999
vt 0.833284 0.790937
vt 0.778784 0.790132
s 0
usemtl Material.006
f 2923/2553/1689 2931/2554/1689 2892/2555/1689 2893/2556/1689
f 2915/2557/1690 2916/2558/1690 2894/2559/1690 2895/2560/1690
f 2917/2561/1691 2918/2562/1691 2898/2563/1691 2899/2564/1691
f 2919/2565/1692 2920/2566/1692 2904/2567/1692 2905/2568/1692
f 2921/2569/1693 2922/2570/1693 2906/2571/1693 2907/2572/1693
f 2931/2554/1694 2930/2573/1694 2887/2574/1694 2892/2555/1694
f 2943/2575/1695 2923/2553/1695 2893/2556/1695 2939/2576/1695
f 2886/2577/1696 2891/2578/1696 2890/2579/1696 2936/2580/1696 2937/2581/1696 2899/2582/1696 2898/2583/1696 2888/2584/1696
f 2889/2585/1697 2901/2586/1697 2900/2587/1697 2938/2588/1697 2939/2589/1697 2893/2590/1697 2892/2591/1697 2887/2592/1697
f 2932/2593/1698 2928/2594/1698 2885/2595/1698 2896/2596/1698
f 2894/2597/1699 2886/2577/1699 2888/2584/1699 2884/2598/1699 2895/2599/1699
f 2930/2573/1700 2924/2600/1700 2897/2601/1700 2887/2574/1700
f 2885/2602/1697 2889/2585/1697 2887/2592/1697 2897/2603/1697 2896/2604/1697
f 2929/2605/1701 2925/2606/1701 2901/2607/1701 2889/2608/1701
f 2928/2594/1702 2926/2609/1702 2903/2610/1702 2885/2595/1702
f 2934/2611/1703 2927/2612/1703 2909/2613/1703 2902/2614/1703
f 2885/2602/1704 2903/2615/1704 2902/2616/1704 2909/2617/1704 2908/2618/1704 2889/2585/1704
f 2888/2584/1705 2907/2619/1705 2906/2620/1705 2905/2621/1705 2904/2622/1705 2884/2598/1705
f 2911/2623/1706 2921/2569/1706 2907/2572/1706 2888/2624/1706
f 2929/2605/1706 2935/2625/1706 2921/2569/1706 2911/2623/1706
f 2905/2568/1707 2906/2571/1707 2922/2570/1707 2919/2565/1707
f 2884/2626/1702 2904/2567/1702 2920/2566/1702 2910/2627/1702
f 2888/2624/1708 2898/2563/1708 2918/2562/1708 2911/2623/1708
f 2886/2628/1709 2894/2559/1709 2916/2558/1709 2912/2629/1709
f 2895/2630/1698 2884/2626/1698 2910/2627/1698 2915/2631/1698
f 2936/2632/1695 2890/2633/1695 2913/2634/1695 2941/2635/1695
f 2891/2636/1710 2886/2628/1710 2912/2629/1710 2914/2637/1710
f 2935/2625/1711 2927/2612/1711 2922/2570/1711 2921/2569/1711
f 2934/2611/1712 2926/2609/1712 2920/2566/1712 2919/2565/1712
f 2933/2638/1713 2925/2606/1713 2918/2562/1713 2917/2561/1713
f 2932/2639/1714 2924/2600/1714 2916/2558/1714 2915/2557/1714
f 2890/2633/1715 2891/2636/1715 2914/2637/1715 2913/2634/1715
f 2896/2640/1716 2897/2601/1716 2924/2600/1716 2932/2639/1716
f 2900/2641/1717 2901/2607/1717 2925/2606/1717 2933/2638/1717
f 2902/2614/1718 2903/2610/1718 2926/2609/1718 2934/2611/1718
f 2908/2642/1719 2909/2613/1719 2927/2612/1719 2935/2625/1719
f 2889/2608/1706 2908/2642/1706 2935/2625/1706 2929/2605/1706
f 2919/2565/1720 2922/2570/1720 2927/2612/1720 2934/2611/1720
f 2910/2627/1702 2920/2566/1702 2926/2609/1702 2928/2594/1702
f 2911/2623/1721 2918/2562/1721 2925/2606/1721 2929/2605/1721
f 2912/2629/1722 2916/2558/1722 2924/2600/1722 2930/2573/1722
f 2915/2631/1698 2910/2627/1698 2928/2594/1698 2932/2593/1698
f 2941/2635/1695 2913/2634/1695 2923/2553/1695 2943/2575/1695
f 2914/2637/1723 2912/2629/1723 2930/2573/1723 2931/2554/1723
f 2913/2634/1724 2914/2637/1724 2931/2554/1724 2923/2553/1724
f 2917/2561/1695 2940/2643/1695 2942/2644/1695 2933/2638/1695
f 2943/2575/1725 2942/2644/1725 2944/2645/1725 2945/2646/1725
f 2899/2564/1695 2937/2647/1695 2940/2643/1695 2917/2561/1695
f 2937/2647/1695 2936/2632/1695 2941/2635/1695 2940/2643/1695
f 2933/2638/1695 2942/2644/1695 2938/2648/1695 2900/2641/1695
f 2942/2644/1695 2943/2575/1695 2939/2576/1695 2938/2648/1695
f 2941/2635/1726 2945/2646/1726 2944/2645/1726 2940/2643/1726
f 2940/2643/1727 2944/2645/1727 2942/2644/1727
f 2941/2635/1728 2943/2575/1728 2945/2646/1728
f 2985/2553/1729 2955/2556/1729 2954/2555/1729 2993/2554/1729
f 2977/2557/1730 2957/2560/1730 2956/2559/1730 2978/2558/1730
f 2979/2561/1731 2961/2564/1731 2960/2563/1731 2980/2562/1731
f 2981/2565/1732 2967/2568/1732 2966/2567/1732 2982/2566/1732
f 2983/2569/1733 2969/2572/1733 2968/2571/1733 2984/2570/1733
f 2993/2554/1734 2954/2555/1734 2949/2574/1734 2992/2573/1734
f 3005/2575/1735 3001/2576/1735 2955/2556/1735 2985/2553/1735
f 2948/2577/1736 2950/2584/1736 2960/2583/1736 2961/2582/1736 2999/2581/1736 2998/2580/1736 2952/2579/1736 2953/2578/1736
f 2951/2585/1737 2949/2592/1737 2954/2591/1737 2955/2590/1737 3001/2589/1737 3000/2588/1737 2962/2587/1737 2963/2586/1737
f 2994/2593/1738 2958/2596/1738 2947/2595/1738 2990/2594/1738
f 2956/2597/1739 2957/2599/1739 2946/2598/1739 2950/2584/1739 2948/2577/1739
f 2992/2573/1740 2949/2574/1740 2959/2601/1740 2986/2600/1740
f 2947/2602/1737 2958/2604/1737 2959/2603/1737 2949/2592/1737 2951/2585/1737
f 2991/2605/1741 2951/2608/1741 2963/2607/1741 2987/2606/1741
f 2990/2594/1742 2947/2595/1742 2965/2610/1742 2988/2609/1742
f 2996/2611/1743 2964/2614/1743 2971/2613/1743 2989/2612/1743
f 2947/2602/1744 2951/2585/1744 2970/2618/1744 2971/2617/1744 2964/2616/1744 2965/2615/1744
f 2950/2584/1745 2946/2598/1745 2966/2622/1745 2967/2621/1745 2968/2620/1745 2969/2619/1745
f 2973/2623/1746 2950/2624/1746 2969/2572/1746 2983/2569/1746
f 2991/2605/1746 2973/2623/1746 2983/2569/1746 2997/2625/1746
f 2967/2568/1747 2981/2565/1747 2984/2570/1747 2968/2571/1747
f 2946/2626/1742 2972/2627/1742 2982/2566/1742 2966/2567/1742
f 2950/2624/1748 2973/2623/1748 2980/2562/1748 2960/2563/1748
f 2948/2628/1749 2974/2629/1749 2978/2558/1749 2956/2559/1749
f 2957/2630/1738 2977/2631/1738 2972/2627/1738 2946/2626/1738
f 2998/2632/1735 3003/2635/1735 2975/2634/1735 2952/2633/1735
f 2953/2636/1750 2976/2637/1750 2974/2629/1750 2948/2628/1750
f 2997/2625/1751 2983/2569/1751 2984/2570/1751 2989/2612/1751
f 2996/2611/1752 2981/2565/1752 2982/2566/1752 2988/2609/1752
f 2995/2638/1753 2979/2561/1753 2980/2562/1753 2987/2606/1753
f 2994/2639/1754 2977/2557/1754 2978/2558/1754 2986/2600/1754
f 2952/2633/1755 2975/2634/1755 2976/2637/1755 2953/2636/1755
f 2958/2640/1756 2994/2639/1756 2986/2600/1756 2959/2601/1756
f 2962/2641/1757 2995/2638/1757 2987/2606/1757 2963/2607/1757
f 2964/2614/1758 2996/2611/1758 2988/2609/1758 2965/2610/1758
f 2970/2642/1759 2997/2625/1759 2989/2612/1759 2971/2613/1759
f 2951/2608/1746 2991/2605/1746 2997/2625/1746 2970/2642/1746
f 2981/2565/1760 2996/2611/1760 2989/2612/1760 2984/2570/1760
f 2972/2627/1742 2990/2594/1742 2988/2609/1742 2982/2566/1742
f 2973/2623/1761 2991/2605/1761 2987/2606/1761 2980/2562/1761
f 2974/2629/1762 2992/2573/1762 2986/2600/1762 2978/2558/1762
f 2977/2631/1738 2994/2593/1738 2990/2594/1738 2972/2627/1738
f 3003/2635/1735 3005/2575/1735 2985/2553/1735 2975/2634/1735
f 2976/2637/1763 2993/2554/1763 2992/2573/1763 2974/2629/1763
f 2975/2634/1764 2985/2553/1764 2993/2554/1764 2976/2637/1764
f 2979/2561/1735 2995/2638/1735 3004/2644/1735 3002/2643/1735
f 3005/2575/1765 3007/2646/1765 3006/2645/1765 3004/2644/1765
f 2961/2564/1735 2979/2561/1735 3002/2643/1735 2999/2647/1735
f 2999/2647/1735 3002/2643/1735 3003/2635/1735 2998/2632/1735
f 2995/2638/1735 2962/2641/1735 3000/2648/1735 3004/2644/1735
f 3004/2644/1735 3000/2648/1735 3001/2576/1735 3005/2575/1735
f 3003/2635/1766 3002/2643/1766 3006/2645/1766 3007/2646/1766
f 3002/2643/1767 3004/2644/1767 3006/2645/1767
f 3003/2635/1768 3007/2646/1768 3005/2575/1768
o Cube.040
v 0.401778 1.181063 -0.114758
v 0.403421 1.173802 -0.107879
v 0.381900 1.280396 -0.113090
v 0.383198 1.273915 -0.119365
v 0.525827 1.175418 -0.012971
v 0.518736 1.168540 -0.013275
v 0.527789 1.287463 -0.007764
v 0.533877 1.281207 -0.008069
v 0.410215 1.164240 -0.013362
v 0.402245 1.169634 -0.006658
v 0.378762 1.273939 -0.001753
v 0.383887 1.280851 -0.007971
v 0.502333 1.167339 0.018307
v 0.505877 1.173970 0.025428
v 0.518805 1.168391 -0.001401
v 0.525903 1.175231 0.001674
v 0.527789 1.287463 0.010954
v 0.533882 1.281213 0.012963
v 0.511086 1.286654 0.027879
v 0.513373 1.280203 0.033947
v 0.514912 1.176877 -0.087601
v 0.522152 1.184106 -0.090714
v 0.497021 1.178336 -0.107879
v 0.500832 1.185854 -0.114757
v 0.511082 1.286654 -0.113090
v 0.512980 1.280207 -0.119365
v 0.527789 1.287463 -0.096227
v 0.533604 1.281227 -0.098423
v 0.410752 1.163360 -0.001457
v 0.402725 1.169451 0.001673
v 0.431690 1.163917 0.018307
v 0.427202 1.170155 0.025428
v 0.405192 1.281525 0.027879
v 0.403884 1.274904 0.033947
v 0.384296 1.280716 0.010954
v 0.379164 1.273939 0.012965
v 0.355223 1.278554 -0.096606
v 0.350016 1.271646 -0.098803
v 0.371634 1.279687 -0.113207
v 0.370234 1.273017 -0.119513
v 0.393590 1.173123 -0.108010
v 0.389038 1.180191 -0.114926
v 0.378425 1.169791 -0.088491
v 0.370342 1.176090 -0.091146
v 0.380934 1.164321 -0.039719
v 0.373037 1.169970 -0.036670
v 0.398525 1.163274 -0.019957
v 0.394101 1.168749 -0.013140
v 0.371740 1.279695 -0.014475
v 0.370389 1.273044 -0.008216
v 0.355223 1.278554 -0.031576
v 0.350096 1.271661 -0.029368
v -0.401779 1.181063 -0.114758
v -0.403422 1.173802 -0.107879
v -0.381901 1.280396 -0.113090
v -0.383198 1.273915 -0.119365
v -0.525827 1.175418 -0.012971
v -0.518736 1.168540 -0.013275
v -0.527790 1.287463 -0.007764
v -0.533877 1.281207 -0.008069
v -0.410215 1.164240 -0.013362
v -0.402245 1.169634 -0.006658
v -0.378763 1.273939 -0.001753
v -0.383887 1.280851 -0.007971
v -0.502334 1.167339 0.018307
v -0.505878 1.173970 0.025428
v -0.518805 1.168391 -0.001401
v -0.525903 1.175231 0.001674
v -0.527790 1.287463 0.010954
v -0.533883 1.281213 0.012963
v -0.511086 1.286654 0.027879
v -0.513374 1.280203 0.033947
v -0.514913 1.176877 -0.087601
v -0.522152 1.184106 -0.090714
v -0.497021 1.178336 -0.107879
v -0.500832 1.185854 -0.114757
v -0.511083 1.286654 -0.113090
v -0.512980 1.280207 -0.119365
v -0.527790 1.287463 -0.096227
v -0.533605 1.281227 -0.098423
v -0.410752 1.163360 -0.001457
v -0.402726 1.169451 0.001673
v -0.431691 1.163917 0.018307
v -0.427203 1.170155 0.025428
v -0.405192 1.281525 0.027879
v -0.403884 1.274904 0.033947
v -0.384296 1.280716 0.010954
v -0.379165 1.273939 0.012965
v -0.355224 1.278554 -0.096606
v -0.350016 1.271646 -0.098803
v -0.371634 1.279687 -0.113207
v -0.370235 1.273017 -0.119513
v -0.393591 1.173123 -0.108010
v -0.389038 1.180191 -0.114926
v -0.378426 1.169791 -0.088491
v -0.370343 1.176090 -0.091146
v -0.380934 1.164321 -0.039719
v -0.373037 1.169970 -0.036670
v -0.398525 1.163274 -0.019957
v -0.394101 1.168749 -0.013140
v -0.371740 1.279695 -0.014475
v -0.370390 1.273044 -0.008216
v -0.355224 1.278554 -0.031576
v -0.350096 1.271661 -0.029368
vn 0.5371 -0.7361 0.4119
vn 0.5099 0.6753 0.5329
vn 0.5116 0.6702 -0.5377
vn 0.5009 -0.7103 -0.4945
vn -0.5202 0.6103 0.5974
vn -0.4106 -0.7922 0.4515
vn -0.5825 0.6157 -0.5306
vn -0.4426 -0.7596 -0.4765
vn -0.5898 0.6117 0.5272
vn -0.4503 -0.8174 0.3593
vn 0.6966 -0.7173 -0.0129
vn 0.7164 0.6977 -0.0002
vn 0.0359 -0.7403 0.6713
vn -0.0329 0.6787 0.7337
vn -0.5884 -0.8085 -0.0129
vn -0.7938 0.6077 0.0216
vn 0.0331 -0.6835 -0.7292
vn -0.0335 0.6918 -0.7213
vn 0.6855 -0.7191 -0.1143
vn 0.7239 0.6899 -0.0010
vn 0.0564 -0.6797 -0.7314
vn -0.0396 0.6909 -0.7219
vn -0.5987 -0.7988 -0.0595
vn -0.8004 0.5994 0.0004
vn -0.4233 0.7145 0.5570
vn -0.2316 -0.8508 0.4716
vn 0.0155 -0.0463 -0.9988
vn 0.0437 -0.9931 -0.1085
vn 0.0024 -0.0491 -0.9988
vn 0.0888 -0.9896 -0.1135
vn -0.0751 0.9972 -0.0006
vn -0.0471 0.9989 -0.0017
vn 0.0455 -0.9985 -0.0290
vn 0.9950 -0.0960 -0.0283
vn 0.9972 -0.0753 -0.0027
vn -0.0469 0.9989 0.0049
vn -0.9743 -0.2223 0.0355
vn -0.5962 -0.1718 0.7843
vn 0.7390 -0.1158 0.6637
vn 0.0039 -0.0802 0.9968
vn 0.7238 -0.1328 -0.6771
vn -0.6530 -0.2151 0.7261
vn -0.7265 -0.1938 -0.6593
vn -0.9767 -0.2142 0.0113
vn -0.7184 -0.2022 0.6656
vn -0.5371 -0.7361 0.4119
vn -0.5099 0.6753 0.5329
vn -0.5116 0.6702 -0.5377
vn -0.5009 -0.7103 -0.4945
vn 0.5202 0.6103 0.5974
vn 0.4106 -0.7922 0.4515
vn 0.5825 0.6157 -0.5306
vn 0.4426 -0.7596 -0.4765
vn 0.5898 0.6117 0.5272
vn 0.4503 -0.8174 0.3593
vn -0.6966 -0.7173 -0.0129
vn -0.7164 0.6977 -0.0002
vn -0.0359 -0.7403 0.6713
vn 0.0329 0.6787 0.7337
vn 0.5884 -0.8085 -0.0129
vn 0.7938 0.6077 0.0216
vn -0.0331 -0.6835 -0.7292
vn 0.0335 0.6918 -0.7213
vn -0.6855 -0.7191 -0.1143
vn -0.7239 0.6899 -0.0010
vn -0.0564 -0.6797 -0.7314
vn 0.0396 0.6909 -0.7219
vn 0.5987 -0.7988 -0.0595
vn 0.8005 0.5994 0.0004
vn 0.4233 0.7145 0.5570
vn 0.2316 -0.8508 0.4716
vn -0.0155 -0.0463 -0.9988
vn -0.0437 -0.9931 -0.1085
vn -0.0024 -0.0491 -0.9988
vn -0.0888 -0.9896 -0.1135
vn 0.0751 0.9972 -0.0006
vn 0.0471 0.9989 -0.0017
vn -0.0455 -0.9985 -0.0290
vn -0.9950 -0.0960 -0.0283
vn -0.9972 -0.0753 -0.0027
vn 0.0469 0.9989 0.0049
vn 0.9743 -0.2223 0.0355
vn 0.5962 -0.1718 0.7843
vn -0.7390 -0.1158 0.6637
vn -0.0039 -0.0802 0.9968
vn -0.7238 -0.1328 -0.6771
vn 0.6530 -0.2151 0.7261
vn 0.7265 -0.1938 -0.6593
vn 0.9767 -0.2142 0.0113
vn 0.7184 -0.2022 0.6656
vt 0.412587 0.643443
vt 0.414841 0.642665
vt 0.416636 0.649238
vt 0.414257 0.649823
vt 0.440361 0.643034
vt 0.438140 0.643710
vt 0.436796 0.637370
vt 0.438842 0.637039
vt 0.431832 0.750039
vt 0.429631 0.750242
vt 0.430844 0.743400
vt 0.432866 0.744166
vt 0.410000 0.732371
vt 0.412321 0.733630
vt 0.407650 0.740277
vt 0.405725 0.738178
vt 0.446887 0.674524
vt 0.444720 0.675179
vt 0.443468 0.667726
vt 0.445543 0.667505
vt 0.416453 0.667475
vt 0.419044 0.667585
vt 0.419011 0.675783
vt 0.416432 0.675240
vt 0.443154 0.711385
vt 0.440768 0.711150
vt 0.441989 0.704825
vt 0.443975 0.705199
vt 0.418302 0.700404
vt 0.420937 0.700663
vt 0.420278 0.707804
vt 0.417560 0.707223
vt 0.446215 0.689738
vt 0.444032 0.689409
vt 0.445404 0.682061
vt 0.447679 0.683356
vt 0.416512 0.681106
vt 0.418746 0.680276
vt 0.420327 0.687627
vt 0.417861 0.687761
vt 0.411204 0.640766
vt 0.413381 0.639820
vt 0.436018 0.632680
vt 0.438099 0.632313
vt 0.418403 0.677730
vt 0.415344 0.678056
vt 0.449004 0.679665
vt 0.445881 0.679166
vt 0.416473 0.709769
vt 0.418979 0.710453
vt 0.440474 0.714204
vt 0.442828 0.714340
vt 0.405725 0.623527
vt 0.407808 0.621972
vt 0.429779 0.612214
vt 0.431875 0.612114
vt 0.958769 0.301392
vt 0.976206 0.300582
vt 0.976180 0.325896
vt 0.954031 0.327386
vt 0.954015 0.305544
vt 0.974664 0.328642
vt 0.970038 0.332727
vt 0.958596 0.333251
vt 0.954006 0.329683
vt 0.959148 0.961982
vt 0.959121 0.959584
vt 0.962990 0.955749
vt 0.978147 0.955748
vt 0.982133 0.959606
vt 0.983650 0.962450
vt 0.983698 0.996026
vt 0.963079 0.996026
vt 0.959148 0.992128
vt 0.978974 0.300568
vt 0.983568 0.304414
vt 0.983568 0.320899
vt 0.978963 0.325783
vt 0.988061 0.962544
vt 0.992006 0.967418
vt 0.992006 0.992128
vt 0.988061 0.996026
s 0
usemtl Material.006
f 3022/2649/1769 3023/2650/1769 3021/2651/1769 3020/2652/1769
f 3026/2653/1770 3027/2654/1770 3025/2655/1770 3024/2656/1770
f 3034/2657/1771 3035/2658/1771 3033/2659/1771 3032/2660/1771
f 3030/2661/1772 3031/2662/1772 3029/2663/1772 3028/2664/1772
f 3042/2665/1773 3043/2666/1773 3041/2667/1773 3040/2668/1773
f 3038/2669/1774 3039/2670/1774 3037/2671/1774 3036/2672/1774
f 3046/2673/1775 3047/2674/1775 3045/2675/1775 3044/2676/1775
f 3050/2677/1776 3051/2678/1776 3049/2679/1776 3048/2680/1776
f 3058/2681/1777 3059/2682/1777 3057/2683/1777 3056/2684/1777
f 3054/2685/1778 3055/2686/1778 3053/2687/1778 3052/2688/1778
f 3013/2689/1779 3012/2690/1779 3023/2650/1779 3022/2649/1779
f 3024/2656/1780 3025/2655/1780 3015/2691/1780 3014/2692/1780
f 3020/2652/1781 3021/2651/1781 3039/2670/1781 3038/2669/1781
f 3040/2668/1782 3041/2667/1782 3027/2654/1782 3026/2653/1782
f 3017/2693/1783 3016/2694/1783 3036/2672/1783 3037/2671/1783
f 3043/2666/1784 3042/2665/1784 3019/2695/1784 3018/2696/1784
f 3009/2697/1785 3008/2698/1785 3031/2662/1785 3030/2661/1785
f 3032/2660/1786 3033/2659/1786 3011/2699/1786 3010/2700/1786
f 3012/2690/1787 3013/2689/1787 3028/2701/1787 3029/2702/1787
f 3014/2692/1788 3015/2691/1788 3035/2703/1788 3034/2704/1788
f 3048/2680/1789 3049/2679/1789 3008/2698/1789 3009/2697/1789
f 3010/2700/1790 3011/2699/1790 3047/2674/1790 3046/2673/1790
f 3052/2688/1791 3053/2687/1791 3051/2678/1791 3050/2677/1791
f 3044/2676/1792 3045/2675/1792 3059/2682/1792 3058/2681/1792
f 3018/2696/1793 3019/2695/1793 3056/2684/1793 3057/2683/1793
f 3055/2686/1794 3054/2685/1794 3016/2694/1794 3017/2693/1794
f 3008/2698/1795 3049/2679/1795 3047/2674/1795 3011/2699/1795
f 3028/2705/1796 3013/2706/1796 3016/2707/1796 3009/2708/1796 3030/2709/1796
f 3031/2662/1797 3008/2698/1797 3011/2699/1797 3033/2659/1797
f 3016/2707/1798 3054/2710/1798 3052/2711/1798 3050/2712/1798 3048/2713/1798 3009/2708/1798
f 3010/2714/1799 3046/2715/1799 3044/2716/1799 3058/2717/1799 3056/2718/1799 3019/2719/1799
f 3010/2714/1800 3019/2719/1800 3014/2720/1800 3034/2721/1800 3032/2722/1800
f 3013/2706/1801 3022/2723/1801 3020/2724/1801 3038/2725/1801 3036/2726/1801 3016/2707/1801
f 3012/2690/1802 3029/2702/1802 3035/2703/1802 3015/2691/1802
f 3023/2650/1803 3012/2690/1803 3015/2691/1803 3025/2655/1803
f 3019/2719/1804 3042/2727/1804 3040/2728/1804 3026/2729/1804 3024/2730/1804 3014/2720/1804
f 3017/2693/1805 3037/2671/1805 3043/2666/1805 3018/2696/1805
f 3018/2696/1806 3057/2683/1806 3055/2686/1806 3017/2693/1806
f 3021/2651/1807 3023/2650/1807 3025/2655/1807 3027/2654/1807
f 3039/2670/1808 3021/2651/1808 3027/2654/1808 3041/2667/1808
f 3033/2659/1809 3035/2658/1809 3029/2663/1809 3031/2662/1809
f 3041/2667/1810 3043/2666/1810 3037/2671/1810 3039/2670/1810
f 3045/2675/1811 3047/2674/1811 3049/2679/1811 3051/2678/1811
f 3051/2678/1812 3053/2687/1812 3059/2682/1812 3045/2675/1812
f 3057/2683/1813 3059/2682/1813 3053/2687/1813 3055/2686/1813
f 3074/2649/1814 3072/2652/1814 3073/2651/1814 3075/2650/1814
f 3078/2653/1815 3076/2656/1815 3077/2655/1815 3079/2654/1815
f 3086/2657/1816 3084/2660/1816 3085/2659/1816 3087/2658/1816
f 3082/2661/1817 3080/2664/1817 3081/2663/1817 3083/2662/1817
f 3094/2665/1818 3092/2668/1818 3093/2667/1818 3095/2666/1818
f 3090/2669/1819 3088/2672/1819 3089/2671/1819 3091/2670/1819
f 3098/2673/1820 3096/2676/1820 3097/2675/1820 3099/2674/1820
f 3102/2677/1821 3100/2680/1821 3101/2679/1821 3103/2678/1821
f 3110/2681/1822 3108/2684/1822 3109/2683/1822 3111/2682/1822
f 3106/2685/1823 3104/2688/1823 3105/2687/1823 3107/2686/1823
f 3065/2689/1824 3074/2649/1824 3075/2650/1824 3064/2690/1824
f 3076/2656/1825 3066/2692/1825 3067/2691/1825 3077/2655/1825
f 3072/2652/1826 3090/2669/1826 3091/2670/1826 3073/2651/1826
f 3092/2668/1827 3078/2653/1827 3079/2654/1827 3093/2667/1827
f 3069/2693/1828 3089/2671/1828 3088/2672/1828 3068/2694/1828
f 3095/2666/1829 3070/2696/1829 3071/2695/1829 3094/2665/1829
f 3061/2697/1830 3082/2661/1830 3083/2662/1830 3060/2698/1830
f 3084/2660/1831 3062/2700/1831 3063/2699/1831 3085/2659/1831
f 3064/2690/1832 3081/2702/1832 3080/2701/1832 3065/2689/1832
f 3066/2692/1833 3086/2704/1833 3087/2703/1833 3067/2691/1833
f 3100/2680/1834 3061/2697/1834 3060/2698/1834 3101/2679/1834
f 3062/2700/1835 3098/2673/1835 3099/2674/1835 3063/2699/1835
f 3104/2688/1836 3102/2677/1836 3103/2678/1836 3105/2687/1836
f 3096/2676/1837 3110/2681/1837 3111/2682/1837 3097/2675/1837
f 3070/2696/1838 3109/2683/1838 3108/2684/1838 3071/2695/1838
f 3107/2686/1839 3069/2693/1839 3068/2694/1839 3106/2685/1839
f 3060/2698/1840 3063/2699/1840 3099/2674/1840 3101/2679/1840
f 3080/2705/1841 3082/2709/1841 3061/2708/1841 3068/2707/1841 3065/2706/1841
f 3083/2662/1842 3085/2659/1842 3063/2699/1842 3060/2698/1842
f 3068/2707/1843 3061/2708/1843 3100/2713/1843 3102/2712/1843 3104/2711/1843 3106/2710/1843
f 3062/2714/1844 3071/2719/1844 3108/2718/1844 3110/2717/1844 3096/2716/1844 3098/2715/1844
f 3062/2714/1845 3084/2722/1845 3086/2721/1845 3066/2720/1845 3071/2719/1845
f 3065/2706/1846 3068/2707/1846 3088/2726/1846 3090/2725/1846 3072/2724/1846 3074/2723/1846
f 3064/2690/1847 3067/2691/1847 3087/2703/1847 3081/2702/1847
f 3075/2650/1848 3077/2655/1848 3067/2691/1848 3064/2690/1848
f 3071/2719/1849 3066/2720/1849 3076/2730/1849 3078/2729/1849 3092/2728/1849 3094/2727/1849
f 3069/2693/1850 3070/2696/1850 3095/2666/1850 3089/2671/1850
f 3070/2696/1851 3069/2693/1851 3107/2686/1851 3109/2683/1851
f 3073/2651/1852 3079/2654/1852 3077/2655/1852 3075/2650/1852
f 3091/2670/1853 3093/2667/1853 3079/2654/1853 3073/2651/1853
f 3085/2659/1854 3083/2662/1854 3081/2663/1854 3087/2658/1854
f 3093/2667/1855 3091/2670/1855 3089/2671/1855 3095/2666/1855
f 3097/2675/1856 3103/2678/1856 3101/2679/1856 3099/2674/1856
f 3103/2678/1857 3097/2675/1857 3111/2682/1857 3105/2687/1857
f 3109/2683/1858 3107/2686/1858 3105/2687/1858 3111/2682/1858
o Cube.041
v 0.508288 1.042044 -0.077567
v 0.502547 1.031932 -0.076658
v 0.468370 1.274995 -0.101481
v 0.476563 1.267035 -0.100546
v 0.494675 1.064964 -0.112296
v 0.485960 1.059044 -0.118109
v 0.464082 1.218253 -0.150944
v 0.472598 1.218012 -0.143563
v 0.446948 1.022280 -0.076658
v 0.438289 1.029756 -0.077553
v 0.392351 1.252123 -0.100517
v 0.397371 1.262669 -0.101481
v 0.439758 1.053259 -0.112006
v 0.448584 1.050832 -0.118109
v 0.412838 1.203969 -0.143614
v 0.420800 1.207833 -0.150944
v 0.475021 1.138648 -0.128764
v 0.483637 1.141488 -0.122168
v 0.426298 1.128614 -0.122048
v 0.434692 1.129333 -0.128764
v 0.492425 1.154539 -0.083294
v 0.415320 1.140940 -0.083273
v -0.508288 1.042044 -0.077567
v -0.502547 1.031932 -0.076658
v -0.468371 1.274995 -0.101481
v -0.476563 1.267035 -0.100546
v -0.494675 1.064964 -0.112296
v -0.485960 1.059044 -0.118109
v -0.464083 1.218253 -0.150944
v -0.472599 1.218012 -0.143563
v -0.446948 1.022280 -0.076658
v -0.438289 1.029756 -0.077553
v -0.392352 1.252123 -0.100517
v -0.397372 1.262669 -0.101481
v -0.439758 1.053259 -0.112006
v -0.448584 1.050832 -0.118109
v -0.412838 1.203969 -0.143614
v -0.420801 1.207833 -0.150944
v -0.475022 1.138648 -0.128764
v -0.483637 1.141488 -0.122168
v -0.426298 1.128614 -0.122048
v -0.434693 1.129333 -0.128764
v -0.492426 1.154539 -0.083294
v -0.415320 1.140940 -0.083273
vn 0.6901 -0.4485 -0.5681
vn 0.5710 0.5147 -0.6396
vn 0.5897 -0.0231 -0.8073
vn -0.5971 -0.2103 -0.7741
vn -0.5354 -0.6862 -0.4925
vn -0.7148 0.2736 -0.6436
vn 0.1551 -0.8070 -0.5698
vn 0.9707 0.0928 -0.2216
vn -0.0252 0.1444 0.9892
vn -0.1285 0.6455 -0.7529
vn 0.0615 -0.2607 -0.9635
vn -0.9534 -0.2275 -0.1984
vn -0.9596 -0.2038 -0.1942
vn 0.0291 -0.1290 -0.9912
vn -0.0091 0.0528 0.9986
vn 0.9547 0.1131 -0.2754
vn -0.5652 -0.3170 -0.7616
vn 0.6385 -0.1222 -0.7599
vn -0.6901 -0.4485 -0.5681
vn -0.5710 0.5147 -0.6396
vn -0.5897 -0.0231 -0.8073
vn 0.5971 -0.2103 -0.7741
vn 0.5354 -0.6862 -0.4925
vn 0.7148 0.2736 -0.6436
vn -0.1551 -0.8070 -0.5698
vn -0.9707 0.0928 -0.2216
vn 0.0252 0.1444 0.9892
vn 0.1285 0.6455 -0.7529
vn -0.0615 -0.2607 -0.9635
vn 0.9534 -0.2275 -0.1984
vn 0.9596 -0.2038 -0.1942
vn -0.0291 -0.1290 -0.9912
vn 0.0091 0.0528 0.9986
vn -0.9547 0.1131 -0.2754
vn 0.5652 -0.3170 -0.7616
vn -0.6385 -0.1222 -0.7598
vt 0.937278 0.468262
vt 0.934423 0.468789
vt 0.928717 0.457958
vt 0.931206 0.455337
vt 0.929291 0.525118
vt 0.927282 0.522627
vt 0.934851 0.507743
vt 0.937377 0.507981
vt 0.935654 0.488224
vt 0.932721 0.488323
vt 0.950091 0.487462
vt 0.947326 0.487624
vt 0.945690 0.468303
vt 0.948262 0.468580
vt 0.950162 0.454907
vt 0.952911 0.457512
vt 0.945734 0.506603
vt 0.948219 0.506191
vt 0.955564 0.522418
vt 0.953286 0.525118
vt 0.920258 0.489702
vt 0.267206 0.918955
vt 0.268130 0.948336
vt 0.266414 0.950713
vt 0.247980 0.950713
vt 0.246253 0.948263
vt 0.247177 0.918901
vt 0.962602 0.489178
vt 0.249956 0.887561
vt 0.264392 0.887561
vt 0.266282 0.889871
vt 0.248101 0.889836
s 0
usemtl Material.006
f 3117/2731/1859 3116/2732/1859 3112/2733/1859 3113/2734/1859
f 3114/2735/1860 3115/2736/1860 3119/2737/1860 3118/2738/1860
f 3128/2739/1861 3129/2740/1861 3116/2732/1861 3117/2731/1861
f 3130/2741/1862 3131/2742/1862 3125/2743/1862 3124/2744/1862
f 3120/2745/1863 3121/2746/1863 3124/2744/1863 3125/2743/1863
f 3127/2747/1864 3126/2748/1864 3122/2749/1864 3123/2750/1864
f 3117/2731/1865 3113/2734/1865 3120/2745/1865 3125/2743/1865
f 3132/2751/1866 3129/2740/1866 3119/2737/1866 3115/2736/1866
f 3132/2752/1867 3115/2753/1867 3114/2754/1867 3123/2755/1867 3122/2756/1867 3133/2757/1867
f 3127/2747/1868 3123/2750/1868 3114/2735/1868 3118/2738/1868
f 3128/2739/1869 3131/2742/1869 3127/2747/1869 3118/2738/1869
f 3130/2741/1870 3133/2758/1870 3122/2749/1870 3126/2748/1870
f 3124/2744/1871 3121/2746/1871 3133/2758/1871 3130/2741/1871
f 3117/2731/1872 3125/2743/1872 3131/2742/1872 3128/2739/1872
f 3120/2759/1873 3113/2760/1873 3112/2761/1873 3132/2752/1873 3133/2757/1873 3121/2762/1873
f 3112/2733/1874 3116/2732/1874 3129/2740/1874 3132/2751/1874
f 3126/2748/1875 3127/2747/1875 3131/2742/1875 3130/2741/1875
f 3118/2738/1876 3119/2737/1876 3129/2740/1876 3128/2739/1876
f 3139/2731/1877 3135/2734/1877 3134/2733/1877 3138/2732/1877
f 3136/2735/1878 3140/2738/1878 3141/2737/1878 3137/2736/1878
f 3150/2739/1879 3139/2731/1879 3138/2732/1879 3151/2740/1879
f 3152/2741/1880 3146/2744/1880 3147/2743/1880 3153/2742/1880
f 3142/2745/1881 3147/2743/1881 3146/2744/1881 3143/2746/1881
f 3149/2747/1882 3145/2750/1882 3144/2749/1882 3148/2748/1882
f 3139/2731/1883 3147/2743/1883 3142/2745/1883 3135/2734/1883
f 3154/2751/1884 3137/2736/1884 3141/2737/1884 3151/2740/1884
f 3154/2752/1885 3155/2757/1885 3144/2756/1885 3145/2755/1885 3136/2754/1885 3137/2753/1885
f 3149/2747/1886 3140/2738/1886 3136/2735/1886 3145/2750/1886
f 3150/2739/1887 3140/2738/1887 3149/2747/1887 3153/2742/1887
f 3152/2741/1888 3148/2748/1888 3144/2749/1888 3155/2758/1888
f 3146/2744/1889 3152/2741/1889 3155/2758/1889 3143/2746/1889
f 3139/2731/1890 3150/2739/1890 3153/2742/1890 3147/2743/1890
f 3142/2759/1891 3143/2762/1891 3155/2757/1891 3154/2752/1891 3134/2761/1891 3135/2760/1891
f 3134/2733/1892 3154/2751/1892 3151/2740/1892 3138/2732/1892
f 3148/2748/1893 3152/2741/1893 3153/2742/1893 3149/2747/1893
f 3140/2738/1894 3150/2739/1894 3151/2740/1894 3141/2737/1894
o Cube.042
v 0.488845 1.457617 0.077420
v 0.586520 1.655422 0.077420
v 0.488845 1.457617 -0.071897
v 0.586520 1.655422 -0.137154
v 0.397712 1.457617 0.077420
v 0.399348 1.631701 0.077420
v 0.559936 1.504988 0.077420
v 0.559936 1.504988 -0.071897
v 0.398114 1.500383 0.077420
v 0.596131 1.578569 0.077420
v 0.596131 1.578569 -0.071897
v 0.399348 1.631701 -0.137154
v 0.398731 1.566042 0.077420
v 0.471621 1.457617 0.051867
v 0.571497 1.628817 0.053273
v 0.463701 1.457617 -0.071897
v 0.568123 1.631725 -0.125166
v 0.397712 1.457617 0.047420
v 0.401903 1.604288 0.048520
v 0.542856 1.519971 0.057829
v 0.537384 1.524771 -0.071897
v 0.398114 1.500383 0.047420
v 0.573595 1.582353 0.057982
v 0.566545 1.583537 -0.071897
v 0.403120 1.601939 -0.125166
v 0.398731 1.566042 0.047420
v -0.488845 1.457617 0.077420
v -0.586520 1.655422 0.077420
v -0.488845 1.457617 -0.071897
v -0.586520 1.655422 -0.137154
v -0.397713 1.457617 0.077420
v -0.399349 1.631701 0.077420
v -0.559937 1.504988 0.077420
v -0.559937 1.504988 -0.071897
v -0.398115 1.500383 0.077420
v -0.596131 1.578569 0.077420
v -0.596131 1.578569 -0.071897
v -0.399349 1.631701 -0.137154
v -0.398732 1.566042 0.077420
v -0.471622 1.457617 0.051867
v -0.571498 1.628817 0.053273
v -0.463702 1.457617 -0.071897
v -0.568123 1.631725 -0.125166
v -0.397713 1.457617 0.047420
v -0.401904 1.604288 0.048520
v -0.542857 1.519971 0.057829
v -0.537384 1.524771 -0.071897
v -0.398115 1.500383 0.047420
v -0.573595 1.582353 0.057982
v -0.566546 1.583537 -0.071897
v -0.403121 1.601939 -0.125166
v -0.398732 1.566042 0.047420
vn 0.9923 0.1241 -0.0000
vn -0.0000 -0.0000 1.0000
vn 0.5545 -0.8322 -0.0000
vn -0.1257 0.9921 -0.0000
vn 0.8973 -0.4414 -0.0000
vn -0.9993 0.0153 0.0340
vn 0.0495 -0.0431 -0.9978
vn 0.0668 0.0111 -0.9977
vn -0.6667 0.7437 0.0493
vn 0.0672 -0.0153 -0.9976
vn 0.1603 -0.9871 -0.0025
vn -0.8952 0.4425 0.0534
vn -0.0000 -1.0000 -0.0000
vn -0.0000 -0.0000 -1.0000
vn -1.0000 0.0094 -0.0000
vn 0.0851 -0.6826 -0.7259
vn -0.9975 0.0370 -0.0605
vn -0.9940 -0.1093 -0.0025
vn 0.0643 -0.4230 -0.9039
vn -0.9923 0.1241 -0.0000
vn -0.5545 -0.8322 -0.0000
vn 0.1257 0.9921 -0.0000
vn -0.8973 -0.4414 -0.0000
vn 0.9993 0.0153 0.0340
vn -0.0495 -0.0431 -0.9978
vn -0.0668 0.0111 -0.9977
vn 0.6667 0.7437 0.0493
vn -0.0672 -0.0153 -0.9976
vn -0.1603 -0.9871 -0.0025
vn 0.8952 0.4425 0.0534
vn 1.0000 0.0094 -0.0000
vn -0.0851 -0.6826 -0.7259
vn 0.9975 0.0370 -0.0605
vn 0.9940 -0.1093 -0.0025
vn -0.0643 -0.4230 -0.9039
vt 0.670015 0.793668
vt 0.640664 0.763765
vt 0.669527 0.752004
vt 0.677774 0.784028
vt 0.705906 0.817216
vt 0.704187 0.799843
vt 0.681980 0.841814
vt 0.667327 0.825303
vt 0.664764 0.805966
vt 0.693033 0.834916
vt 0.615764 0.819863
vt 0.624673 0.789472
vt 0.709775 0.748549
vt 0.301709 0.836389
vt 0.302897 0.843630
vt 0.270298 0.873630
vt 0.273538 0.847940
vt 0.342060 0.829602
vt 0.341523 0.841204
vt 0.332797 0.794191
vt 0.337163 0.807561
vt 0.301877 0.824473
vt 0.309722 0.801967
vt 0.270298 0.827142
vt 0.272696 0.797231
vt 0.320787 0.893418
vt 0.660024 0.832289
vt 0.608792 0.828870
vt 0.612135 0.783755
vt 0.700767 0.846214
vt 0.680683 0.852447
vt 0.630605 0.753538
vt 0.718886 0.820117
vt 0.666002 0.742796
vt 0.716511 0.799751
vt 0.718886 0.741994
s 0
usemtl Material.006
f 3165/2763/1895 3166/2764/1895 3159/2765/1895 3157/2766/1895
f 3168/2767/1896 3165/2763/1896 3157/2766/1896 3161/2768/1896
f 3160/2769/1896 3156/2770/1896 3162/2771/1896 3164/2772/1896
f 3156/2770/1897 3158/2773/1897 3163/2774/1897 3162/2771/1897
f 3164/2772/1896 3162/2771/1896 3165/2763/1896 3168/2767/1896
f 3159/2765/1898 3167/2775/1898 3161/2768/1898 3157/2766/1898
f 3162/2771/1899 3163/2774/1899 3166/2764/1899 3165/2763/1899
f 3178/2776/1900 3170/2777/1900 3172/2778/1900 3179/2779/1900
f 3181/2780/1901 3174/2781/1901 3170/2777/1901 3178/2776/1901
f 3173/2782/1902 3177/2783/1902 3175/2784/1902 3169/2785/1902
f 3169/2785/1903 3175/2784/1903 3176/2786/1903 3171/2787/1903
f 3177/2783/1904 3181/2780/1904 3178/2776/1904 3175/2784/1904
f 3172/2778/1905 3170/2777/1905 3174/2781/1905 3180/2788/1905
f 3175/2784/1906 3178/2776/1906 3179/2779/1906 3176/2786/1906
f 3156/2770/1907 3169/2789/1907 3171/2790/1907 3158/2773/1907
f 3158/2773/1908 3171/2790/1908 3176/2791/1908 3163/2774/1908
f 3164/2772/1909 3177/2792/1909 3173/2793/1909 3160/2769/1909
f 3160/2769/1907 3173/2793/1907 3169/2789/1907 3156/2770/1907
f 3163/2774/1908 3176/2791/1908 3179/2794/1908 3166/2764/1908
f 3168/2767/1909 3181/2795/1909 3177/2792/1909 3164/2772/1909
f 3166/2764/1910 3179/2794/1910 3172/2796/1910 3159/2765/1910
f 3161/2768/1911 3174/2797/1911 3181/2795/1911 3168/2767/1911
f 3167/2775/1912 3180/2798/1912 3174/2797/1912 3161/2768/1912
f 3159/2765/1913 3172/2796/1913 3180/2798/1913 3167/2775/1913
f 3191/2763/1914 3183/2766/1914 3185/2765/1914 3192/2764/1914
f 3194/2767/1896 3187/2768/1896 3183/2766/1896 3191/2763/1896
f 3186/2769/1896 3190/2772/1896 3188/2771/1896 3182/2770/1896
f 3182/2770/1915 3188/2771/1915 3189/2774/1915 3184/2773/1915
f 3190/2772/1896 3194/2767/1896 3191/2763/1896 3188/2771/1896
f 3185/2765/1916 3183/2766/1916 3187/2768/1916 3193/2775/1916
f 3188/2771/1917 3191/2763/1917 3192/2764/1917 3189/2774/1917
f 3204/2776/1918 3205/2779/1918 3198/2778/1918 3196/2777/1918
f 3207/2780/1919 3204/2776/1919 3196/2777/1919 3200/2781/1919
f 3199/2782/1920 3195/2785/1920 3201/2784/1920 3203/2783/1920
f 3195/2785/1921 3197/2787/1921 3202/2786/1921 3201/2784/1921
f 3203/2783/1922 3201/2784/1922 3204/2776/1922 3207/2780/1922
f 3198/2778/1923 3206/2788/1923 3200/2781/1923 3196/2777/1923
f 3201/2784/1924 3202/2786/1924 3205/2779/1924 3204/2776/1924
f 3182/2770/1907 3184/2773/1907 3197/2790/1907 3195/2789/1907
f 3184/2773/1908 3189/2774/1908 3202/2791/1908 3197/2790/1908
f 3190/2772/1925 3186/2769/1925 3199/2793/1925 3203/2792/1925
f 3186/2769/1907 3182/2770/1907 3195/2789/1907 3199/2793/1907
f 3189/2774/1908 3192/2764/1908 3205/2794/1908 3202/2791/1908
f 3194/2767/1925 3190/2772/1925 3203/2792/1925 3207/2795/1925
f 3192/2764/1926 3185/2765/1926 3198/2796/1926 3205/2794/1926
f 3187/2768/1927 3194/2767/1927 3207/2795/1927 3200/2797/1927
f 3193/2775/1928 3187/2768/1928 3200/2797/1928 3206/2798/1928
f 3185/2765/1929 3193/2775/1929 3206/2798/1929 3198/2796/1929
o Cube.043
v 0.405650 1.588802 0.057623
v 0.569471 1.582527 0.057623
v 0.580023 1.637118 0.057623
v 0.405650 1.588802 -0.091231
v 0.569471 1.582527 -0.063973
v 0.577385 1.613231 0.057623
v 0.577385 1.613231 -0.091231
v 0.580023 1.637118 -0.098697
v 0.413564 1.558098 0.057623
v 0.408288 1.585393 0.057623
v 0.408288 1.585393 -0.083765
v 0.403012 1.612689 0.057623
v 0.574747 1.609823 -0.083765
v 0.413564 1.558098 -0.083765
v 0.403012 1.612689 -0.098697
v 0.574747 1.609823 0.057623
v 0.474771 1.595150 -0.083765
v 0.474771 1.595150 0.057623
v 0.475833 1.567855 -0.075861
v 0.475833 1.567855 0.057623
v 0.473710 1.622446 0.057623
v 0.473710 1.622446 -0.098697
v 0.474241 1.598559 -0.091231
v 0.474241 1.598559 0.057623
v 0.540957 1.509457 0.057623
v 0.540957 1.509457 -0.063973
v 0.476750 1.494784 0.057623
v 0.476750 1.494784 -0.075861
v -0.405650 1.588802 0.057623
v -0.569472 1.582527 0.057623
v -0.580024 1.637118 0.057623
v -0.405650 1.588802 -0.091231
v -0.569472 1.582527 -0.063973
v -0.577386 1.613231 0.057623
v -0.577386 1.613231 -0.091231
v -0.580024 1.637118 -0.098697
v -0.413565 1.558098 0.057623
v -0.408289 1.585393 0.057623
v -0.408289 1.585393 -0.083765
v -0.403012 1.612689 0.057623
v -0.574748 1.609823 -0.083765
v -0.413565 1.558098 -0.083765
v -0.403012 1.612689 -0.098697
v -0.574748 1.609823 0.057623
v -0.474772 1.595150 -0.083765
v -0.474772 1.595150 0.057623
v -0.475833 1.567855 -0.075861
v -0.475833 1.567855 0.057623
v -0.473710 1.622446 0.057623
v -0.473710 1.622446 -0.098697
v -0.474241 1.598559 -0.091231
v -0.474241 1.598559 0.057623
v -0.540958 1.509457 0.057623
v -0.540958 1.509457 -0.063973
v -0.476750 1.494784 0.057623
v -0.476750 1.494784 -0.075861
vn -0.0000 -0.0000 1.0000
vn 0.0809 -0.1336 -0.9877
vn -0.9818 -0.1898 -0.0000
vn 0.1548 -0.9879 -0.0000
vn 0.9940 -0.1098 -0.0000
vn -0.7908 -0.6121 -0.0000
vn -0.1367 0.9906 -0.0000
vn 0.1288 -0.8915 -0.4343
vn -0.9940 -0.1098 -0.0000
vn 0.9818 -0.1898 -0.0000
vn 0.0414 -0.2956 -0.9544
vn 0.7908 -0.6120 -0.0000
vn 0.0420 -0.2997 -0.9531
vn 0.1313 -0.9087 -0.3963
vn -0.9999 -0.0125 -0.0000
vn 0.1233 -0.4565 -0.8811
vn 0.2228 -0.9749 -0.0000
vn 0.9316 -0.3635 -0.0000
vn 0.1542 -0.0291 -0.9876
vn -0.0809 -0.1336 -0.9877
vn -0.1548 -0.9879 -0.0000
vn 0.7908 -0.6121 -0.0000
vn 0.1367 0.9906 -0.0000
vn -0.1288 -0.8915 -0.4343
vn -0.0414 -0.2956 -0.9544
vn -0.7908 -0.6120 -0.0000
vn -0.0420 -0.2997 -0.9531
vn -0.1313 -0.9087 -0.3963
vn 0.9999 -0.0125 -0.0000
vn -0.1233 -0.4565 -0.8811
vn -0.2228 -0.9749 -0.0000
vn -0.9316 -0.3635 -0.0000
vn -0.1542 -0.0291 -0.9876
vt 0.513412 0.501473
vt 0.514310 0.499386
vt 0.538265 0.544940
vt 0.536890 0.545888
vt 0.492908 0.591983
vt 0.489691 0.613161
vt 0.452341 0.576369
vt 0.468626 0.568152
vt 0.523943 0.472713
vt 0.547758 0.542145
vt 0.459266 0.491326
vt 0.472577 0.508441
vt 0.409254 0.824896
vt 0.344227 0.824896
vt 0.344227 0.794191
vt 0.413104 0.794191
vt 0.520835 0.570098
vt 0.517392 0.566236
vt 0.530044 0.547720
vt 0.473731 0.510769
vt 0.469882 0.568940
vt 0.498054 0.576153
vt 0.508236 0.517502
vt 0.493635 0.588483
vt 0.482865 0.519387
vt 0.478986 0.565881
vt 0.529691 0.574451
vt 0.522163 0.569963
vt 0.409254 0.860495
vt 0.344227 0.860495
vt 0.403463 0.892580
vt 0.344227 0.892580
vt 0.606625 0.531135
vt 0.558739 0.611172
vt 0.606625 0.454907
vt 0.529250 0.654451
s 0
usemtl Material.006
f 3231/2799/1930 3225/2800/1930 3223/2801/1930 3213/2802/1930
f 3224/2803/1931 3226/2804/1931 3221/2805/1931 3218/2806/1931
f 3225/2800/1930 3227/2807/1930 3209/2808/1930 3223/2801/1930
f 3221/2805/1932 3216/2809/1932 3217/2810/1932 3218/2806/1932
f 3226/2811/1933 3227/2812/1933 3216/2813/1933 3221/2814/1933
f 3213/2802/1934 3214/2815/1934 3215/2816/1934 3210/2817/1934
f 3218/2806/1935 3217/2810/1935 3208/2818/1935 3211/2819/1935
f 3229/2820/1936 3228/2821/1936 3210/2817/1936 3215/2816/1936
f 3230/2822/1937 3224/2803/1937 3218/2806/1937 3211/2819/1937
f 3211/2819/1938 3208/2818/1938 3219/2823/1938 3222/2824/1938
f 3209/2808/1939 3212/2825/1939 3220/2826/1939 3223/2801/1939
f 3229/2820/1940 3230/2822/1940 3211/2819/1940 3222/2824/1940
f 3223/2801/1941 3220/2826/1941 3214/2815/1941 3213/2802/1941
f 3228/2821/1930 3231/2799/1930 3213/2802/1930 3210/2817/1930
f 3219/2823/1930 3208/2818/1930 3231/2799/1930 3228/2821/1930
f 3215/2816/1942 3214/2815/1942 3230/2822/1942 3229/2820/1942
f 3214/2815/1943 3220/2826/1943 3224/2803/1943 3230/2822/1943
f 3222/2824/1936 3219/2823/1936 3228/2821/1936 3229/2820/1936
f 3226/2811/1944 3235/2827/1944 3234/2828/1944 3227/2812/1944
f 3217/2810/1930 3216/2809/1930 3227/2807/1930 3225/2800/1930
f 3220/2826/1945 3212/2825/1945 3226/2804/1945 3224/2803/1945
f 3208/2818/1930 3217/2810/1930 3225/2800/1930 3231/2799/1930
f 3233/2829/1946 3232/2830/1946 3234/2828/1946 3235/2827/1946
f 3209/2808/1947 3232/2831/1947 3233/2832/1947 3212/2825/1947
f 3227/2807/1930 3234/2833/1930 3232/2831/1930 3209/2808/1930
f 3212/2825/1948 3233/2832/1948 3235/2834/1948 3226/2804/1948
f 3259/2799/1930 3241/2802/1930 3251/2801/1930 3253/2800/1930
f 3252/2803/1949 3246/2806/1949 3249/2805/1949 3254/2804/1949
f 3253/2800/1930 3251/2801/1930 3237/2808/1930 3255/2807/1930
f 3249/2805/1939 3246/2806/1939 3245/2810/1939 3244/2809/1939
f 3254/2811/1950 3249/2814/1950 3244/2813/1950 3255/2812/1950
f 3241/2802/1938 3238/2817/1938 3243/2816/1938 3242/2815/1938
f 3246/2806/1951 3239/2819/1951 3236/2818/1951 3245/2810/1951
f 3257/2820/1952 3243/2816/1952 3238/2817/1952 3256/2821/1952
f 3258/2822/1953 3239/2819/1953 3246/2806/1953 3252/2803/1953
f 3239/2819/1934 3250/2824/1934 3247/2823/1934 3236/2818/1934
f 3237/2808/1932 3251/2801/1932 3248/2826/1932 3240/2825/1932
f 3257/2820/1954 3250/2824/1954 3239/2819/1954 3258/2822/1954
f 3251/2801/1955 3241/2802/1955 3242/2815/1955 3248/2826/1955
f 3256/2821/1930 3238/2817/1930 3241/2802/1930 3259/2799/1930
f 3247/2823/1930 3256/2821/1930 3259/2799/1930 3236/2818/1930
f 3243/2816/1956 3257/2820/1956 3258/2822/1956 3242/2815/1956
f 3242/2815/1957 3258/2822/1957 3252/2803/1957 3248/2826/1957
f 3250/2824/1952 3257/2820/1952 3256/2821/1952 3247/2823/1952
f 3254/2811/1958 3255/2812/1958 3262/2828/1958 3263/2827/1958
f 3245/2810/1930 3253/2800/1930 3255/2807/1930 3244/2809/1930
f 3248/2826/1959 3252/2803/1959 3254/2804/1959 3240/2825/1959
f 3236/2818/1930 3259/2799/1930 3253/2800/1930 3245/2810/1930
f 3261/2829/1960 3263/2827/1960 3262/2828/1960 3260/2830/1960
f 3237/2808/1961 3240/2825/1961 3261/2832/1961 3260/2831/1961
f 3255/2807/1930 3237/2808/1930 3260/2831/1930 3262/2833/1930
f 3240/2825/1962 3254/2804/1962 3263/2834/1962 3261/2832/1962
o Cylinder.006
v 0.468487 1.504642 -0.108877
v 0.361564 1.504642 -0.108877
v 0.468487 1.470076 -0.099615
v 0.361564 1.470076 -0.099615
v 0.468487 1.444771 -0.074310
v 0.361564 1.444771 -0.074310
v 0.468487 1.435509 -0.039743
v 0.361564 1.435509 -0.039743
v 0.468487 1.444771 -0.005177
v 0.361564 1.444771 -0.005177
v 0.468487 1.470076 0.020128
v 0.361564 1.470076 0.020128
v 0.468487 1.504642 0.029390
v 0.361564 1.504642 0.029390
v 0.468487 1.539209 0.020128
v 0.361564 1.539209 0.020128
v 0.468487 1.564514 -0.005177
v 0.361564 1.564514 -0.005177
v 0.468487 1.573776 -0.039743
v 0.361564 1.573776 -0.039743
v 0.468487 1.564514 -0.074310
v 0.361564 1.564514 -0.074310
v 0.468487 1.539209 -0.099615
v 0.361564 1.539209 -0.099615
v -0.468487 1.504642 -0.108877
v -0.361565 1.504642 -0.108877
v -0.468487 1.470076 -0.099615
v -0.361565 1.470076 -0.099615
v -0.468487 1.444771 -0.074310
v -0.361565 1.444771 -0.074310
v -0.468487 1.435509 -0.039743
v -0.361565 1.435509 -0.039743
v -0.468487 1.444771 -0.005177
v -0.361565 1.444771 -0.005177
v -0.468487 1.470076 0.020128
v -0.361565 1.470076 0.020128
v -0.468487 1.504642 0.029390
v -0.361565 1.504642 0.029390
v -0.468487 1.539209 0.020128
v -0.361565 1.539209 0.020128
v -0.468487 1.564514 -0.005177
v -0.361565 1.564514 -0.005177
v -0.468487 1.573776 -0.039743
v -0.361565 1.573776 -0.039743
v -0.468487 1.564514 -0.074310
v -0.361565 1.564514 -0.074310
v -0.468487 1.539209 -0.099615
v -0.361565 1.539209 -0.099615
vn 0.6532 -0.0000 -0.7572
vn -0.6532 -0.0000 -0.7572
vn 0.6532 -0.3786 -0.6557
vn -0.6532 -0.3786 -0.6557
vn 0.6532 -0.6557 -0.3786
vn -0.6532 -0.6557 -0.3786
vn 0.6532 -0.7572 -0.0000
vn -0.6532 -0.7572 -0.0000
vn 0.6532 -0.6557 0.3786
vn -0.6532 -0.6557 0.3786
vn 0.6532 -0.3786 0.6557
vn -0.6532 -0.3786 0.6557
vn 0.6532 -0.0000 0.7572
vn -0.6532 -0.0000 0.7572
vn 0.6532 0.3786 0.6557
vn -0.6532 0.3786 0.6557
vn 0.6532 0.6557 0.3786
vn -0.6532 0.6557 0.3786
vn 0.6532 0.7572 -0.0000
vn -0.6532 0.7572 -0.0000
vn 0.6532 0.6557 -0.3786
vn -0.6532 0.6557 -0.3786
vn 0.6532 0.3786 -0.6557
vn -0.6532 0.3786 -0.6557
vt 0.449004 0.827438
vt 0.449004 0.835774
vt 0.424096 0.835774
vt 0.424096 0.827438
vt 0.449004 0.844111
vt 0.424096 0.844111
vt 0.449004 0.852447
vt 0.424096 0.852447
vt 0.449004 0.752409
vt 0.449004 0.760746
vt 0.424096 0.760746
vt 0.424096 0.752409
vt 0.449004 0.769082
vt 0.424096 0.769082
vt 0.449004 0.777419
vt 0.424096 0.777419
vt 0.449004 0.785755
vt 0.424096 0.785755
vt 0.449004 0.794092
vt 0.424096 0.794092
vt 0.449004 0.802428
vt 0.424096 0.802428
vt 0.449004 0.810765
vt 0.424096 0.810765
vt 0.314965 0.998916
vt 0.307746 0.994748
vt 0.303577 0.987528
vt 0.303577 0.979192
vt 0.307746 0.971972
vt 0.314965 0.967804
vt 0.323302 0.967804
vt 0.330522 0.971972
vt 0.334690 0.979192
vt 0.334690 0.987529
vt 0.330521 0.994748
vt 0.323302 0.998916
vt 0.449004 0.819101
vt 0.424096 0.819101
vt 0.281686 0.998917
vt 0.274466 0.994748
vt 0.270298 0.987529
vt 0.270298 0.979192
vt 0.274466 0.971972
vt 0.281686 0.967804
vt 0.290022 0.967804
vt 0.297242 0.971972
vt 0.301410 0.979192
vt 0.301410 0.987529
vt 0.297242 0.994748
vt 0.290022 0.998916
s 1
usemtl Material.006
f 3264/2835/1963 3266/2836/1965 3267/2837/1966 3265/2838/1964
f 3266/2836/1965 3268/2839/1967 3269/2840/1968 3267/2837/1966
f 3268/2839/1967 3270/2841/1969 3271/2842/1970 3269/2840/1968
f 3270/2843/1969 3272/2844/1971 3273/2845/1972 3271/2846/1970
f 3272/2844/1971 3274/2847/1973 3275/2848/1974 3273/2845/1972
f 3274/2847/1973 3276/2849/1975 3277/2850/1976 3275/2848/1974
f 3276/2849/1975 3278/2851/1977 3279/2852/1978 3277/2850/1976
f 3278/2851/1977 3280/2853/1979 3281/2854/1980 3279/2852/1978
f 3280/2853/1979 3282/2855/1981 3283/2856/1982 3281/2854/1980
f 3282/2855/1981 3284/2857/1983 3285/2858/1984 3283/2856/1982
f 3267/2859/1966 3269/2860/1968 3271/2861/1970 3273/2862/1972 3275/2863/1974 3277/2864/1976 3279/2865/1978 3281/2866/1980 3283/2867/1982 3285/2868/1984 3287/2869/1986 3265/2870/1964
f 3284/2857/1983 3286/2871/1985 3287/2872/1986 3285/2858/1984
f 3286/2871/1985 3264/2835/1963 3265/2838/1964 3287/2872/1986
f 3264/2873/1963 3286/2874/1985 3284/2875/1983 3282/2876/1981 3280/2877/1979 3278/2878/1977 3276/2879/1975 3274/2880/1973 3272/2881/1971 3270/2882/1969 3268/2883/1967 3266/2884/1965
f 3288/2835/1964 3289/2838/1963 3291/2837/1965 3290/2836/1966
f 3290/2836/1966 3291/2837/1965 3293/2840/1967 3292/2839/1968
f 3292/2839/1968 3293/2840/1967 3295/2842/1969 3294/2841/1970
f 3294/2843/1970 3295/2846/1969 3297/2845/1971 3296/2844/1972
f 3296/2844/1972 3297/2845/1971 3299/2848/1973 3298/2847/1974
f 3298/2847/1974 3299/2848/1973 3301/2850/1975 3300/2849/1976
f 3300/2849/1976 3301/2850/1975 3303/2852/1977 3302/2851/1978
f 3302/2851/1978 3303/2852/1977 3305/2854/1979 3304/2853/1980
f 3304/2853/1980 3305/2854/1979 3307/2856/1981 3306/2855/1982
f 3306/2855/1982 3307/2856/1981 3309/2858/1983 3308/2857/1984
f 3291/2859/1965 3289/2870/1963 3311/2869/1985 3309/2868/1983 3307/2867/1981 3305/2866/1979 3303/2865/1977 3301/2864/1975 3299/2863/1973 3297/2862/1971 3295/2861/1969 3293/2860/1967
f 3308/2857/1984 3309/2858/1983 3311/2872/1985 3310/2871/1986
f 3310/2871/1986 3311/2872/1985 3289/2838/1963 3288/2835/1964
f 3288/2873/1964 3290/2884/1966 3292/2883/1968 3294/2882/1970 3296/2881/1972 3298/2880/1974 3300/2879/1976 3302/2878/1978 3304/2877/1980 3306/2876/1982 3308/2875/1984 3310/2874/1986
o Cube.030
v 0.519210 0.894271 -0.002225
v 0.519210 0.890378 -0.034714
v 0.551932 0.894271 -0.002225
v 0.551932 0.890378 -0.034714
v 0.519210 0.862465 0.001587
v 0.519210 0.858571 -0.030902
v 0.551932 0.862465 0.001587
v 0.551932 0.858571 -0.030902
v -0.519211 0.894271 -0.002225
v -0.519211 0.890378 -0.034714
v -0.551932 0.894271 -0.002225
v -0.551932 0.890378 -0.034714
v -0.519211 0.862465 0.001587
v -0.519211 0.858571 -0.030902
v -0.551932 0.862465 0.001587
v -0.551932 0.858571 -0.030902
vn -0.0000 0.9929 -0.1190
vn -0.0000 -0.9929 0.1190
vn -1.0000 -0.0000 -0.0000
vn -0.0000 0.1190 0.9929
vn -0.0000 -0.1190 -0.9929
vn 1.0000 -0.0000 -0.0000
vt 0.214767 0.825052
vt 0.207567 0.825052
vt 0.207567 0.817852
vt 0.214767 0.817852
vt 0.265958 0.822522
vt 0.258757 0.822522
vt 0.258757 0.815322
vt 0.265958 0.815322
vt 0.520903 0.221438
vt 0.513854 0.221438
vt 0.513854 0.214238
vt 0.520903 0.214238
vt 0.520903 0.228638
vt 0.513854 0.228638
vt 0.520903 0.243039
vt 0.513854 0.243039
vt 0.513854 0.235839
vt 0.520903 0.235839
s 0
usemtl Material.006
f 3315/2885/1987 3313/2886/1987 3312/2887/1987 3314/2888/1987
f 3316/2889/1988 3317/2890/1988 3319/2891/1988 3318/2892/1988
f 3316/2893/1989 3312/2894/1989 3313/2895/1989 3317/2896/1989
f 3318/2897/1990 3314/2898/1990 3312/2894/1990 3316/2893/1990
f 3317/2899/1991 3313/2900/1991 3315/2901/1991 3319/2902/1991
f 3319/2902/1992 3315/2901/1992 3314/2898/1992 3318/2897/1992
f 3323/2885/1987 3322/2888/1987 3320/2887/1987 3321/2886/1987
f 3324/2889/1988 3326/2892/1988 3327/2891/1988 3325/2890/1988
f 3324/2893/1992 3325/2896/1992 3321/2895/1992 3320/2894/1992
f 3326/2897/1990 3324/2893/1990 3320/2894/1990 3322/2898/1990
f 3325/2899/1991 3327/2902/1991 3323/2901/1991 3321/2900/1991
f 3327/2902/1989 3326/2897/1989 3322/2898/1989 3323/2901/1989
o Cube.044
v 0.519106 0.894813 -0.037077
v 0.519106 0.895316 -0.070003
v 0.552036 0.894813 -0.037077
v 0.552036 0.895316 -0.070003
v 0.519106 0.862574 -0.037569
v 0.519106 0.863077 -0.070495
v 0.552036 0.862574 -0.037569
v 0.552036 0.863077 -0.070495
v -0.519107 0.894813 -0.037077
v -0.519107 0.895316 -0.070003
v -0.552037 0.894813 -0.037077
v -0.552037 0.895316 -0.070003
v -0.519107 0.862574 -0.037569
v -0.519107 0.863077 -0.070495
v -0.552037 0.862574 -0.037569
v -0.552037 0.863077 -0.070495
vn -0.0000 0.9999 0.0153
vn -0.0000 -0.9999 -0.0153
vn -1.0000 -0.0000 -0.0000
vn -0.0000 -0.0153 0.9999
vn -0.0000 0.0153 -0.9999
vn 1.0000 -0.0000 -0.0000
vt 0.447124 0.606437
vt 0.438028 0.606437
vt 0.438028 0.597341
vt 0.447124 0.597341
vt 0.693154 0.445300
vt 0.684058 0.445300
vt 0.684058 0.436204
vt 0.693154 0.436204
vt 0.446934 0.595174
vt 0.438028 0.595174
vt 0.438028 0.586078
vt 0.446934 0.586078
vt 0.446934 0.567887
vt 0.438028 0.567887
vt 0.438028 0.558791
vt 0.446934 0.558791
vt 0.438028 0.576982
vt 0.446934 0.576982
s 0
usemtl Material.006
f 3331/2903/1993 3329/2904/1993 3328/2905/1993 3330/2906/1993
f 3332/2907/1994 3333/2908/1994 3335/2909/1994 3334/2910/1994
f 3332/2911/1995 3328/2912/1995 3329/2913/1995 3333/2914/1995
f 3334/2915/1996 3330/2916/1996 3328/2917/1996 3332/2918/1996
f 3333/2914/1997 3329/2913/1997 3331/2919/1997 3335/2920/1997
f 3335/2920/1998 3331/2919/1998 3330/2916/1998 3334/2915/1998
f 3339/2903/1993 3338/2906/1993 3336/2905/1993 3337/2904/1993
f 3340/2907/1994 3342/2910/1994 3343/2909/1994 3341/2908/1994
f 3340/2911/1998 3341/2914/1998 3337/2913/1998 3336/2912/1998
f 3342/2915/1996 3340/2918/1996 3336/2917/1996 3338/2916/1996
f 3341/2914/1997 3343/2920/1997 3339/2919/1997 3337/2913/1997
f 3343/2920/1995 3342/2915/1995 3338/2916/1995 3339/2919/1995
o Cube.045
v 0.520057 0.898197 -0.072519
v 0.520057 0.903619 -0.103070
v 0.551085 0.898197 -0.072519
v 0.551085 0.903619 -0.103070
v 0.520057 0.868324 -0.077821
v 0.520057 0.873745 -0.108371
v 0.551085 0.868324 -0.077821
v 0.551085 0.873745 -0.108371
v -0.520058 0.898197 -0.072519
v -0.520058 0.903619 -0.103070
v -0.551085 0.898197 -0.072519
v -0.551085 0.903619 -0.103070
v -0.520058 0.868324 -0.077821
v -0.520058 0.873745 -0.108371
v -0.551085 0.868324 -0.077821
v -0.551085 0.873745 -0.108371
vn -0.0000 0.9846 0.1747
vn -1.0000 -0.0000 -0.0000
vn -0.0000 -0.1747 0.9846
vn -0.0000 0.1747 -0.9846
vn 1.0000 -0.0000 -0.0000
vn -0.0000 -0.9846 -0.1747
vt 0.267313 0.744436
vt 0.258754 0.744436
vt 0.258754 0.735877
vt 0.267313 0.735877
vt 0.267124 0.664174
vt 0.258754 0.664174
vt 0.258754 0.655615
vt 0.267124 0.655615
vt 0.267124 0.672733
vt 0.258754 0.672733
vt 0.267124 0.689852
vt 0.258754 0.689852
vt 0.258754 0.681293
vt 0.267124 0.681292
vt 0.749528 0.443884
vt 0.740969 0.443884
vt 0.740969 0.435325
vt 0.749528 0.435325
s 0
usemtl Material.006
f 3347/2921/1999 3345/2922/1999 3344/2923/1999 3346/2924/1999
f 3348/2925/2000 3344/2926/2000 3345/2927/2000 3349/2928/2000
f 3350/2929/2001 3346/2930/2001 3344/2926/2001 3348/2925/2001
f 3349/2931/2002 3345/2932/2002 3347/2933/2002 3351/2934/2002
f 3351/2934/2003 3347/2933/2003 3346/2930/2003 3350/2929/2003
f 3348/2935/2004 3349/2936/2004 3351/2937/2004 3350/2938/2004
f 3355/2921/1999 3354/2924/1999 3352/2923/1999 3353/2922/1999
f 3356/2925/2003 3357/2928/2003 3353/2927/2003 3352/2926/2003
f 3358/2929/2001 3356/2925/2001 3352/2926/2001 3354/2930/2001
f 3357/2931/2002 3359/2934/2002 3355/2933/2002 3353/2932/2002
f 3359/2934/2000 3358/2929/2000 3354/2930/2000 3355/2933/2000
f 3356/2935/2004 3358/2938/2004 3359/2937/2004 3357/2936/2004
o Cube.046
v 0.521233 0.907447 -0.104175
v 0.521233 0.918056 -0.130816
v 0.549909 0.907447 -0.104175
v 0.549909 0.918056 -0.130816
v 0.521233 0.881444 -0.114529
v 0.521233 0.892053 -0.141171
v 0.549909 0.881444 -0.114529
v 0.549909 0.892053 -0.141171
v -0.521234 0.907447 -0.104175
v -0.521234 0.918056 -0.130816
v -0.549910 0.907447 -0.104175
v -0.549910 0.918056 -0.130816
v -0.521234 0.881444 -0.114529
v -0.521234 0.892053 -0.141171
v -0.549910 0.881444 -0.114529
v -0.549910 0.892053 -0.141171
vn -0.0000 0.9290 0.3700
vn -1.0000 -0.0000 -0.0000
vn -0.0000 -0.3700 0.9290
vn -0.0000 0.3700 -0.9291
vn 1.0000 -0.0000 -0.0000
vn -0.0000 -0.9290 -0.3700
vt 0.448879 0.548339
vt 0.448879 0.553693
vt 0.443525 0.553693
vt 0.443525 0.548339
vt 0.400947 0.218577
vt 0.406173 0.218577
vt 0.406173 0.223931
vt 0.400947 0.223931
vt 0.400947 0.234638
vt 0.406173 0.234638
vt 0.406173 0.239992
vt 0.400947 0.239992
vt 0.406173 0.229285
vt 0.400947 0.229285
vt 0.746323 0.451405
vt 0.740969 0.451405
vt 0.740969 0.446052
vt 0.746323 0.446052
s 0
usemtl Material.006
f 3363/2939/2005 3361/2940/2005 3360/2941/2005 3362/2942/2005
f 3364/2943/2006 3360/2944/2006 3361/2945/2006 3365/2946/2006
f 3366/2947/2007 3362/2948/2007 3360/2949/2007 3364/2950/2007
f 3365/2946/2008 3361/2945/2008 3363/2951/2008 3367/2952/2008
f 3367/2952/2009 3363/2951/2009 3362/2948/2009 3366/2947/2009
f 3364/2953/2010 3365/2954/2010 3367/2955/2010 3366/2956/2010
f 3371/2939/2005 3370/2942/2005 3368/2941/2005 3369/2940/2005
f 3372/2943/2009 3373/2946/2009 3369/2945/2009 3368/2944/2009
f 3374/2947/2007 3372/2950/2007 3368/2949/2007 3370/2948/2007
f 3373/2946/2008 3375/2952/2008 3371/2951/2008 3369/2945/2008
f 3375/2952/2006 3374/2947/2006 3370/2948/2006 3371/2951/2006
f 3372/2953/2010 3374/2956/2010 3375/2955/2010 3373/2954/2010
o Cube.047
v 0.478430 0.945148 0.001919
v 0.478430 0.921514 -0.020078
v 0.510717 0.945148 0.001919
v 0.510717 0.921514 -0.020078
v 0.478430 0.920612 0.028281
v 0.478430 0.896978 0.006285
v 0.510717 0.920612 0.028281
v 0.510717 0.896978 0.006285
v -0.478431 0.945148 0.001919
v -0.478431 0.921514 -0.020078
v -0.510717 0.945148 0.001919
v -0.510717 0.921514 -0.020078
v -0.478431 0.920612 0.028281
v -0.478431 0.896978 0.006285
v -0.510717 0.920612 0.028281
v -0.510717 0.896978 0.006285
vn -0.0000 0.6813 -0.7320
vn -0.0000 -0.6813 0.7320
vn -1.0000 -0.0000 -0.0000
vn -0.0000 0.7320 0.6813
vn -0.0000 -0.7320 -0.6813
vn 1.0000 -0.0000 -0.0000
vt 0.258757 0.805690
vt 0.266222 0.805690
vt 0.266222 0.813155
vt 0.258757 0.813155
vt 0.215032 0.815685
vt 0.207567 0.815685
vt 0.207567 0.808220
vt 0.215032 0.808220
vt 0.503360 0.236632
vt 0.511687 0.236632
vt 0.511687 0.244097
vt 0.503360 0.244097
vt 0.503360 0.229167
vt 0.511687 0.229167
vt 0.503360 0.214238
vt 0.511687 0.214238
vt 0.511687 0.221703
vt 0.503360 0.221703
s 0
usemtl Material.006
f 3379/2957/2011 3377/2958/2011 3376/2959/2011 3378/2960/2011
f 3380/2961/2012 3381/2962/2012 3383/2963/2012 3382/2964/2012
f 3380/2965/2013 3376/2966/2013 3377/2967/2013 3381/2968/2013
f 3382/2969/2014 3378/2970/2014 3376/2966/2014 3380/2965/2014
f 3381/2971/2015 3377/2972/2015 3379/2973/2015 3383/2974/2015
f 3383/2974/2016 3379/2973/2016 3378/2970/2016 3382/2969/2016
f 3387/2957/2011 3386/2960/2011 3384/2959/2011 3385/2958/2011
f 3388/2961/2012 3390/2964/2012 3391/2963/2012 3389/2962/2012
f 3388/2965/2016 3389/2968/2016 3385/2967/2016 3384/2966/2016
f 3390/2969/2014 3388/2965/2014 3384/2966/2014 3386/2970/2014
f 3389/2971/2015 3391/2974/2015 3387/2973/2015 3385/2972/2015
f 3391/2974/2013 3390/2969/2013 3386/2970/2013 3387/2973/2013
o Cube.048
v 0.521233 0.766954 -0.190987
v 0.521233 0.756345 -0.164345
v 0.549909 0.766954 -0.190987
v 0.521233 0.793800 -0.180296
v 0.549909 0.793800 -0.180296
v 0.521233 0.783192 -0.153655
v 0.549909 0.783192 -0.153655
v 0.549909 0.756345 -0.164345
v -0.521234 0.766954 -0.190987
v -0.521234 0.756345 -0.164345
v -0.549910 0.766954 -0.190987
v -0.521234 0.793800 -0.180296
v -0.549910 0.793800 -0.180296
v -0.521234 0.783192 -0.153655
v -0.549910 0.783192 -0.153655
v -0.549910 0.756345 -0.164345
vn -1.0000 -0.0000 -0.0000
vn -0.0000 -0.9290 -0.3700
vn -0.0000 0.3700 -0.9290
vn -0.0000 0.9290 0.3700
vn -0.0000 -0.3700 0.9290
vn 1.0000 -0.0000 -0.0000
vt 0.358138 0.238020
vt 0.364669 0.238020
vt 0.364669 0.244502
vt 0.358138 0.244502
vt 0.443525 0.530911
vt 0.443525 0.524430
vt 0.450006 0.524430
vt 0.450006 0.530911
vt 0.358138 0.231539
vt 0.364669 0.231539
vt 0.443525 0.522263
vt 0.443525 0.515781
vt 0.450006 0.515781
vt 0.450006 0.522263
vt 0.364669 0.218577
vt 0.364669 0.225058
vt 0.358138 0.225058
vt 0.358138 0.218577
s 0
usemtl Material.006
f 3395/2975/2017 3392/2976/2017 3393/2977/2017 3397/2978/2017
f 3392/2979/2018 3394/2980/2018 3399/2981/2018 3393/2982/2018
f 3396/2983/2019 3394/2984/2019 3392/2976/2019 3395/2975/2019
f 3397/2985/2020 3398/2986/2020 3396/2987/2020 3395/2988/2020
f 3393/2989/2021 3399/2990/2021 3398/2991/2021 3397/2992/2021
f 3398/2991/2022 3399/2990/2022 3394/2984/2022 3396/2983/2022
f 3403/2975/2022 3405/2978/2022 3401/2977/2022 3400/2976/2022
f 3400/2979/2018 3401/2982/2018 3407/2981/2018 3402/2980/2018
f 3404/2983/2019 3403/2975/2019 3400/2976/2019 3402/2984/2019
f 3405/2985/2020 3403/2988/2020 3404/2987/2020 3406/2986/2020
f 3401/2989/2021 3405/2992/2021 3406/2991/2021 3407/2990/2021
f 3406/2991/2017 3404/2983/2017 3402/2984/2017 3407/2990/2017
o Cube.049
v 0.521233 0.880167 -0.115038
v 0.521233 0.890776 -0.141679
v 0.549909 0.880167 -0.115038
v 0.521233 0.833816 -0.133496
v 0.549909 0.833816 -0.133496
v 0.521233 0.844425 -0.160137
v 0.549909 0.844425 -0.160137
v 0.549909 0.890776 -0.141679
v -0.521234 0.880167 -0.115038
v -0.521234 0.890776 -0.141679
v -0.549910 0.880167 -0.115038
v -0.521234 0.833816 -0.133496
v -0.549910 0.833816 -0.133496
v -0.521234 0.844425 -0.160137
v -0.549910 0.844425 -0.160137
v -0.549910 0.890776 -0.141679
vn -0.0000 0.9290 0.3700
vn -1.0000 -0.0000 -0.0000
vn -0.0000 -0.3700 0.9290
vn -0.0000 -0.9290 -0.3700
vn -0.0000 0.3700 -0.9290
vn 1.0000 -0.0000 -0.0000
vt 0.448988 0.546172
vt 0.443525 0.546172
vt 0.443525 0.540709
vt 0.448988 0.540709
vt 0.366836 0.234965
vt 0.376341 0.234965
vt 0.376341 0.240428
vt 0.366836 0.240428
vt 0.366836 0.218577
vt 0.376341 0.218577
vt 0.376341 0.224040
vt 0.366836 0.224040
vt 0.443525 0.538541
vt 0.443525 0.533078
vt 0.448988 0.533078
vt 0.448988 0.538541
vt 0.366836 0.229502
vt 0.376341 0.229502
s 0
usemtl Material.006
f 3409/2993/2023 3408/2994/2023 3410/2995/2023 3415/2996/2023
f 3409/2997/2024 3413/2998/2024 3411/2999/2024 3408/3000/2024
f 3408/3001/2025 3411/3002/2025 3412/3003/2025 3410/3004/2025
f 3413/3005/2026 3414/3006/2026 3412/3007/2026 3411/3008/2026
f 3415/3009/2027 3414/3010/2027 3413/2998/2027 3409/2997/2027
f 3415/3009/2028 3410/3004/2028 3412/3003/2028 3414/3010/2028
f 3417/2993/2023 3423/2996/2023 3418/2995/2023 3416/2994/2023
f 3417/2997/2028 3416/3000/2028 3419/2999/2028 3421/2998/2028
f 3416/3001/2025 3418/3004/2025 3420/3003/2025 3419/3002/2025
f 3421/3005/2026 3419/3008/2026 3420/3007/2026 3422/3006/2026
f 3423/3009/2027 3417/2997/2027 3421/2998/2027 3422/3010/2027
f 3423/3009/2024 3422/3010/2024 3420/3003/2024 3418/3004/2024
o Cube.050
v 0.521233 0.795078 -0.179788
v 0.549909 0.795078 -0.179788
v 0.521233 0.784469 -0.153146
v 0.521233 0.843148 -0.160646
v 0.549909 0.843148 -0.160646
v 0.521233 0.832539 -0.134004
v 0.549909 0.832539 -0.134004
v 0.549909 0.784469 -0.153146
v -0.521234 0.795078 -0.179788
v -0.549910 0.795078 -0.179788
v -0.521234 0.784469 -0.153146
v -0.521234 0.843148 -0.160646
v -0.549910 0.843148 -0.160646
v -0.521234 0.832539 -0.134004
v -0.549910 0.832539 -0.134004
v -0.549910 0.784469 -0.153146
vn -0.0000 -0.9290 -0.3700
vn -0.0000 0.3700 -0.9290
vn -1.0000 -0.0000 -0.0000
vn -0.0000 0.9290 0.3700
vn -0.0000 -0.3700 0.9290
vn 1.0000 -0.0000 -0.0000
vt 0.598313 0.716693
vt 0.606175 0.716693
vt 0.606175 0.724555
vt 0.598313 0.724555
vt 0.698244 0.418313
vt 0.698244 0.426175
vt 0.684059 0.426175
vt 0.684058 0.418313
vt 0.698244 0.434037
vt 0.684058 0.434037
vt 0.256587 0.655615
vt 0.256587 0.663477
vt 0.248725 0.663477
vt 0.248725 0.655615
vt 0.698244 0.402590
vt 0.698244 0.410452
vt 0.684059 0.410452
vt 0.684058 0.402590
s 0
usemtl Material.006
f 3431/3011/2029 3426/3012/2029 3424/3013/2029 3425/3014/2029
f 3425/3015/2030 3424/3016/2030 3427/3017/2030 3428/3018/2030
f 3427/3017/2031 3424/3016/2031 3426/3019/2031 3429/3020/2031
f 3428/3021/2032 3427/3022/2032 3429/3023/2032 3430/3024/2032
f 3426/3025/2033 3431/3026/2033 3430/3027/2033 3429/3028/2033
f 3430/3027/2034 3431/3026/2034 3425/3015/2034 3428/3018/2034
f 3439/3011/2029 3433/3014/2029 3432/3013/2029 3434/3012/2029
f 3433/3015/2030 3436/3018/2030 3435/3017/2030 3432/3016/2030
f 3435/3017/2034 3437/3020/2034 3434/3019/2034 3432/3016/2034
f 3436/3021/2032 3438/3024/2032 3437/3023/2032 3435/3022/2032
f 3434/3025/2033 3437/3028/2033 3438/3027/2033 3439/3026/2033
f 3438/3027/2031 3436/3018/2031 3433/3015/2031 3439/3026/2031
o Cube.051
v 0.519210 0.706109 -0.012629
v 0.519210 0.710003 0.019860
v 0.551932 0.706109 -0.012629
v 0.519210 0.738945 -0.016565
v 0.551932 0.738945 -0.016565
v 0.519210 0.742839 0.015924
v 0.551932 0.742839 0.015924
v 0.551932 0.710003 0.019860
v -0.519211 0.706109 -0.012629
v -0.519211 0.710003 0.019860
v -0.551932 0.706109 -0.012629
v -0.519211 0.738945 -0.016565
v -0.551932 0.738945 -0.016565
v -0.519211 0.742839 0.015924
v -0.551932 0.742839 0.015924
v -0.551932 0.710003 0.019860
vn -1.0000 -0.0000 -0.0000
vn -0.0000 -0.9929 0.1190
vn -0.0000 -0.1190 -0.9929
vn -0.0000 0.9929 -0.1190
vn -0.0000 0.1190 0.9929
vn 1.0000 -0.0000 -0.0000
vt 0.268131 0.562996
vt 0.260882 0.562996
vt 0.260882 0.555824
vt 0.268131 0.555824
vt 0.822499 0.584742
vt 0.822499 0.577570
vt 0.829671 0.577570
vt 0.829671 0.584742
vt 0.268131 0.541479
vt 0.260882 0.541479
vt 0.260882 0.534307
vt 0.268131 0.534307
vt 0.828868 0.235169
vt 0.828868 0.242341
vt 0.821696 0.242341
vt 0.821696 0.235169
vt 0.260882 0.548651
vt 0.268131 0.548651
s 0
usemtl Material.006
f 3443/3029/2035 3440/3030/2035 3441/3031/2035 3445/3032/2035
f 3440/3033/2036 3442/3034/2036 3447/3035/2036 3441/3036/2036
f 3444/3037/2037 3442/3038/2037 3440/3039/2037 3443/3040/2037
f 3445/3041/2038 3446/3042/2038 3444/3043/2038 3443/3044/2038
f 3441/3031/2039 3447/3045/2039 3446/3046/2039 3445/3032/2039
f 3446/3046/2040 3447/3045/2040 3442/3038/2040 3444/3037/2040
f 3451/3029/2040 3453/3032/2040 3449/3031/2040 3448/3030/2040
f 3448/3033/2036 3449/3036/2036 3455/3035/2036 3450/3034/2036
f 3452/3037/2037 3451/3040/2037 3448/3039/2037 3450/3038/2037
f 3453/3041/2038 3451/3044/2038 3452/3043/2038 3454/3042/2038
f 3449/3031/2039 3453/3032/2039 3454/3046/2039 3455/3045/2039
f 3454/3046/2035 3452/3037/2035 3450/3038/2035 3455/3045/2035
o Cube.052
v 0.519210 0.861100 0.001751
v 0.519210 0.857206 -0.030738
v 0.551932 0.861100 0.001751
v 0.519210 0.804382 0.008548
v 0.551932 0.804382 0.008548
v 0.519210 0.800489 -0.023941
v 0.551932 0.800489 -0.023941
v 0.551932 0.857206 -0.030738
v -0.519211 0.861100 0.001751
v -0.519211 0.857206 -0.030738
v -0.551932 0.861100 0.001751
v -0.519211 0.804382 0.008548
v -0.551932 0.804382 0.008548
v -0.519211 0.800489 -0.023941
v -0.551932 0.800489 -0.023941
v -0.551932 0.857206 -0.030738
vn -1.0000 -0.0000 -0.0000
vn -0.0000 0.9929 -0.1190
vn -0.0000 0.1190 0.9929
vn -0.0000 -0.9929 0.1190
vn -0.0000 -0.1190 -0.9929
vn 1.0000 -0.0000 -0.0000
vt 0.070394 0.930034
vt 0.057093 0.930034
vt 0.057093 0.922415
vt 0.070394 0.922415
vt 0.606175 0.734341
vt 0.598556 0.734341
vt 0.598556 0.726722
vt 0.606175 0.726722
vt 0.057093 0.914796
vt 0.070394 0.914796
vt 0.598556 0.744128
vt 0.598556 0.736509
vt 0.606175 0.736509
vt 0.606175 0.744128
vt 0.070394 0.907177
vt 0.057093 0.907177
vt 0.057093 0.899558
vt 0.070394 0.899558
s 0
usemtl Material.006
f 3457/3047/2041 3461/3048/2041 3459/3049/2041 3456/3050/2041
f 3457/3051/2042 3456/3052/2042 3458/3053/2042 3463/3054/2042
f 3456/3050/2043 3459/3049/2043 3460/3055/2043 3458/3056/2043
f 3461/3057/2044 3462/3058/2044 3460/3059/2044 3459/3060/2044
f 3463/3061/2045 3462/3062/2045 3461/3063/2045 3457/3064/2045
f 3463/3061/2046 3458/3056/2046 3460/3055/2046 3462/3062/2046
f 3465/3047/2046 3464/3050/2046 3467/3049/2046 3469/3048/2046
f 3465/3051/2042 3471/3054/2042 3466/3053/2042 3464/3052/2042
f 3464/3050/2043 3466/3056/2043 3468/3055/2043 3467/3049/2043
f 3469/3057/2044 3467/3060/2044 3468/3059/2044 3470/3058/2044
f 3471/3061/2045 3465/3064/2045 3469/3063/2045 3470/3062/2045
f 3471/3061/2041 3470/3062/2041 3468/3055/2041 3466/3056/2041
o Cube.053
v 0.551932 0.803018 0.008712
v 0.519210 0.803018 0.008712
v 0.551932 0.799124 -0.023777
v 0.551932 0.744204 0.015761
v 0.519210 0.744204 0.015761
v 0.551932 0.740310 -0.016728
v 0.519210 0.740310 -0.016728
v 0.519210 0.799124 -0.023777
v -0.551932 0.803018 0.008712
v -0.519211 0.803018 0.008712
v -0.551932 0.799124 -0.023777
v -0.551932 0.744204 0.015761
v -0.519211 0.744204 0.015761
v -0.551932 0.740310 -0.016728
v -0.519211 0.740310 -0.016728
v -0.519211 0.799124 -0.023777
vn -0.0000 0.1190 0.9929
vn -0.0000 0.9929 -0.1190
vn 1.0000 -0.0000 -0.0000
vn -0.0000 -0.9929 0.1190
vn -0.0000 -0.1190 -0.9929
vn -1.0000 -0.0000 -0.0000
vt 0.267124 0.626354
vt 0.267124 0.635385
vt 0.250775 0.635385
vt 0.250775 0.626354
vt 0.258754 0.701050
vt 0.258754 0.692019
vt 0.267785 0.692019
vt 0.267785 0.701050
vt 0.267124 0.644416
vt 0.250775 0.644416
vt 0.267785 0.703218
vt 0.267785 0.712249
vt 0.258754 0.712249
vt 0.258754 0.703218
vt 0.267124 0.653448
vt 0.250775 0.653448
vt 0.250775 0.617323
vt 0.267124 0.617323
s 0
usemtl Material.006
f 3476/3065/2047 3475/3066/2047 3472/3067/2047 3473/3068/2047
f 3474/3069/2048 3479/3070/2048 3473/3071/2048 3472/3072/2048
f 3472/3067/2049 3475/3066/2049 3477/3073/2049 3474/3074/2049
f 3475/3075/2050 3476/3076/2050 3478/3077/2050 3477/3078/2050
f 3477/3073/2051 3478/3079/2051 3479/3080/2051 3474/3074/2051
f 3479/3081/2052 3478/3082/2052 3476/3065/2052 3473/3068/2052
f 3484/3065/2047 3481/3068/2047 3480/3067/2047 3483/3066/2047
f 3482/3069/2048 3480/3072/2048 3481/3071/2048 3487/3070/2048
f 3480/3067/2052 3482/3074/2052 3485/3073/2052 3483/3066/2052
f 3483/3075/2050 3485/3078/2050 3486/3077/2050 3484/3076/2050
f 3485/3073/2051 3482/3074/2051 3487/3080/2051 3486/3079/2051
f 3487/3081/2049 3481/3068/2049 3484/3065/2049 3486/3082/2049
o Cube.054
v 0.519106 0.708566 -0.072854
v 0.519106 0.708064 -0.039928
v 0.552036 0.708566 -0.072854
v 0.519106 0.741849 -0.072346
v 0.552036 0.741849 -0.072346
v 0.519106 0.741346 -0.039420
v 0.552036 0.741346 -0.039420
v 0.552036 0.708064 -0.039928
v -0.519107 0.708566 -0.072854
v -0.519107 0.708064 -0.039928
v -0.552037 0.708566 -0.072854
v -0.519107 0.741849 -0.072346
v -0.552037 0.741849 -0.072346
v -0.519107 0.741346 -0.039420
v -0.552037 0.741346 -0.039420
v -0.552037 0.708064 -0.039928
vn -1.0000 -0.0000 -0.0000
vn -0.0000 -0.9999 -0.0153
vn -0.0000 0.0153 -0.9999
vn -0.0000 0.9999 0.0153
vn -0.0000 -0.0153 0.9999
vn 1.0000 -0.0000 -0.0000
vt 0.605461 0.684904
vt 0.598313 0.684904
vt 0.598313 0.677832
vt 0.605461 0.677832
vt 0.829570 0.593981
vt 0.822499 0.593981
vt 0.822499 0.586909
vt 0.829570 0.586909
vt 0.598313 0.670761
vt 0.605461 0.670761
vt 0.258886 0.824690
vt 0.265958 0.824690
vt 0.265958 0.831761
vt 0.258886 0.831761
vt 0.598313 0.663690
vt 0.598313 0.656618
vt 0.605461 0.656618
vt 0.605461 0.663690
s 0
usemtl Material.006
f 3489/3083/2053 3493/3084/2053 3491/3085/2053 3488/3086/2053
f 3488/3087/2054 3490/3088/2054 3495/3089/2054 3489/3090/2054
f 3491/3085/2055 3492/3091/2055 3490/3092/2055 3488/3086/2055
f 3493/3093/2056 3494/3094/2056 3492/3095/2056 3491/3096/2056
f 3494/3097/2057 3493/3098/2057 3489/3099/2057 3495/3100/2057
f 3492/3091/2058 3494/3097/2058 3495/3100/2058 3490/3092/2058
f 3497/3083/2058 3496/3086/2058 3499/3085/2058 3501/3084/2058
f 3496/3087/2054 3497/3090/2054 3503/3089/2054 3498/3088/2054
f 3499/3085/2055 3496/3086/2055 3498/3092/2055 3500/3091/2055
f 3501/3093/2056 3499/3096/2056 3500/3095/2056 3502/3094/2056
f 3502/3097/2057 3503/3100/2057 3497/3099/2057 3501/3098/2057
f 3500/3091/2053 3498/3092/2053 3503/3100/2053 3502/3097/2053
o Cube.055
v 0.519106 0.861200 -0.037590
v 0.519106 0.861702 -0.070516
v 0.552036 0.861200 -0.037590
v 0.519106 0.803709 -0.038468
v 0.552036 0.803709 -0.038468
v 0.519106 0.804212 -0.071394
v 0.552036 0.804212 -0.071394
v 0.552036 0.861702 -0.070516
v -0.519107 0.861200 -0.037590
v -0.519107 0.861702 -0.070516
v -0.552037 0.861200 -0.037590
v -0.519107 0.803709 -0.038468
v -0.552037 0.803709 -0.038468
v -0.519107 0.804212 -0.071394
v -0.552037 0.804212 -0.071394
v -0.552037 0.861702 -0.070516
vn -1.0000 -0.0000 -0.0000
vn -0.0000 0.9999 0.0153
vn -0.0000 -0.0153 0.9999
vn -0.0000 -0.9999 -0.0153
vn -0.0000 0.0153 -0.9999
vn 1.0000 -0.0000 -0.0000
vt 0.455602 0.236656
vt 0.468650 0.236656
vt 0.468650 0.244128
vt 0.455602 0.244128
vt 0.215040 0.806053
vt 0.207567 0.806053
vt 0.207567 0.798580
vt 0.215040 0.798580
vt 0.455602 0.214238
vt 0.468650 0.214238
vt 0.468650 0.221710
vt 0.455602 0.221710
vt 0.266230 0.803523
vt 0.258757 0.803523
vt 0.258757 0.796050
vt 0.266230 0.796050
vt 0.455602 0.229183
vt 0.468650 0.229183
s 0
usemtl Material.006
f 3505/3101/2059 3509/3102/2059 3507/3103/2059 3504/3104/2059
f 3505/3105/2060 3504/3106/2060 3506/3107/2060 3511/3108/2060
f 3504/3109/2061 3507/3110/2061 3508/3111/2061 3506/3112/2061
f 3509/3113/2062 3510/3114/2062 3508/3115/2062 3507/3116/2062
f 3511/3117/2063 3510/3118/2063 3509/3102/2063 3505/3101/2063
f 3506/3112/2064 3508/3111/2064 3510/3118/2064 3511/3117/2064
f 3513/3101/2064 3512/3104/2064 3515/3103/2064 3517/3102/2064
f 3513/3105/2060 3519/3108/2060 3514/3107/2060 3512/3106/2060
f 3512/3109/2061 3514/3112/2061 3516/3111/2061 3515/3110/2061
f 3517/3113/2062 3515/3116/2062 3516/3115/2062 3518/3114/2062
f 3519/3117/2063 3513/3101/2063 3517/3102/2063 3518/3118/2063
f 3514/3112/2059 3519/3117/2059 3518/3118/2059 3516/3111/2059
o Cube.056
v 0.552036 0.802335 -0.038489
v 0.519106 0.802335 -0.038489
v 0.552036 0.802838 -0.071415
v 0.552036 0.742721 -0.039399
v 0.519106 0.742721 -0.039399
v 0.552036 0.743223 -0.072325
v 0.519106 0.743223 -0.072325
v 0.519106 0.802838 -0.071415
v -0.552037 0.802335 -0.038489
v -0.519107 0.802335 -0.038489
v -0.552037 0.802838 -0.071415
v -0.552037 0.742721 -0.039399
v -0.519107 0.742721 -0.039399
v -0.552037 0.743223 -0.072325
v -0.519107 0.743223 -0.072325
v -0.519107 0.802838 -0.071415
vn -0.0000 -0.0153 0.9999
vn -0.0000 0.9999 0.0153
vn 1.0000 -0.0000 -0.0000
vn -0.0000 -0.9999 -0.0153
vn -0.0000 0.0153 -0.9999
vn -1.0000 -0.0000 -0.0000
vt 0.427076 0.244303
vt 0.427076 0.236787
vt 0.440684 0.236787
vt 0.440684 0.244303
vt 0.266274 0.764843
vt 0.258757 0.764843
vt 0.258757 0.757327
vt 0.266274 0.757327
vt 0.427076 0.229271
vt 0.440684 0.229271
vt 0.266274 0.767010
vt 0.266274 0.774527
vt 0.258757 0.774527
vt 0.258757 0.767010
vt 0.427076 0.221754
vt 0.440684 0.221754
vt 0.427076 0.214238
vt 0.440684 0.214238
s 0
usemtl Material.006
f 3524/3119/2065 3523/3120/2065 3520/3121/2065 3521/3122/2065
f 3522/3123/2066 3527/3124/2066 3521/3125/2066 3520/3126/2066
f 3520/3121/2067 3523/3120/2067 3525/3127/2067 3522/3128/2067
f 3523/3129/2068 3524/3130/2068 3526/3131/2068 3525/3132/2068
f 3525/3127/2069 3526/3133/2069 3527/3134/2069 3522/3128/2069
f 3527/3134/2070 3526/3133/2070 3524/3135/2070 3521/3136/2070
f 3532/3119/2065 3529/3122/2065 3528/3121/2065 3531/3120/2065
f 3530/3123/2066 3528/3126/2066 3529/3125/2066 3535/3124/2066
f 3528/3121/2070 3530/3128/2070 3533/3127/2070 3531/3120/2070
f 3531/3129/2068 3533/3132/2068 3534/3131/2068 3532/3130/2068
f 3533/3127/2069 3530/3128/2069 3535/3134/2069 3534/3133/2069
f 3535/3134/2067 3529/3136/2067 3532/3135/2067 3534/3133/2067
o Cube.057
v 0.520057 0.730347 -0.133820
v 0.520057 0.724925 -0.103270
v 0.551085 0.730347 -0.133820
v 0.520057 0.761188 -0.128347
v 0.551085 0.761188 -0.128347
v 0.520057 0.755767 -0.097797
v 0.551085 0.755767 -0.097797
v 0.551085 0.724925 -0.103270
v -0.520058 0.730347 -0.133820
v -0.520058 0.724925 -0.103270
v -0.551085 0.730347 -0.133820
v -0.520058 0.761188 -0.128347
v -0.551085 0.761188 -0.128347
v -0.520058 0.755767 -0.097797
v -0.551085 0.755767 -0.097797
v -0.551085 0.724925 -0.103270
vn -1.0000 -0.0000 -0.0000
vn -0.0000 -0.9846 -0.1747
vn -0.0000 0.1747 -0.9846
vn -0.0000 0.9846 0.1747
vn -0.0000 -0.1747 0.9846
vn 1.0000 -0.0000 -0.0000
vt 0.598313 0.687071
vt 0.605242 0.687071
vt 0.605242 0.693935
vt 0.598313 0.693935
vt 0.207567 0.827220
vt 0.214431 0.827220
vt 0.214431 0.834084
vt 0.207567 0.834084
vt 0.598313 0.707662
vt 0.605242 0.707662
vt 0.605242 0.714526
vt 0.598313 0.714526
vt 0.831035 0.242033
vt 0.831035 0.235169
vt 0.837899 0.235169
vt 0.837899 0.242033
vt 0.605242 0.700798
vt 0.598313 0.700798
s 0
usemtl Material.006
f 3539/3137/2071 3536/3138/2071 3537/3139/2071 3541/3140/2071
f 3536/3141/2072 3538/3142/2072 3543/3143/2072 3537/3144/2072
f 3540/3145/2073 3538/3146/2073 3536/3147/2073 3539/3148/2073
f 3541/3149/2074 3542/3150/2074 3540/3151/2074 3539/3152/2074
f 3537/3139/2075 3543/3153/2075 3542/3154/2075 3541/3140/2075
f 3542/3154/2076 3543/3153/2076 3538/3146/2076 3540/3145/2076
f 3547/3137/2076 3549/3140/2076 3545/3139/2076 3544/3138/2076
f 3544/3141/2072 3545/3144/2072 3551/3143/2072 3546/3142/2072
f 3548/3145/2073 3547/3148/2073 3544/3147/2073 3546/3146/2073
f 3549/3149/2074 3547/3152/2074 3548/3151/2074 3550/3150/2074
f 3545/3139/2075 3549/3140/2075 3550/3154/2075 3551/3153/2075
f 3550/3154/2071 3548/3145/2071 3546/3146/2071 3551/3153/2071
o Cube.058
v 0.520057 0.866970 -0.078061
v 0.520057 0.872392 -0.108611
v 0.551085 0.866970 -0.078061
v 0.520057 0.813707 -0.087514
v 0.551085 0.813707 -0.087514
v 0.520057 0.819129 -0.118064
v 0.551085 0.819129 -0.118064
v 0.551085 0.872392 -0.108611
v -0.520058 0.866970 -0.078061
v -0.520058 0.872392 -0.108611
v -0.551085 0.866970 -0.078061
v -0.520058 0.813707 -0.087514
v -0.551085 0.813707 -0.087514
v -0.520058 0.819129 -0.118064
v -0.551085 0.819129 -0.118064
v -0.551085 0.872392 -0.108611
vn -0.0000 0.9846 0.1747
vn -1.0000 -0.0000 -0.0000
vn -0.0000 -0.1747 0.9846
vn -0.0000 -0.9846 -0.1747
vn -0.0000 0.1747 -0.9846
vn 1.0000 -0.0000 -0.0000
vt 0.267317 0.733709
vt 0.258754 0.733709
vt 0.258754 0.725146
vt 0.267317 0.725146
vt 0.397892 0.688249
vt 0.382962 0.688249
vt 0.382962 0.679686
vt 0.397892 0.679686
vt 0.382962 0.671123
vt 0.397892 0.671123
vt 0.258754 0.722979
vt 0.258754 0.714416
vt 0.267317 0.714416
vt 0.267317 0.722979
vt 0.397892 0.662560
vt 0.382962 0.662560
vt 0.382962 0.653997
vt 0.397892 0.653997
s 0
usemtl Material.006
f 3553/3155/2077 3552/3156/2077 3554/3157/2077 3559/3158/2077
f 3553/3159/2078 3557/3160/2078 3555/3161/2078 3552/3162/2078
f 3552/3162/2079 3555/3161/2079 3556/3163/2079 3554/3164/2079
f 3557/3165/2080 3558/3166/2080 3556/3167/2080 3555/3168/2080
f 3559/3169/2081 3558/3170/2081 3557/3171/2081 3553/3172/2081
f 3559/3169/2082 3554/3164/2082 3556/3163/2082 3558/3170/2082
f 3561/3155/2077 3567/3158/2077 3562/3157/2077 3560/3156/2077
f 3561/3159/2082 3560/3162/2082 3563/3161/2082 3565/3160/2082
f 3560/3162/2079 3562/3164/2079 3564/3163/2079 3563/3161/2079
f 3565/3165/2080 3563/3168/2080 3564/3167/2080 3566/3166/2080
f 3567/3169/2081 3561/3172/2081 3565/3171/2081 3566/3170/2081
f 3567/3169/2078 3566/3170/2078 3564/3163/2078 3562/3164/2078
o Cube.059
v 0.551085 0.812354 -0.087754
v 0.520057 0.812354 -0.087754
v 0.551085 0.817775 -0.118304
v 0.551085 0.757120 -0.097557
v 0.520057 0.757120 -0.097557
v 0.551085 0.762542 -0.128107
v 0.520057 0.762542 -0.128107
v 0.520057 0.817775 -0.118304
v -0.551085 0.812354 -0.087754
v -0.520058 0.812354 -0.087754
v -0.551085 0.817775 -0.118304
v -0.551085 0.757120 -0.097557
v -0.520058 0.757120 -0.097557
v -0.551085 0.762542 -0.128107
v -0.520058 0.762542 -0.128107
v -0.520058 0.817775 -0.118304
vn -0.0000 0.9846 0.1747
vn -0.0000 -0.1747 0.9846
vn 1.0000 -0.0000 -0.0000
vn -0.0000 -0.9846 -0.1747
vn -0.0000 0.1747 -0.9846
vn -1.0000 -0.0000 -0.0000
vt 0.267313 0.746603
vt 0.267313 0.755159
vt 0.258757 0.755159
vt 0.258757 0.746603
vt 0.382962 0.716085
vt 0.382962 0.707529
vt 0.398432 0.707529
vt 0.398432 0.716085
vt 0.382962 0.698973
vt 0.398432 0.698973
vt 0.760251 0.435325
vt 0.760251 0.443881
vt 0.751695 0.443881
vt 0.751695 0.435325
vt 0.382962 0.690416
vt 0.398432 0.690416
vt 0.398432 0.724641
vt 0.382962 0.724641
s 0
usemtl Material.006
f 3570/3173/2083 3575/3174/2083 3569/3175/2083 3568/3176/2083
f 3572/3177/2084 3571/3178/2084 3568/3179/2084 3569/3180/2084
f 3568/3179/2085 3571/3178/2085 3573/3181/2085 3570/3182/2085
f 3571/3183/2086 3572/3184/2086 3574/3185/2086 3573/3186/2086
f 3573/3181/2087 3574/3187/2087 3575/3188/2087 3570/3182/2087
f 3575/3189/2088 3574/3190/2088 3572/3177/2088 3569/3180/2088
f 3578/3173/2083 3576/3176/2083 3577/3175/2083 3583/3174/2083
f 3580/3177/2084 3577/3180/2084 3576/3179/2084 3579/3178/2084
f 3576/3179/2088 3578/3182/2088 3581/3181/2088 3579/3178/2088
f 3579/3183/2086 3581/3186/2086 3582/3185/2086 3580/3184/2086
f 3581/3181/2087 3578/3182/2087 3583/3188/2087 3582/3187/2087
f 3583/3189/2085 3577/3180/2085 3580/3177/2085 3582/3190/2085
o Cube.060
v 0.478430 0.836327 0.071451
v 0.478430 0.859961 0.093447
v 0.510717 0.836327 0.071451
v 0.478430 0.864260 0.041438
v 0.510717 0.864260 0.041438
v 0.478430 0.887894 0.063435
v 0.510717 0.887894 0.063435
v 0.510717 0.859961 0.093447
v -0.478431 0.836327 0.071451
v -0.478431 0.859961 0.093447
v -0.510717 0.836327 0.071451
v -0.478431 0.864260 0.041438
v -0.510717 0.864260 0.041438
v -0.478431 0.887894 0.063435
v -0.510717 0.887894 0.063435
v -0.510717 0.859961 0.093447
vn -1.0000 -0.0000 -0.0000
vn -0.0000 -0.6813 0.7320
vn -0.0000 -0.7320 -0.6813
vn -0.0000 0.6813 -0.7320
vn -0.0000 0.7320 0.6813
vn 1.0000 -0.0000 -0.0000
vt 0.480355 0.244280
vt 0.470817 0.244280
vt 0.470817 0.236770
vt 0.480355 0.236770
vt 0.266268 0.793883
vt 0.258757 0.793883
vt 0.258757 0.786372
vt 0.266268 0.786372
vt 0.470817 0.221748
vt 0.470817 0.214238
vt 0.480355 0.214238
vt 0.480355 0.221748
vt 0.258757 0.776694
vt 0.266268 0.776694
vt 0.266268 0.784205
vt 0.258757 0.784205
vt 0.470817 0.229259
vt 0.480355 0.229259
s 0
usemtl Material.006
f 3587/3191/2089 3584/3192/2089 3585/3193/2089 3589/3194/2089
f 3585/3195/2090 3584/3196/2090 3586/3197/2090 3591/3198/2090
f 3586/3199/2091 3584/3200/2091 3587/3201/2091 3588/3202/2091
f 3588/3203/2092 3587/3204/2092 3589/3205/2092 3590/3206/2092
f 3585/3193/2093 3591/3207/2093 3590/3208/2093 3589/3194/2093
f 3590/3208/2094 3591/3207/2094 3586/3199/2094 3588/3202/2094
f 3595/3191/2094 3597/3194/2094 3593/3193/2094 3592/3192/2094
f 3593/3195/2090 3599/3198/2090 3594/3197/2090 3592/3196/2090
f 3594/3199/2091 3596/3202/2091 3595/3201/2091 3592/3200/2091
f 3596/3203/2092 3598/3206/2092 3597/3205/2092 3595/3204/2092
f 3593/3193/2093 3597/3194/2093 3598/3208/2093 3599/3207/2093
f 3598/3208/2089 3596/3202/2089 3594/3199/2089 3599/3207/2089
o Cube.061
v 0.478430 0.919675 0.029287
v 0.478430 0.896042 0.007291
v 0.510717 0.919675 0.029287
v 0.478430 0.888831 0.062428
v 0.510717 0.888831 0.062428
v 0.478430 0.865197 0.040432
v 0.510717 0.865197 0.040432
v 0.510717 0.896042 0.007291
v -0.478431 0.919675 0.029287
v -0.478431 0.896042 0.007291
v -0.510717 0.919675 0.029287
v -0.478431 0.888831 0.062428
v -0.510717 0.888831 0.062428
v -0.478431 0.865197 0.040432
v -0.510717 0.865197 0.040432
v -0.510717 0.896042 0.007291
vn -1.0000 -0.0000 -0.0000
vn -0.0000 0.6813 -0.7320
vn -0.0000 0.7320 0.6813
vn -0.0000 -0.6813 0.7320
vn -0.0000 -0.7320 -0.6813
vn 1.0000 -0.0000 -0.0000
vt 0.453435 0.244427
vt 0.442852 0.244427
vt 0.442852 0.236880
vt 0.453435 0.236880
vt 0.598556 0.763557
vt 0.598556 0.756010
vt 0.606103 0.756010
vt 0.606103 0.763557
vt 0.442852 0.229332
vt 0.453435 0.229332
vt 0.598556 0.746295
vt 0.606103 0.746295
vt 0.606103 0.753842
vt 0.598556 0.753842
vt 0.453435 0.221785
vt 0.442852 0.221785
vt 0.442852 0.214238
vt 0.453435 0.214238
s 0
usemtl Material.006
f 3601/3209/2095 3605/3210/2095 3603/3211/2095 3600/3212/2095
f 3601/3213/2096 3600/3214/2096 3602/3215/2096 3607/3216/2096
f 3600/3212/2097 3603/3211/2097 3604/3217/2097 3602/3218/2097
f 3605/3219/2098 3606/3220/2098 3604/3221/2098 3603/3222/2098
f 3607/3223/2099 3606/3224/2099 3605/3225/2099 3601/3226/2099
f 3607/3223/2100 3602/3218/2100 3604/3217/2100 3606/3224/2100
f 3609/3209/2100 3608/3212/2100 3611/3211/2100 3613/3210/2100
f 3609/3213/2096 3615/3216/2096 3610/3215/2096 3608/3214/2096
f 3608/3212/2097 3610/3218/2097 3612/3217/2097 3611/3211/2097
f 3613/3219/2098 3611/3222/2098 3612/3221/2098 3614/3220/2098
f 3615/3223/2099 3609/3226/2099 3613/3225/2099 3614/3224/2099
f 3615/3223/2095 3614/3224/2095 3612/3217/2095 3610/3218/2095
o Cube.063
v 0.206014 1.749021 0.122903
v 0.257138 1.884445 0.074784
v 0.103025 1.737631 -0.203550
v 0.182560 1.898112 -0.247509
v 0.265349 1.768328 0.116486
v 0.285768 1.870380 0.063571
v 0.218854 1.772340 -0.225762
v 0.251600 1.870121 -0.260749
v 0.169224 1.716212 0.141657
v 0.242900 1.911820 0.067146
v 0.311940 1.883829 0.053906
v 0.285053 1.750921 0.119445
v 0.201790 1.740212 0.099206
v 0.252914 1.875636 0.051088
v 0.281544 1.861571 0.039875
v 0.261125 1.759519 0.092790
v -0.206015 1.749021 0.122903
v -0.257138 1.884445 0.074784
v -0.103025 1.737631 -0.203550
v -0.182560 1.898112 -0.247509
v -0.265349 1.768328 0.116486
v -0.285768 1.870380 0.063571
v -0.218854 1.772340 -0.225762
v -0.251600 1.870121 -0.260749
v -0.169225 1.716212 0.141657
v -0.242901 1.911820 0.067146
v -0.311941 1.883829 0.053906
v -0.285054 1.750921 0.119445
v -0.201790 1.740212 0.099206
v -0.252914 1.875636 0.051088
v -0.281544 1.861571 0.039875
v -0.261125 1.759519 0.092790
vn -0.8821 0.4375 0.1743
vn -0.1762 -0.2169 -0.9602
vn 0.9299 -0.3197 -0.1821
vn -0.3243 0.9041 -0.2783
vn 0.2658 -0.9577 -0.1104
vn 0.3555 0.9283 -0.1086
vn 0.1752 0.2832 0.9429
vn 0.1666 0.4169 0.8935
vn 0.0310 0.3878 0.9212
vn 0.3446 0.2792 0.8963
vn 0.1648 0.3437 0.9245
vn 0.9314 -0.3627 -0.0312
vn -0.2846 -0.8809 0.3782
vn -0.9678 0.2373 0.0843
vn 0.8821 0.4375 0.1743
vn 0.1762 -0.2169 -0.9602
vn -0.9299 -0.3197 -0.1821
vn 0.3243 0.9041 -0.2783
vn -0.2658 -0.9577 -0.1104
vn -0.3555 0.9283 -0.1086
vn -0.1752 0.2832 0.9429
vn -0.1666 0.4169 0.8935
vn -0.0310 0.3878 0.9212
vn -0.3446 0.2792 0.8963
vn -0.1648 0.3437 0.9245
vn -0.9314 -0.3627 -0.0312
vn 0.2846 -0.8809 0.3782
vn 0.9678 0.2373 0.0843
vt 0.779982 0.474523
vt 0.837523 0.489499
vt 0.835671 0.575402
vt 0.786722 0.568637
vt 0.205943 0.796413
vt 0.146864 0.796413
vt 0.143947 0.772350
vt 0.178569 0.768098
vt 0.155873 0.690277
vt 0.189182 0.683702
vt 0.200112 0.672883
vt 0.187945 0.679423
vt 0.186640 0.674155
vt 0.198325 0.667737
vt 0.218042 0.768291
vt 0.214558 0.673793
vt 0.120190 0.767850
vt 0.138222 0.679990
vt 0.793837 0.471745
vt 0.833388 0.482053
vt 0.156618 0.682435
vt 0.148095 0.677177
vt 0.808551 0.454907
vt 0.837523 0.466709
vt 0.834659 0.475304
vt 0.795109 0.464996
vt 0.151555 0.673414
vt 0.158773 0.675103
s 0
usemtl Material.006
f 3624/3227/2101 3625/3228/2101 3619/3229/2101 3618/3230/2101
f 3618/3231/2102 3619/3232/2102 3623/3233/2102 3622/3234/2102
f 3622/3234/2103 3623/3233/2103 3626/3235/2103 3627/3236/2103
f 3616/3237/2104 3620/3238/2104 3631/3239/2104 3628/3240/2104
f 3618/3241/2105 3622/3234/2105 3627/3236/2105 3624/3242/2105
f 3623/3233/2106 3619/3243/2106 3625/3244/2106 3626/3235/2106
f 3616/3245/2107 3617/3246/2107 3625/3228/2107 3624/3227/2107
f 3621/3247/2108 3620/3238/2108 3627/3236/2108 3626/3235/2108
f 3620/3238/2109 3616/3237/2109 3624/3242/2109 3627/3236/2109
f 3617/3248/2110 3621/3247/2110 3626/3235/2110 3625/3244/2110
f 3631/3249/2111 3630/3250/2111 3629/3251/2111 3628/3252/2111
f 3617/3246/2112 3616/3245/2112 3628/3252/2112 3629/3251/2112
f 3621/3247/2113 3617/3248/2113 3629/3253/2113 3630/3254/2113
f 3620/3238/2114 3621/3247/2114 3630/3254/2114 3631/3239/2114
f 3640/3227/2115 3634/3230/2115 3635/3229/2115 3641/3228/2115
f 3634/3231/2116 3638/3234/2116 3639/3233/2116 3635/3232/2116
f 3638/3234/2117 3643/3236/2117 3642/3235/2117 3639/3233/2117
f 3632/3237/2118 3644/3240/2118 3647/3239/2118 3636/3238/2118
f 3634/3241/2119 3640/3242/2119 3643/3236/2119 3638/3234/2119
f 3639/3233/2120 3642/3235/2120 3641/3244/2120 3635/3243/2120
f 3632/3245/2121 3640/3227/2121 3641/3228/2121 3633/3246/2121
f 3637/3247/2122 3642/3235/2122 3643/3236/2122 3636/3238/2122
f 3636/3238/2123 3643/3236/2123 3640/3242/2123 3632/3237/2123
f 3633/3248/2124 3641/3244/2124 3642/3235/2124 3637/3247/2124
f 3647/3249/2125 3644/3252/2125 3645/3251/2125 3646/3250/2125
f 3633/3246/2126 3645/3251/2126 3644/3252/2126 3632/3245/2126
f 3637/3247/2127 3646/3254/2127 3645/3253/2127 3633/3248/2127
f 3636/3238/2128 3647/3239/2128 3646/3254/2128 3637/3247/2128
o Cube.064
v -0.000000 1.640752 0.348900
v -0.000000 1.681497 0.372187
v -0.000000 1.706988 0.130442
v -0.000000 1.734516 0.131072
v 0.032636 1.643307 0.342999
v 0.032636 1.682832 0.364194
v 0.130114 1.706988 0.130442
v 0.130114 1.735656 0.131098
v -0.000000 1.650070 0.327378
v 0.036487 1.650070 0.327378
v 0.036487 1.686366 0.343038
v 0.093454 1.671990 0.255411
v -0.000000 1.671990 0.255411
v 0.093454 1.701853 0.263033
v -0.000000 1.686366 0.343038
v -0.000000 1.703902 0.263556
v 0.112667 1.683222 0.215302
v -0.000000 1.683222 0.215302
v 0.112667 1.709305 0.220203
v -0.000000 1.713728 0.221034
v -0.032636 1.643307 0.342999
v -0.032636 1.682832 0.364194
v -0.130115 1.706988 0.130442
v -0.130115 1.735656 0.131098
v -0.036487 1.650070 0.327378
v -0.036487 1.686366 0.343038
v -0.093455 1.671990 0.255411
v -0.093455 1.701853 0.263033
v -0.112667 1.683222 0.215302
v -0.112667 1.709305 0.220203
vn -0.0000 0.0229 -0.9997
vn 0.9796 -0.0878 0.1806
vn 0.2103 -0.4739 0.8551
vn -0.0000 -0.9177 -0.3973
vn -0.0000 -0.9566 -0.2914
vn 0.8071 -0.1960 0.5569
vn 0.9113 -0.0900 0.4019
vn -0.0000 -0.9630 -0.2697
vn 0.0163 0.9779 0.2083
vn -0.0000 0.9863 0.1648
vn 0.0321 0.9782 0.2052
vn 0.0139 0.9666 0.2558
vn 0.9813 -0.0194 0.1913
vn -0.9796 -0.0878 0.1806
vn -0.2103 -0.4739 0.8551
vn -0.8071 -0.1960 0.5569
vn -0.9113 -0.0900 0.4019
vn -0.0163 0.9779 0.2083
vn -0.0321 0.9782 0.2052
vn -0.0139 0.9666 0.2558
vn -0.9813 -0.0194 0.1913
vt 0.894000 0.421799
vt 0.892511 0.415418
vt 0.917720 0.409930
vt 0.924153 0.414763
vt 0.916618 0.355433
vt 0.906624 0.358357
vt 0.905422 0.353521
vt 0.915406 0.351174
vt 0.899702 0.348307
vt 0.911446 0.342001
vt 0.878953 0.588998
vt 0.887785 0.588998
vt 0.886853 0.593118
vt 0.878953 0.594675
vt 0.878953 0.570788
vt 0.901574 0.570788
vt 0.924651 0.378769
vt 0.917202 0.380928
vt 0.927054 0.390752
vt 0.920265 0.391689
vt 0.878953 0.560706
vt 0.906225 0.560706
vt 0.893547 0.378419
vt 0.896937 0.356619
vt 0.892511 0.390154
vt 0.878953 0.539375
vt 0.910448 0.539375
s 0
usemtl Material.006
f 3650/3255/2129 3651/3256/2129 3655/3257/2129 3654/3258/2129
f 3657/3259/2130 3658/3260/2130 3653/3261/2130 3652/3262/2130
f 3652/3262/2131 3653/3261/2131 3649/3263/2131 3648/3264/2131
f 3656/3265/2132 3657/3266/2132 3652/3267/2132 3648/3268/2132
f 3660/3269/2133 3659/3270/2133 3657/3266/2133 3656/3265/2133
f 3659/3271/2134 3661/3272/2134 3658/3260/2134 3657/3259/2134
f 3664/3273/2135 3666/3274/2135 3661/3272/2135 3659/3271/2135
f 3665/3275/2136 3664/3276/2136 3659/3270/2136 3660/3269/2136
f 3658/3260/2137 3661/3272/2137 3663/3277/2137 3662/3278/2137
f 3658/3260/2138 3662/3278/2138 3649/3263/2138 3653/3261/2138
f 3667/3279/2139 3663/3277/2139 3661/3272/2139 3666/3274/2139
f 3651/3256/2140 3667/3279/2140 3666/3274/2140 3655/3257/2140
f 3650/3280/2136 3654/3281/2136 3664/3276/2136 3665/3275/2136
f 3654/3258/2141 3655/3257/2141 3666/3274/2141 3664/3273/2141
f 3650/3255/2129 3670/3258/2129 3671/3257/2129 3651/3256/2129
f 3672/3259/2142 3668/3262/2142 3669/3261/2142 3673/3260/2142
f 3668/3262/2143 3648/3264/2143 3649/3263/2143 3669/3261/2143
f 3656/3265/2132 3648/3268/2132 3668/3267/2132 3672/3266/2132
f 3660/3269/2133 3656/3265/2133 3672/3266/2133 3674/3270/2133
f 3674/3271/2144 3672/3259/2144 3673/3260/2144 3675/3272/2144
f 3676/3273/2145 3674/3271/2145 3675/3272/2145 3677/3274/2145
f 3665/3275/2136 3660/3269/2136 3674/3270/2136 3676/3276/2136
f 3673/3260/2146 3662/3278/2146 3663/3277/2146 3675/3272/2146
f 3673/3260/2138 3669/3261/2138 3649/3263/2138 3662/3278/2138
f 3667/3279/2147 3677/3274/2147 3675/3272/2147 3663/3277/2147
f 3651/3256/2148 3671/3257/2148 3677/3274/2148 3667/3279/2148
f 3650/3280/2136 3665/3275/2136 3676/3276/2136 3670/3281/2136
f 3670/3258/2149 3676/3273/2149 3677/3274/2149 3671/3257/2149
o Cube.065
v -0.000000 1.682706 0.371043
v -0.000000 1.847567 0.444442
v 0.032647 1.684154 0.363326
v 0.045478 1.848107 0.409515
v 0.114690 1.709059 0.226564
v 0.152366 1.829187 0.223050
v -0.000000 1.687946 0.343111
v 0.036487 1.687946 0.343111
v 0.088215 1.844009 0.318018
v 0.090644 1.701707 0.271727
v -0.000000 1.701707 0.271727
v 0.122842 1.840334 0.267062
v -0.000000 1.737660 0.395509
v -0.000000 1.792614 0.419976
v 0.168469 1.800250 0.189691
v 0.135029 1.747953 0.209876
v 0.043363 1.793289 0.388312
v 0.041883 1.739321 0.370615
v 0.075277 1.795060 0.305364
v 0.069918 1.743674 0.305401
v 0.131872 1.794178 0.240727
v 0.118693 1.746400 0.245601
v 0.095640 1.709059 0.226564
v 0.133057 1.829187 0.223050
v 0.149419 1.800250 0.189691
v 0.115979 1.747953 0.209876
v 0.025968 1.848107 0.409515
v 0.068705 1.844009 0.318018
v 0.103332 1.840334 0.267062
v -0.000000 1.847567 0.425862
v -0.032647 1.684154 0.363326
v -0.045478 1.848107 0.409515
v -0.114690 1.709059 0.226564
v -0.152366 1.829187 0.223050
v -0.036487 1.687946 0.343111
v -0.088216 1.844009 0.318018
v -0.090644 1.701707 0.271727
v -0.122843 1.840334 0.267062
v -0.168470 1.800250 0.189691
v -0.135030 1.747953 0.209876
v -0.043364 1.793289 0.388312
v -0.041883 1.739321 0.370615
v -0.075278 1.795060 0.305364
v -0.069918 1.743674 0.305401
v -0.131872 1.794178 0.240727
v -0.118694 1.746400 0.245601
v -0.095640 1.709059 0.226564
v -0.133057 1.829187 0.223050
v -0.149420 1.800250 0.189691
v -0.115980 1.747953 0.209876
v -0.025969 1.848107 0.409515
v -0.068706 1.844009 0.318018
v -0.103333 1.840334 0.267062
vn 0.8379 -0.1925 0.5108
vn 0.8313 -0.2670 0.4874
vn 0.7217 -0.3050 0.6214
vn 0.7566 -0.2686 0.5962
vn 0.5701 -0.3249 0.7546
vn 0.5536 -0.3196 0.7690
vn -0.0000 -0.9824 -0.1868
vn -0.0000 -0.9823 -0.1874
vn -0.0000 -0.9829 -0.1844
vn -0.0000 -0.9831 -0.1830
vn -0.0000 -0.9855 -0.1696
vn 0.7969 -0.2097 0.5665
vn 0.7649 -0.2512 0.5931
vn 0.8203 -0.2282 0.5244
vn 0.8024 -0.1829 0.5680
vn 0.8670 -0.2970 0.4001
vn 0.8448 -0.2767 0.4580
vn 0.8263 -0.2110 0.5223
vn 0.8144 -0.1467 0.5614
vn 0.8441 -0.1302 0.5201
vn 0.8939 -0.2291 0.3853
vn 0.3942 -0.2850 0.8737
vn 0.4643 -0.2996 0.8335
vn 0.4720 -0.3011 0.8286
vn 0.9197 -0.1890 0.3441
vn 0.9116 -0.2643 0.3149
vn -0.0000 -0.3601 -0.9329
vn -0.0000 -0.3720 -0.9282
vn -0.0000 -0.3828 -0.9238
vn -0.0000 0.8490 -0.5283
vn -0.0000 0.7554 -0.6553
vn -0.0000 0.9149 -0.4036
vn -0.0000 -0.3943 -0.9190
vn -0.0000 0.9980 -0.0626
vn -0.0000 0.9814 -0.1919
vn -0.0000 0.9919 -0.1268
vn -0.0000 0.9986 -0.0536
vn -0.0021 0.9995 -0.0315
vn -0.0060 1.0000 -0.0074
vn -0.0000 1.0000 0.0090
vn -0.0000 -0.9870 -0.1607
vn -0.8379 -0.1925 0.5108
vn -0.7566 -0.2686 0.5962
vn -0.7217 -0.3050 0.6214
vn -0.8313 -0.2670 0.4874
vn -0.5536 -0.3196 0.7690
vn -0.5701 -0.3249 0.7546
vn -0.7969 -0.2097 0.5665
vn -0.7649 -0.2512 0.5931
vn -0.8203 -0.2282 0.5244
vn -0.8024 -0.1829 0.5680
vn -0.8670 -0.2970 0.4001
vn -0.8144 -0.1467 0.5614
vn -0.8263 -0.2110 0.5223
vn -0.8448 -0.2767 0.4580
vn -0.8939 -0.2291 0.3853
vn -0.8441 -0.1302 0.5201
vn -0.3942 -0.2850 0.8737
vn -0.4720 -0.3011 0.8286
vn -0.4643 -0.2996 0.8335
vn -0.9116 -0.2643 0.3149
vn -0.9197 -0.1890 0.3441
vn 0.0021 0.9995 -0.0315
vn 0.0060 1.0000 -0.0074
vt 0.022353 0.859424
vt 0.006353 0.855478
vt 0.012358 0.825926
vt 0.027881 0.833138
vt 0.012364 0.807502
vt 0.032638 0.815312
vt 0.070142 0.850013
vt 0.058205 0.852394
vt 0.059162 0.846322
vt 0.066936 0.840108
vt 0.073788 0.874509
vt 0.045775 0.876848
vt 0.017956 0.882011
vt 0.006198 0.874566
vt 0.014849 0.891826
vt 0.009754 0.887274
vt 0.038695 0.888818
vt 0.027903 0.892946
vt 0.030647 0.882542
vt 0.037409 0.862270
vt 0.043772 0.841803
vt 0.051249 0.826463
vt 0.031401 0.897390
vt 0.013358 0.896019
vt 0.004991 0.887492
vt 0.043736 0.890803
vt 0.001084 0.872035
vt 0.001084 0.851666
vt 0.008274 0.821632
vt 0.007364 0.811300
s 1
usemtl Material.006
f 3696/3282/2150 3686/3283/2151 3681/3284/2152 3694/3285/2153
f 3694/3285/2153 3681/3284/2152 3679/3286/2154 3691/3287/2155
f 3684/3288/2156 3685/3289/2157 3680/3290/2158 3678/3291/2158
f 3688/3292/2159 3687/3293/2160 3685/3289/2157 3684/3288/2156
f 3698/3294/2161 3689/3295/2162 3686/3283/2151 3696/3282/2150
f 3692/3296/2163 3683/3297/2164 3689/3295/2162 3698/3294/2161
f 3682/3298/2165 3693/3299/2166 3699/3300/2167 3687/3293/2168
f 3693/3299/2166 3692/3296/2163 3698/3294/2161 3699/3300/2167
f 3687/3293/2168 3699/3300/2167 3697/3301/2169 3685/3289/2170
f 3699/3300/2167 3698/3294/2161 3696/3282/2150 3697/3301/2169
f 3680/3290/2171 3695/3302/2172 3690/3303/2173 3678/3291/2171
f 3695/3302/2172 3694/3285/2153 3691/3287/2155 3690/3303/2173
f 3685/3289/2170 3697/3301/2169 3695/3302/2174 3680/3290/2175
f 3697/3301/2169 3696/3282/2150 3694/3285/2153 3695/3302/2174
f 3692/3296/2176 3693/3299/2177 3703/3304/2178 3702/3305/2176
f 3683/3297/2179 3692/3296/2180 3702/3305/2180 3701/3306/2181
f 3693/3299/2177 3682/3298/2182 3700/3307/2182 3703/3304/2178
f 3686/3283/2183 3689/3295/2184 3706/3308/2185 3705/3309/2186
f 3681/3284/2187 3686/3283/2183 3705/3309/2186 3704/3310/2188
f 3701/3306/2181 3706/3308/2185 3689/3295/2184 3683/3297/2179
f 3679/3286/2189 3681/3284/2187 3704/3310/2188 3707/3311/2189
f 3682/3298/2190 3687/3293/2160 3688/3292/2159 3700/3307/2190
f 3720/3282/2191 3718/3285/2192 3709/3284/2193 3713/3283/2194
f 3718/3285/2192 3691/3287/2195 3679/3286/2196 3709/3284/2193
f 3684/3288/2156 3678/3291/2158 3708/3290/2158 3712/3289/2157
f 3688/3292/2159 3684/3288/2156 3712/3289/2157 3714/3293/2160
f 3722/3294/2197 3720/3282/2191 3713/3283/2194 3715/3295/2198
f 3716/3296/2199 3722/3294/2197 3715/3295/2198 3711/3297/2200
f 3710/3298/2201 3714/3293/2202 3723/3300/2203 3717/3299/2204
f 3717/3299/2204 3723/3300/2203 3722/3294/2197 3716/3296/2199
f 3714/3293/2202 3712/3289/2205 3721/3301/2206 3723/3300/2203
f 3723/3300/2203 3721/3301/2206 3720/3282/2191 3722/3294/2197
f 3708/3290/2207 3678/3291/2207 3690/3303/2208 3719/3302/2209
f 3719/3302/2209 3690/3303/2208 3691/3287/2195 3718/3285/2192
f 3712/3289/2205 3708/3290/2210 3719/3302/2211 3721/3301/2206
f 3721/3301/2206 3719/3302/2211 3718/3285/2192 3720/3282/2191
f 3716/3296/2176 3726/3305/2176 3727/3304/2178 3717/3299/2177
f 3711/3297/2179 3725/3306/2181 3726/3305/2180 3716/3296/2180
f 3717/3299/2177 3727/3304/2178 3724/3307/2182 3710/3298/2182
f 3713/3283/2183 3729/3309/2186 3730/3308/2185 3715/3295/2184
f 3709/3284/2212 3728/3310/2213 3729/3309/2186 3713/3283/2183
f 3725/3306/2181 3711/3297/2179 3715/3295/2184 3730/3308/2185
f 3679/3286/2189 3707/3311/2189 3728/3310/2213 3709/3284/2212
f 3710/3298/2190 3724/3307/2190 3688/3292/2159 3714/3293/2160
o Cube.066
v 0.051790 1.848846 0.344635
v 0.051384 1.862893 0.344838
v 0.147467 1.837432 0.209609
v 0.147874 1.892656 0.164164
v 0.049018 1.855870 0.347970
v 0.158836 1.863480 0.179674
v 0.086015 1.843490 0.303123
v 0.114779 1.840524 0.260235
v 0.114914 1.880511 0.246725
v 0.085958 1.871145 0.303703
v 0.131555 1.861881 0.252660
v 0.099044 1.857174 0.306095
v 0.014634 1.848846 0.344635
v 0.014228 1.862893 0.344838
v 0.110311 1.837432 0.209609
v 0.110717 1.892656 0.164164
v 0.011861 1.855870 0.347970
v 0.121680 1.863480 0.179674
v 0.048859 1.843490 0.303123
v 0.077622 1.840524 0.260235
v 0.077758 1.880511 0.246725
v 0.048802 1.871145 0.303703
v -0.051791 1.848846 0.344635
v -0.051385 1.862893 0.344838
v -0.147468 1.837432 0.209609
v -0.147874 1.892656 0.164164
v -0.049018 1.855870 0.347970
v -0.158837 1.863480 0.179674
v -0.086016 1.843490 0.303123
v -0.114779 1.840524 0.260235
v -0.114915 1.880511 0.246725
v -0.085959 1.871145 0.303703
v -0.131555 1.861881 0.252660
v -0.099045 1.857174 0.306095
v -0.014634 1.848846 0.344635
v -0.014228 1.862893 0.344838
v -0.110311 1.837432 0.209609
v -0.110718 1.892656 0.164164
v -0.011861 1.855870 0.347970
v -0.121680 1.863480 0.179674
v -0.048859 1.843490 0.303123
v -0.077623 1.840524 0.260235
v -0.077758 1.880511 0.246725
v -0.048802 1.871145 0.303703
vn 0.2701 -0.7788 0.5661
vn 0.2604 0.7504 0.6075
vn 0.5965 -0.8018 -0.0360
vn 0.5029 0.5668 -0.6525
vn 0.2529 -0.0148 0.9674
vn 0.8612 -0.2509 -0.4420
vn 0.3754 -0.8513 0.3666
vn 0.4545 -0.8398 0.2969
vn 0.3799 0.8770 0.2943
vn 0.3509 0.8406 0.4126
vn 0.8634 0.1909 0.4669
vn 0.7775 0.0316 0.6281
vn -0.0000 -0.6780 0.7350
vn -0.0000 0.6539 0.7565
vn -0.0000 -0.9745 -0.2245
vn -0.0000 0.8526 -0.5225
vn -0.0000 -0.0038 1.0000
vn -0.0000 -0.6207 -0.7841
vn -0.0000 -0.9939 0.1101
vn -0.0000 -0.9978 0.0665
vn -0.0000 0.9878 0.1560
vn -0.0000 0.9827 0.1854
vn -0.2701 -0.7788 0.5661
vn -0.2604 0.7504 0.6075
vn -0.5965 -0.8018 -0.0360
vn -0.5029 0.5668 -0.6525
vn -0.2529 -0.0148 0.9674
vn -0.8612 -0.2509 -0.4420
vn -0.3754 -0.8513 0.3666
vn -0.4545 -0.8398 0.2969
vn -0.3799 0.8770 0.2943
vn -0.3509 0.8406 0.4126
vn -0.8634 0.1909 0.4669
vn -0.7775 0.0316 0.6281
vt 0.936351 0.029299
vt 0.930770 0.028088
vt 0.932090 0.013297
vt 0.933916 0.012136
vt 0.941403 0.026585
vt 0.936031 0.012784
vt 0.943045 0.057375
vt 0.938393 0.061814
vt 0.937265 0.047017
vt 0.944405 0.042313
vt 0.934471 0.064203
vt 0.929981 0.047337
vt 0.929718 0.002343
vt 0.932238 0.001084
vt 0.935070 0.001671
vt 0.948304 0.015577
vt 0.954558 0.057307
vt 0.944701 0.073330
vt 0.954558 0.034209
vt 0.926127 0.072915
vt 0.918400 0.043335
vt 0.921111 0.019627
s 1
usemtl Material.006
f 3742/3312/2225 3740/3313/2223 3732/3314/2215 3735/3315/2218
f 3737/3316/2220 3742/3312/2225 3735/3315/2218 3731/3317/2214
f 3733/3318/2216 3736/3319/2219 3741/3320/2224 3738/3321/2221
f 3738/3321/2221 3741/3320/2224 3742/3312/2225 3737/3316/2220
f 3736/3319/2219 3734/3322/2217 3739/3323/2222 3741/3320/2224
f 3741/3320/2224 3739/3323/2222 3740/3313/2223 3742/3312/2225
f 3732/3314/2215 3744/3324/2227 3747/3325/2230 3735/3315/2218
f 3731/3317/2214 3743/3326/2226 3749/3327/2232 3737/3316/2220
f 3735/3315/2218 3747/3325/2230 3743/3326/2226 3731/3317/2214
f 3733/3318/2216 3745/3328/2228 3748/3329/2231 3736/3319/2219
f 3737/3316/2220 3749/3327/2232 3750/3330/2233 3738/3321/2221
f 3736/3319/2219 3748/3329/2231 3746/3331/2229 3734/3322/2217
f 3738/3321/2221 3750/3330/2233 3745/3328/2228 3733/3318/2216
f 3734/3322/2217 3746/3331/2229 3751/3332/2234 3739/3323/2222
f 3740/3313/2223 3752/3333/2235 3744/3324/2227 3732/3314/2215
f 3739/3323/2222 3751/3332/2234 3752/3333/2235 3740/3313/2223
f 3764/3312/2247 3757/3315/2240 3754/3314/2237 3762/3313/2245
f 3759/3316/2242 3753/3317/2236 3757/3315/2240 3764/3312/2247
f 3755/3318/2238 3760/3321/2243 3763/3320/2246 3758/3319/2241
f 3760/3321/2243 3759/3316/2242 3764/3312/2247 3763/3320/2246
f 3758/3319/2241 3763/3320/2246 3761/3323/2244 3756/3322/2239
f 3763/3320/2246 3764/3312/2247 3762/3313/2245 3761/3323/2244
f 3754/3314/2237 3757/3315/2240 3769/3325/2230 3766/3324/2227
f 3753/3317/2236 3759/3316/2242 3771/3327/2232 3765/3326/2226
f 3757/3315/2240 3753/3317/2236 3765/3326/2226 3769/3325/2230
f 3755/3318/2238 3758/3319/2241 3770/3329/2231 3767/3328/2228
f 3759/3316/2242 3760/3321/2243 3772/3330/2233 3771/3327/2232
f 3758/3319/2241 3756/3322/2239 3768/3331/2229 3770/3329/2231
f 3760/3321/2243 3755/3318/2238 3767/3328/2228 3772/3330/2233
f 3756/3322/2239 3761/3323/2244 3773/3332/2234 3768/3331/2229
f 3762/3313/2245 3754/3314/2237 3766/3324/2227 3774/3333/2235
f 3761/3323/2244 3762/3313/2245 3774/3333/2235 3773/3332/2234
o Cube.067
v 0.115462 1.711420 0.219295
v 0.157734 1.839848 0.204861
v 0.171301 1.806420 0.181161
v 0.135801 1.751970 0.201384
v 0.132443 1.732616 0.143784
v 0.212018 1.908467 0.091902
v 0.217013 1.882820 0.079829
v 0.169320 1.807080 0.100822
v 0.149531 1.775011 0.157559
v 0.158198 1.792103 0.127321
v 0.212017 1.863234 0.106537
v 0.186824 1.825952 0.157376
v 0.174316 1.890493 0.121353
v 0.164308 1.847731 0.171414
v 0.126030 1.720282 0.185944
v 0.129965 1.726856 0.163474
v 0.180271 1.817707 0.167417
v 0.160260 1.846879 0.196010
v 0.144220 1.765773 0.174841
v 0.122291 1.716729 0.199026
v 0.090042 1.711420 0.219295
v 0.132314 1.839848 0.204861
v 0.145881 1.806420 0.181161
v 0.110381 1.751970 0.201384
v 0.107023 1.732616 0.143784
v 0.186598 1.908467 0.091902
v 0.191593 1.882820 0.079829
v 0.143900 1.807080 0.100822
v 0.148896 1.890493 0.121353
v 0.138888 1.847731 0.171414
v 0.100610 1.720282 0.185944
v 0.104545 1.726856 0.163474
v 0.134840 1.846879 0.196010
v 0.096871 1.716729 0.199026
v -0.115462 1.711420 0.219295
v -0.157734 1.839848 0.204861
v -0.171301 1.806420 0.181161
v -0.135802 1.751970 0.201384
v -0.132443 1.732616 0.143784
v -0.212019 1.908467 0.091902
v -0.217013 1.882820 0.079829
v -0.169320 1.807080 0.100822
v -0.149531 1.775011 0.157559
v -0.158199 1.792103 0.127321
v -0.212017 1.863234 0.106537
v -0.186824 1.825952 0.157376
v -0.174316 1.890493 0.121353
v -0.164308 1.847731 0.171414
v -0.126030 1.720282 0.185944
v -0.129965 1.726856 0.163474
v -0.180272 1.817707 0.167417
v -0.160260 1.846879 0.196010
v -0.144220 1.765773 0.174841
v -0.122291 1.716729 0.199026
v -0.090042 1.711420 0.219295
v -0.132314 1.839848 0.204861
v -0.145882 1.806420 0.181161
v -0.110382 1.751970 0.201384
v -0.107023 1.732616 0.143784
v -0.186599 1.908467 0.091902
v -0.191594 1.882820 0.079829
v -0.143900 1.807080 0.100822
v -0.148896 1.890493 0.121353
v -0.138888 1.847731 0.171414
v -0.100610 1.720282 0.185944
v -0.104545 1.726856 0.163474
v -0.134840 1.846879 0.196010
v -0.096872 1.716729 0.199026
vn 0.7948 -0.5932 -0.1284
vn 0.8712 -0.4909 0.0046
vn 0.8241 -0.5573 -0.1009
vn 0.7948 -0.5899 -0.1424
vn 0.6807 0.3694 0.6327
vn 0.6871 0.3328 0.6458
vn 0.7002 0.2198 0.6793
vn 0.9265 -0.3702 0.0681
vn 0.9229 -0.3704 0.1054
vn 0.8862 -0.4578 0.0715
vn 0.9226 -0.3567 0.1471
vn 0.9307 -0.3474 0.1145
vn 0.8765 -0.4810 0.0171
vn 0.8739 0.1705 0.4553
vn 0.8678 0.2624 0.4220
vn 0.7467 0.4386 0.5000
vn 0.7721 0.4302 0.4678
vn 0.8172 -0.5762 -0.0123
vn 0.7984 -0.5991 -0.0605
vn 0.8312 -0.5558 0.0126
vn 0.9048 -0.4084 0.1209
vn 0.8701 0.0578 0.4895
vn 0.9195 -0.3627 0.1515
vn -0.0000 0.4259 -0.9048
vn -0.0000 -0.9660 -0.2586
vn -0.0000 -0.9674 -0.2534
vn -0.0000 -0.9664 -0.2570
vn -0.0000 -0.2671 -0.9637
vn -0.0000 -0.3523 -0.9359
vn -0.0000 -0.4233 -0.9060
vn -0.0000 0.8214 0.5704
vn -0.0000 0.8536 0.5210
vn -0.0000 0.7905 0.6124
vn -0.0000 0.4041 0.9147
vn -0.0000 0.3679 0.9299
vn -0.0000 0.3853 0.9228
vn -0.0000 0.7604 0.6495
vn -0.0000 0.7830 0.6220
vn -0.0000 -0.5784 0.8158
vn -0.0000 -0.9621 -0.2728
vn -0.0000 -0.9628 -0.2702
vn -0.0000 -0.9598 -0.2808
vn -0.0000 0.3482 0.9374
vn -0.0000 0.9994 0.0346
vn -0.0000 -0.4997 -0.8662
vn -0.7948 -0.5932 -0.1284
vn -0.7948 -0.5899 -0.1424
vn -0.8241 -0.5573 -0.1009
vn -0.8712 -0.4909 0.0046
vn -0.6807 0.3694 0.6327
vn -0.7002 0.2198 0.6793
vn -0.6871 0.3328 0.6458
vn -0.9229 -0.3704 0.1054
vn -0.9265 -0.3702 0.0681
vn -0.8862 -0.4578 0.0715
vn -0.8765 -0.4810 0.0171
vn -0.9307 -0.3474 0.1145
vn -0.9226 -0.3567 0.1471
vn -0.8739 0.1705 0.4553
vn -0.7721 0.4302 0.4678
vn -0.7467 0.4386 0.5000
vn -0.8678 0.2624 0.4220
vn -0.8172 -0.5762 -0.0123
vn -0.7984 -0.5991 -0.0605
vn -0.8312 -0.5558 0.0126
vn -0.9048 -0.4084 0.1209
vn -0.8701 0.0578 0.4895
vn -0.9195 -0.3627 0.1515
vt 0.958495 0.391625
vt 0.956264 0.371696
vt 0.962402 0.376847
vt 0.962356 0.394186
vt 0.952745 0.399726
vt 0.961239 0.396590
vt 0.949581 0.352816
vt 0.954273 0.355371
vt 0.945025 0.362708
vt 0.941269 0.348619
vt 0.944256 0.350097
vt 0.949170 0.366082
vt 0.936244 0.384183
vt 0.945402 0.379854
vt 0.947760 0.382395
vt 0.940737 0.387438
vt 0.941992 0.375842
vt 0.938675 0.357277
vt 0.934935 0.382352
vt 0.937660 0.347134
vt 0.967723 0.395762
vt 0.961589 0.401220
vt 0.934497 0.342343
vt 0.941350 0.342001
vt 0.967723 0.372678
vt 0.948691 0.404747
vt 0.931982 0.354348
vt 0.935030 0.391725
vt 0.930586 0.386124
vt 0.929222 0.382957
vt 0.935250 0.373114
vt 0.945303 0.343271
vt 0.952073 0.345964
vt 0.957806 0.349179
s 1
usemtl Material.006
f 3785/3334/2248 3784/3335/2249 3782/3336/2250 3781/3337/2251
f 3787/3338/2252 3785/3334/2253 3781/3337/2254 3780/3339/2254
f 3784/3335/2249 3790/3340/2255 3779/3341/2256 3782/3336/2250
f 3793/3342/2257 3794/3343/2258 3789/3344/2259 3783/3345/2260
f 3783/3345/2260 3789/3344/2259 3790/3340/2255 3784/3335/2249
f 3792/3346/2261 3791/3347/2262 3786/3348/2263 3788/3349/2264
f 3788/3349/2264 3786/3348/2263 3785/3334/2253 3787/3338/2252
f 3791/3347/2265 3793/3342/2257 3783/3345/2260 3786/3348/2266
f 3786/3348/2266 3783/3345/2260 3784/3335/2249 3785/3334/2248
f 3777/3350/2267 3778/3351/2268 3793/3342/2257 3791/3347/2265
f 3776/3352/2269 3777/3350/2269 3791/3347/2262 3792/3346/2261
f 3778/3351/2268 3775/3353/2270 3794/3343/2258 3793/3342/2257
f 3780/3339/2271 3781/3337/2271 3801/3354/2271 3800/3355/2271
f 3794/3343/2272 3775/3353/2273 3795/3356/2273 3808/3357/2274
f 3781/3337/2275 3782/3336/2276 3802/3358/2277 3801/3354/2275
f 3787/3338/2278 3780/3339/2279 3800/3355/2279 3803/3359/2280
f 3775/3353/2281 3778/3351/2282 3798/3360/2283 3795/3356/2281
f 3788/3349/2284 3787/3338/2278 3803/3359/2280 3804/3361/2284
f 3776/3352/2285 3792/3346/2285 3807/3362/2285 3796/3363/2285
f 3777/3350/2286 3776/3352/2286 3796/3363/2286 3797/3364/2286
f 3789/3344/2287 3794/3343/2272 3808/3357/2274 3805/3365/2288
f 3779/3341/2289 3790/3340/2289 3806/3366/2289 3799/3367/2289
f 3778/3351/2282 3777/3350/2290 3797/3364/2290 3798/3360/2283
f 3790/3340/2289 3789/3344/2287 3805/3365/2288 3806/3366/2289
f 3792/3346/2291 3788/3349/2291 3804/3361/2291 3807/3362/2291
f 3782/3336/2276 3779/3341/2292 3799/3367/2292 3802/3358/2277
f 3819/3334/2293 3815/3337/2294 3816/3336/2295 3818/3335/2296
f 3821/3338/2297 3814/3339/2298 3815/3337/2298 3819/3334/2299
f 3818/3335/2296 3816/3336/2295 3813/3341/2300 3824/3340/2301
f 3827/3342/2302 3817/3345/2303 3823/3344/2304 3828/3343/2305
f 3817/3345/2303 3818/3335/2296 3824/3340/2301 3823/3344/2304
f 3826/3346/2306 3822/3349/2307 3820/3348/2308 3825/3347/2309
f 3822/3349/2307 3821/3338/2297 3819/3334/2299 3820/3348/2308
f 3825/3347/2310 3820/3348/2311 3817/3345/2303 3827/3342/2302
f 3820/3348/2311 3819/3334/2293 3818/3335/2296 3817/3345/2303
f 3811/3350/2312 3825/3347/2310 3827/3342/2302 3812/3351/2313
f 3810/3352/2314 3826/3346/2306 3825/3347/2309 3811/3350/2314
f 3812/3351/2313 3827/3342/2302 3828/3343/2305 3809/3353/2315
f 3814/3339/2271 3834/3355/2271 3835/3354/2271 3815/3337/2271
f 3828/3343/2272 3842/3357/2274 3829/3356/2273 3809/3353/2273
f 3815/3337/2275 3835/3354/2275 3836/3358/2277 3816/3336/2276
f 3821/3338/2278 3837/3359/2280 3834/3355/2279 3814/3339/2279
f 3809/3353/2281 3829/3356/2281 3832/3360/2283 3812/3351/2282
f 3822/3349/2284 3838/3361/2284 3837/3359/2280 3821/3338/2278
f 3810/3352/2285 3830/3363/2285 3841/3362/2285 3826/3346/2285
f 3811/3350/2286 3831/3364/2286 3830/3363/2286 3810/3352/2286
f 3823/3344/2287 3839/3365/2288 3842/3357/2274 3828/3343/2272
f 3813/3341/2289 3833/3367/2289 3840/3366/2289 3824/3340/2289
f 3812/3351/2282 3832/3360/2283 3831/3364/2290 3811/3350/2290
f 3824/3340/2289 3840/3366/2289 3839/3365/2288 3823/3344/2287
f 3826/3346/2291 3841/3362/2291 3838/3361/2291 3822/3349/2291
f 3816/3336/2276 3836/3358/2277 3833/3367/2292 3813/3341/2292
o Cube.068
v -0.000000 1.915146 0.446465
v -0.000000 1.665332 0.354292
v -0.000000 1.764837 0.000783
v -0.000000 1.963328 0.056296
v 0.020265 1.665332 0.354292
v 0.028233 1.916658 0.434228
v 0.123909 1.764837 0.000783
v 0.230403 1.963328 0.056296
v -0.000000 1.951283 0.153838
v -0.000000 1.939237 0.251381
v -0.000000 1.927192 0.348923
v -0.000000 1.690208 0.265915
v -0.000000 1.715085 0.177538
v -0.000000 1.739961 0.089160
v 0.083196 1.690208 0.265915
v 0.109205 1.715085 0.177538
v 0.126312 1.739961 0.089160
v 0.188814 1.951283 0.153838
v 0.145081 1.939237 0.251381
v 0.081704 1.927192 0.348923
v -0.000000 1.864082 0.028540
v 0.177156 1.864082 0.028540
v 0.020414 1.790239 0.388687
v -0.000000 1.790239 0.400378
v 0.157563 1.845622 0.121499
v 0.104484 1.827161 0.214459
v 0.066840 1.808700 0.307419
v -0.000000 1.845622 0.121499
v -0.000000 1.827161 0.214459
v -0.000000 1.808700 0.307419
v 0.156623 1.898452 0.137669
v 0.108217 1.883199 0.232920
v 0.057706 1.867946 0.328171
v -0.000000 1.913705 0.042418
v 0.203780 1.913705 0.042418
v 0.020489 1.852693 0.411730
v -0.000000 1.852693 0.423422
v -0.000000 1.898452 0.137669
v -0.000000 1.883199 0.232920
v -0.000000 1.867946 0.328171
v -0.020266 1.665332 0.354292
v -0.028233 1.916658 0.434228
v -0.123909 1.764837 0.000783
v -0.230404 1.963328 0.056296
v -0.083196 1.690208 0.265915
v -0.109205 1.715085 0.177538
v -0.126313 1.739961 0.089160
v -0.188815 1.951283 0.153838
v -0.145081 1.939237 0.251381
v -0.081704 1.927192 0.348923
v -0.177156 1.864082 0.028540
v -0.020415 1.790239 0.388687
v -0.157564 1.845622 0.121499
v -0.104484 1.827161 0.214459
v -0.066840 1.808700 0.307419
v -0.156624 1.898452 0.137669
v -0.108217 1.883199 0.232920
v -0.057707 1.867946 0.328171
v -0.203780 1.913705 0.042418
v -0.020489 1.852693 0.411730
vn 0.3603 -0.3021 0.8825
vn 0.3822 -0.3031 0.8730
vn 0.2638 -0.2959 0.9181
vn -1.0000 -0.0000 -0.0000
vn 0.8686 -0.2734 0.4133
vn 0.8059 -0.4468 0.3884
vn 0.8444 -0.3576 0.3989
vn 0.8761 -0.2372 0.4198
vn -0.0000 -0.9626 -0.2709
vn -0.0000 0.9925 0.1226
vn -0.0000 0.2693 -0.9630
vn 0.8552 -0.4352 0.2814
vn 0.7916 -0.5389 0.2881
vn 0.7795 -0.5570 0.2864
vn 0.8532 -0.4025 0.3317
vn 0.7648 -0.5552 0.3269
vn 0.8522 -0.3492 0.3896
vn 0.9402 -0.1214 0.3183
vn 0.9193 -0.1216 0.3743
vn 0.8999 -0.0818 0.4283
vn 0.9060 -0.0626 0.4187
vn 0.9411 -0.3006 0.1551
vn 0.9271 -0.2723 0.2576
vn 0.9248 -0.3804 -0.0032
vn 0.9280 -0.3469 0.1363
vn 0.8738 -0.0976 0.4764
vn 0.8479 -0.1056 0.5196
vn 0.4504 -0.3168 0.8347
vn 0.4460 -0.3190 0.8362
vn 0.4244 -0.3298 0.8433
vn -0.3603 -0.3021 0.8825
vn -0.2638 -0.2959 0.9181
vn -0.3822 -0.3031 0.8730
vn -0.8686 -0.2734 0.4133
vn -0.8761 -0.2372 0.4198
vn -0.8444 -0.3576 0.3989
vn -0.8059 -0.4468 0.3884
vn -0.8552 -0.4352 0.2814
vn -0.8532 -0.4025 0.3317
vn -0.7795 -0.5570 0.2864
vn -0.7916 -0.5389 0.2881
vn -0.8522 -0.3492 0.3896
vn -0.7648 -0.5552 0.3269
vn -0.9402 -0.1214 0.3183
vn -0.9060 -0.0626 0.4187
vn -0.8999 -0.0818 0.4283
vn -0.9193 -0.1216 0.3743
vn -0.9411 -0.3006 0.1551
vn -0.9271 -0.2723 0.2576
vn -0.9248 -0.3804 -0.0032
vn -0.9280 -0.3469 0.1363
vn -0.8479 -0.1056 0.5196
vn -0.8738 -0.0976 0.4764
vn -0.4504 -0.3168 0.8347
vn -0.4460 -0.3190 0.8362
vn -0.4244 -0.3298 0.8433
vt 0.305670 0.533278
vt 0.306443 0.528824
vt 0.322323 0.535337
vt 0.322099 0.537337
vt 0.311275 0.503284
vt 0.291814 0.522150
vt 0.273294 0.513753
vt 0.296846 0.489309
vt 0.291425 0.553600
vt 0.270298 0.558124
vt 0.270298 0.523426
vt 0.290502 0.528447
vt 0.360407 0.572747
vt 0.371622 0.539269
vt 0.399977 0.544433
vt 0.387000 0.585237
vt 0.991183 0.816361
vt 0.968834 0.816361
vt 0.968834 0.789477
vt 0.976556 0.792849
vt 0.200558 0.367145
vt 0.200558 0.422887
vt 0.186463 0.422887
vt 0.186463 0.359862
vt 0.935060 0.191201
vt 0.935060 0.128176
vt 0.961944 0.128176
vt 0.961944 0.179824
vt 0.980891 0.246752
vt 0.980891 0.298400
vt 0.954006 0.298400
vt 0.954006 0.258715
vt 0.991654 0.454907
vt 0.991654 0.494593
vt 0.964770 0.494593
vt 0.964770 0.472243
vt 0.331781 0.535128
vt 0.329158 0.546981
vt 0.348404 0.536127
vt 0.341819 0.558952
vt 0.350654 0.635904
vt 0.337321 0.651830
vt 0.309457 0.625674
vt 0.324328 0.609528
vt 0.285011 0.596351
vt 0.303268 0.582527
vt 0.402611 0.488892
vt 0.368615 0.488277
vt 0.364447 0.469221
vt 0.400581 0.470095
vt 0.337627 0.492228
vt 0.328843 0.474332
vt 0.321888 0.515199
vt 0.343819 0.508097
vt 0.371402 0.506094
vt 0.403558 0.507636
vt 0.318364 0.575063
vt 0.306950 0.553110
vt 0.338778 0.599022
vt 0.364062 0.619991
vt 0.681891 0.417155
vt 0.681891 0.451049
vt 0.653702 0.451049
vt 0.653702 0.402590
vt 0.200558 0.432337
vt 0.200558 0.480796
vt 0.186463 0.480796
vt 0.186463 0.425054
s 1
usemtl Material.006
f 3865/3368/2316 3866/3369/2317 3844/3370/2318 3847/3371/2318
f 3882/3372/2319 3879/3373/2319 3843/3374/2319 3853/3375/2319
f 3875/3376/2320 3862/3377/2321 3848/3378/2322 3878/3379/2323
f 3859/3380/2324 3856/3381/2324 3845/3382/2324 3849/3383/2324
f 3862/3384/2325 3853/3385/2325 3843/3386/2325 3848/3387/2325
f 3877/3388/2326 3876/3389/2326 3846/3390/2326 3850/3391/2326
f 3850/3392/2325 3846/3393/2325 3851/3394/2325 3860/3395/2325
f 3860/3396/2325 3851/3397/2325 3852/3398/2325 3861/3399/2325
f 3861/3400/2325 3852/3401/2325 3853/3402/2325 3862/3403/2325
f 3847/3371/2324 3844/3370/2324 3854/3404/2324 3857/3405/2324
f 3857/3405/2324 3854/3404/2324 3855/3406/2324 3858/3407/2324
f 3858/3407/2324 3855/3406/2324 3856/3381/2324 3859/3380/2324
f 3877/3408/2327 3850/3409/2328 3860/3410/2329 3873/3411/2330
f 3873/3411/2330 3860/3410/2329 3861/3412/2331 3874/3413/2332
f 3874/3413/2332 3861/3412/2331 3862/3377/2321 3875/3376/2320
f 3876/3414/2319 3880/3415/2319 3851/3416/2319 3846/3417/2319
f 3880/3415/2319 3881/3418/2319 3852/3419/2319 3851/3416/2319
f 3881/3418/2319 3882/3372/2319 3853/3375/2319 3852/3419/2319
f 3855/3406/2319 3854/3404/2319 3872/3420/2319 3871/3421/2319
f 3856/3381/2319 3855/3406/2319 3871/3421/2319 3870/3422/2319
f 3845/3382/2319 3856/3381/2319 3870/3422/2319 3863/3423/2319
f 3858/3407/2333 3868/3424/2334 3869/3425/2335 3857/3405/2336
f 3859/3380/2337 3867/3426/2338 3868/3424/2334 3858/3407/2333
f 3849/3383/2339 3864/3427/2340 3867/3426/2338 3859/3380/2337
f 3849/3428/2326 3845/3429/2326 3863/3430/2326 3864/3431/2326
f 3857/3405/2336 3869/3425/2335 3865/3368/2341 3847/3371/2342
f 3854/3404/2319 3844/3370/2319 3866/3369/2319 3872/3420/2319
f 3878/3379/2343 3879/3373/2344 3866/3369/2317 3865/3368/2316
f 3848/3378/2345 3843/3374/2345 3879/3373/2344 3878/3379/2343
f 3871/3421/2319 3872/3420/2319 3882/3372/2319 3881/3418/2319
f 3870/3422/2319 3871/3421/2319 3881/3418/2319 3880/3415/2319
f 3863/3423/2319 3870/3422/2319 3880/3415/2319 3876/3414/2319
f 3868/3424/2334 3874/3413/2332 3875/3376/2320 3869/3425/2335
f 3867/3426/2338 3873/3411/2330 3874/3413/2332 3868/3424/2334
f 3864/3427/2340 3877/3408/2327 3873/3411/2330 3867/3426/2338
f 3864/3432/2326 3863/3433/2326 3876/3434/2326 3877/3435/2326
f 3869/3425/2335 3875/3376/2320 3878/3379/2323 3865/3368/2341
f 3872/3420/2319 3866/3369/2319 3879/3373/2319 3882/3372/2319
f 3894/3368/2346 3883/3371/2347 3844/3370/2347 3866/3369/2348
f 3900/3376/2349 3902/3379/2350 3884/3378/2351 3892/3377/2352
f 3889/3380/2324 3885/3383/2324 3845/3382/2324 3856/3381/2324
f 3892/3384/2325 3884/3387/2325 3843/3386/2325 3853/3385/2325
f 3901/3388/2326 3886/3391/2326 3846/3390/2326 3876/3389/2326
f 3886/3392/2325 3890/3395/2325 3851/3394/2325 3846/3393/2325
f 3890/3396/2325 3891/3399/2325 3852/3398/2325 3851/3397/2325
f 3891/3400/2325 3892/3403/2325 3853/3402/2325 3852/3401/2325
f 3883/3371/2324 3887/3405/2324 3854/3404/2324 3844/3370/2324
f 3887/3405/2324 3888/3407/2324 3855/3406/2324 3854/3404/2324
f 3888/3407/2324 3889/3380/2324 3856/3381/2324 3855/3406/2324
f 3901/3408/2353 3898/3411/2354 3890/3410/2355 3886/3409/2356
f 3898/3411/2354 3899/3413/2357 3891/3412/2358 3890/3410/2355
f 3899/3413/2357 3900/3376/2349 3892/3377/2352 3891/3412/2358
f 3888/3407/2359 3887/3405/2360 3897/3425/2361 3896/3424/2362
f 3889/3380/2363 3888/3407/2359 3896/3424/2362 3895/3426/2364
f 3885/3383/2365 3889/3380/2363 3895/3426/2364 3893/3427/2366
f 3885/3428/2326 3893/3431/2326 3863/3430/2326 3845/3429/2326
f 3887/3405/2360 3883/3371/2367 3894/3368/2368 3897/3425/2361
f 3902/3379/2369 3894/3368/2346 3866/3369/2348 3879/3373/2370
f 3884/3378/2371 3902/3379/2369 3879/3373/2370 3843/3374/2371
f 3896/3424/2362 3897/3425/2361 3900/3376/2349 3899/3413/2357
f 3895/3426/2364 3896/3424/2362 3899/3413/2357 3898/3411/2354
f 3893/3427/2366 3895/3426/2364 3898/3411/2354 3901/3408/2353
f 3893/3432/2326 3901/3435/2326 3876/3434/2326 3863/3433/2326
f 3897/3425/2361 3894/3368/2368 3902/3379/2350 3900/3376/2349
o Cube.069
v -0.000000 1.970447 -0.364748
v -0.000000 1.762516 -0.242498
v -0.000000 1.925056 0.050544
v -0.000000 1.714437 0.128726
v 0.148187 1.724054 0.123027
v 0.219581 1.911419 0.083533
v 0.089201 1.762516 -0.220239
v 0.135160 1.968829 -0.318422
v -0.000000 1.950145 -0.067762
v -0.000000 1.767496 -0.110784
v 0.176801 1.780367 -0.110784
v 0.229968 1.950145 -0.067762
v -0.000000 1.762229 -0.215946
v 0.139511 1.762229 -0.200602
v -0.000000 1.964411 -0.275163
v 0.198492 1.964411 -0.241560
v -0.000000 1.907410 -0.337654
v -0.000000 1.844372 -0.303494
v 0.140503 1.906305 -0.307176
v 0.125350 1.843781 -0.283077
v 0.218355 1.875183 0.072871
v 0.195443 1.827292 0.089785
v -0.000000 1.879498 0.065593
v -0.000000 1.833940 0.077260
v 0.201131 1.836960 -0.096443
v 0.222363 1.893552 -0.082102
v -0.000000 1.893552 -0.082102
v -0.000000 1.836960 -0.096443
v -0.000000 1.903289 -0.255424
v -0.000000 1.842168 -0.235685
v 0.171023 1.842168 -0.235685
v 0.194020 1.903289 -0.249067
v -0.000000 1.957278 -0.171462
v 0.222594 1.957278 -0.171462
v -0.000000 1.761889 -0.163365
v 0.159778 1.762949 -0.163365
v -0.000000 1.839564 -0.166064
v -0.000000 1.898421 -0.168763
v 0.183686 1.839564 -0.166064
v 0.216389 1.898421 -0.168763
v 0.129908 1.708188 0.128694
v 0.044600 1.762516 -0.231418
v 0.190778 1.911419 0.088600
v 0.055979 1.970447 -0.356181
v 0.196875 1.950145 -0.067762
v 0.088400 1.767496 -0.110784
v 0.155767 1.964411 -0.275163
v 0.073703 1.762229 -0.215946
v 0.051660 1.844372 -0.294927
v 0.055979 1.907410 -0.329088
v 0.192005 1.875183 0.078544
v 0.167318 1.827292 0.091806
v 0.083419 1.761889 -0.163365
v 0.203358 1.957278 -0.171462
v -0.000000 1.812853 -0.286414
v 0.115079 1.812519 -0.267930
v 0.171815 1.775673 0.106385
v -0.000000 1.757048 0.120917
v -0.000000 1.808664 -0.103614
v -0.000000 1.811607 -0.225816
v 0.188966 1.808664 -0.103614
v 0.158732 1.811607 -0.225816
v 0.182441 1.810135 -0.164715
v -0.000000 1.810136 -0.164715
v 0.048130 1.812853 -0.277847
v 0.142135 1.750670 0.127487
v -0.148187 1.724054 0.123027
v -0.219582 1.911419 0.083533
v -0.089202 1.762516 -0.220239
v -0.135161 1.968829 -0.318422
v -0.176801 1.780367 -0.110784
v -0.229968 1.950145 -0.067762
v -0.139512 1.762229 -0.200602
v -0.198492 1.964411 -0.241560
v -0.140504 1.906305 -0.307176
v -0.125351 1.843781 -0.283077
v -0.218355 1.875183 0.072871
v -0.195443 1.827292 0.089785
v -0.201132 1.836960 -0.096443
v -0.222364 1.893552 -0.082102
v -0.171024 1.842168 -0.235685
v -0.194021 1.903289 -0.249067
v -0.222594 1.957278 -0.171462
v -0.159779 1.762949 -0.163365
v -0.183687 1.839564 -0.166064
v -0.216389 1.898421 -0.168763
v -0.129908 1.708188 0.128694
v -0.044601 1.762516 -0.231418
v -0.190779 1.911419 0.088600
v -0.055980 1.970447 -0.356181
v -0.196875 1.950145 -0.067762
v -0.088401 1.767496 -0.110784
v -0.155767 1.964411 -0.275163
v -0.073704 1.762229 -0.215946
v -0.051661 1.844372 -0.294927
v -0.055980 1.907410 -0.329088
v -0.192006 1.875183 0.078544
v -0.167319 1.827292 0.091806
v -0.083420 1.761889 -0.163365
v -0.203358 1.957278 -0.171462
v -0.115079 1.812519 -0.267930
v -0.171815 1.775673 0.106385
v -0.188966 1.808664 -0.103614
v -0.158733 1.811607 -0.225816
v -0.182441 1.810135 -0.164715
v -0.048131 1.812853 -0.277847
v -0.142135 1.750670 0.127487
vn 0.2183 0.1844 0.9583
vn -0.0308 0.2977 0.9542
vn -0.0189 0.1080 0.9940
vn -1.0000 -0.0000 -0.0000
vn 0.9665 -0.2513 -0.0512
vn 0.9941 -0.1063 -0.0213
vn 0.9944 -0.1021 0.0277
vn 0.9660 -0.2585 0.0099
vn 0.2010 -0.3917 -0.8979
vn 0.1389 -0.4320 -0.8911
vn 0.1392 -0.3910 -0.9098
vn 0.2266 -0.3346 -0.9147
vn 0.0054 -0.9998 -0.0190
vn 0.0007 -0.9999 -0.0105
vn 0.0014 -0.9999 -0.0146
vn 0.0019 -0.9999 -0.0163
vn 0.0081 0.9882 0.1529
vn 0.0060 0.9890 0.1481
vn 0.0120 0.9739 0.2265
vn 0.0160 0.9717 0.2357
vn -0.0181 0.9966 0.0802
vn -0.0000 0.9976 0.0686
vn 0.1039 -0.9668 -0.2333
vn -0.0279 -0.9737 -0.2260
vn -0.0142 -0.9980 -0.0608
vn 0.0708 -0.9967 -0.0399
vn 0.9473 -0.2581 -0.1895
vn 0.9762 -0.0910 -0.1969
vn 0.7273 -0.1874 -0.6602
vn 0.7556 -0.0145 -0.6549
vn 0.8764 -0.0458 -0.4795
vn 0.8432 -0.2317 -0.4851
vn -0.0080 0.9970 0.0773
vn -0.0029 0.9974 0.0723
vn -0.0015 0.9975 0.0705
vn -0.0363 0.9940 0.1030
vn 0.0215 -0.9971 0.0737
vn -0.0000 -0.9988 0.0499
vn 0.3356 -0.5824 -0.7404
vn 0.6399 -0.4348 -0.6336
vn 0.7889 -0.4115 -0.4563
vn 0.5162 -0.5717 -0.6377
vn 0.9134 -0.3317 -0.2359
vn 0.9209 -0.3284 -0.2099
vn 0.9278 -0.3639 -0.0824
vn 0.9330 -0.3519 -0.0757
vn 0.1430 -0.5834 -0.7995
vn 0.1527 -0.5680 -0.8088
vn 0.1432 -0.4765 -0.8674
vn 0.1506 -0.4664 -0.8717
vn 0.9162 -0.4007 0.0031
vn 0.9131 -0.4077 0.0109
vn 0.0217 -0.1019 0.9946
vn -0.1292 0.0585 0.9899
vn -0.0986 0.1642 0.9815
vn 0.0506 0.0717 0.9961
vn -0.0538 0.3664 0.9289
vn 0.0697 0.3148 0.9466
vn 0.8860 -0.3438 -0.3111
vn -0.0575 0.9926 0.1071
vn -0.0245 0.9961 0.0843
vn 0.1721 -0.9844 -0.0364
vn 0.0555 -0.9904 0.1264
vn 0.1696 -0.0632 0.9835
vn 0.1767 0.2533 0.9511
vn 0.1840 -0.2702 0.9451
vn 0.1605 -0.4542 -0.8763
vn 0.2559 -0.3531 -0.8999
vn 0.0073 -1.0000 -0.0004
vn -0.0638 0.9893 0.1314
vn 0.2410 -0.9413 -0.2365
vn 0.0101 0.9874 0.1576
vn 0.0201 0.9693 0.2451
vn 0.0086 -0.9993 -0.0358
vn 0.3265 -0.2633 -0.9078
vn 0.2888 0.2401 0.9268
vn 0.5061 -0.0294 0.8620
vn 0.2615 -0.6849 -0.6801
vn 0.1423 -0.6821 -0.7173
vn 0.8124 -0.4533 -0.3668
vn 0.8561 -0.4383 -0.2741
vn 0.9101 -0.4083 -0.0703
vn 0.9131 -0.4075 0.0122
vn 0.1552 -0.6628 -0.7325
vn 0.4100 -0.6531 -0.6366
vn -0.2183 0.1844 0.9583
vn 0.0189 0.1080 0.9940
vn 0.0308 0.2977 0.9542
vn -0.9665 -0.2513 -0.0512
vn -0.9660 -0.2585 0.0099
vn -0.9944 -0.1021 0.0277
vn -0.9941 -0.1063 -0.0213
vn -0.2010 -0.3917 -0.8979
vn -0.2266 -0.3346 -0.9147
vn -0.1392 -0.3910 -0.9098
vn -0.1389 -0.4320 -0.8911
vn -0.0054 -0.9998 -0.0190
vn -0.0019 -0.9999 -0.0163
vn -0.0014 -0.9999 -0.0146
vn -0.0007 -0.9999 -0.0105
vn -0.0081 0.9882 0.1529
vn -0.0160 0.9717 0.2357
vn -0.0120 0.9739 0.2265
vn -0.0060 0.9890 0.1481
vn 0.0181 0.9966 0.0802
vn -0.1039 -0.9668 -0.2333
vn -0.0708 -0.9967 -0.0399
vn 0.0142 -0.9980 -0.0608
vn 0.0279 -0.9737 -0.2260
vn -0.9473 -0.2581 -0.1895
vn -0.9762 -0.0910 -0.1969
vn -0.7273 -0.1874 -0.6602
vn -0.8432 -0.2317 -0.4851
vn -0.8764 -0.0458 -0.4795
vn -0.7556 -0.0145 -0.6549
vn 0.0080 0.9970 0.0773
vn 0.0363 0.9940 0.1030
vn 0.0015 0.9975 0.0705
vn 0.0029 0.9974 0.0723
vn -0.0215 -0.9971 0.0737
vn -0.3356 -0.5824 -0.7404
vn -0.5162 -0.5717 -0.6377
vn -0.7889 -0.4115 -0.4563
vn -0.6399 -0.4348 -0.6336
vn -0.9134 -0.3317 -0.2359
vn -0.9330 -0.3519 -0.0757
vn -0.9278 -0.3639 -0.0824
vn -0.9209 -0.3284 -0.2099
vn -0.1430 -0.5834 -0.7995
vn -0.1506 -0.4664 -0.8717
vn -0.1432 -0.4765 -0.8674
vn -0.1527 -0.5680 -0.8088
vn -0.9131 -0.4077 0.0109
vn -0.9162 -0.4007 0.0031
vn -0.0217 -0.1019 0.9946
vn -0.0506 0.0717 0.9961
vn 0.0986 0.1642 0.9815
vn 0.1292 0.0585 0.9899
vn -0.0697 0.3148 0.9466
vn 0.0538 0.3664 0.9289
vn -0.8860 -0.3438 -0.3111
vn 0.0575 0.9926 0.1071
vn 0.0245 0.9961 0.0843
vn -0.1721 -0.9844 -0.0364
vn -0.0555 -0.9904 0.1264
vn -0.1696 -0.0632 0.9835
vn -0.1767 0.2533 0.9511
vn -0.1840 -0.2702 0.9451
vn -0.1605 -0.4542 -0.8763
vn -0.2559 -0.3531 -0.8999
vn -0.0073 -1.0000 -0.0004
vn 0.0638 0.9893 0.1314
vn -0.2410 -0.9413 -0.2365
vn -0.0101 0.9874 0.1576
vn -0.0201 0.9693 0.2451
vn -0.0086 -0.9993 -0.0358
vn -0.3265 -0.2633 -0.9078
vn -0.2888 0.2401 0.9268
vn -0.5061 -0.0294 0.8620
vn -0.2615 -0.6849 -0.6801
vn -0.1423 -0.6821 -0.7173
vn -0.8124 -0.4533 -0.3668
vn -0.8561 -0.4383 -0.2741
vn -0.9101 -0.4083 -0.0703
vn -0.9131 -0.4075 0.0122
vn -0.1552 -0.6628 -0.7325
vn -0.4101 -0.6531 -0.6366
vt 0.665504 0.292827
vt 0.685008 0.258117
vt 0.698832 0.269808
vt 0.672185 0.294757
vt 0.813824 0.653652
vt 0.814998 0.619060
vt 0.825088 0.623907
vt 0.827347 0.652030
vt 0.635324 0.321742
vt 0.628035 0.316785
vt 0.637727 0.301002
vt 0.642355 0.301838
vt 0.609700 0.377769
vt 0.601063 0.395184
vt 0.579335 0.379625
vt 0.592712 0.367325
vt 0.659759 0.365030
vt 0.675347 0.382981
vt 0.667409 0.389377
vt 0.661412 0.374364
vt 0.623256 0.313963
vt 0.585120 0.283183
vt 0.617166 0.251239
vt 0.636456 0.297694
vt 0.617888 0.330399
vt 0.568542 0.313741
vt 0.698832 0.351016
vt 0.672987 0.339943
vt 0.629944 0.334269
vt 0.620970 0.331114
vt 0.812354 0.673848
vt 0.825890 0.676236
vt 0.809373 0.713192
vt 0.810884 0.694044
vt 0.824433 0.700442
vt 0.823146 0.721349
vt 0.618261 0.358712
vt 0.607206 0.355508
vt 0.616332 0.341184
vt 0.624458 0.346193
vt 0.567791 0.349483
vt 0.609601 0.347275
vt 0.667508 0.352692
vt 0.689087 0.368330
vt 0.639271 0.364042
vt 0.631438 0.362873
vt 0.635129 0.350271
vt 0.641478 0.351639
vt 0.789032 0.698503
vt 0.790559 0.684446
vt 0.797334 0.687645
vt 0.795812 0.703400
vt 0.792050 0.670266
vt 0.793540 0.656085
vt 0.800301 0.655274
vt 0.798818 0.671460
vt 0.645317 0.340147
vt 0.640312 0.338757
vt 0.644051 0.327076
vt 0.648849 0.329762
vt 0.641542 0.381881
vt 0.643208 0.399135
vt 0.629110 0.400423
vt 0.630542 0.382044
vt 0.650585 0.298578
vt 0.659612 0.296663
vt 0.788326 0.602591
vt 0.804808 0.614995
vt 0.633829 0.247478
vt 0.642635 0.297387
vt 0.650412 0.246752
vt 0.651323 0.293944
vt 0.653990 0.332529
vt 0.653934 0.343462
vt 0.652619 0.351084
vt 0.668514 0.295993
vt 0.656390 0.362618
vt 0.779431 0.680683
vt 0.780928 0.668508
vt 0.783801 0.656511
vt 0.778702 0.599507
vt 0.778702 0.686835
s 1
usemtl Material.006
f 3968/3436/2372 3960/3437/2373 3906/3438/2374 3943/3439/2374
f 3929/3440/2375 3925/3441/2375 3905/3442/2375 3911/3443/2375
f 3928/3444/2376 3914/3445/2377 3908/3446/2378 3923/3447/2379
f 3952/3448/2380 3919/3449/2381 3903/3450/2382 3946/3451/2383
f 3950/3452/2384 3915/3453/2385 3904/3454/2386 3944/3455/2387
f 3947/3456/2388 3911/3457/2389 3905/3458/2390 3945/3459/2391
f 3956/3460/2392 3935/3461/2393 3911/3457/2389 3947/3456/2388
f 3943/3439/2394 3906/3438/2395 3912/3462/2396 3948/3463/2397
f 3942/3464/2398 3936/3465/2399 3914/3445/2377 3928/3444/2376
f 3940/3466/2375 3929/3440/2375 3911/3443/2375 3935/3467/2375
f 3919/3468/2375 3931/3469/2375 3917/3470/2375 3903/3471/2375
f 3921/3472/2400 3910/3473/2401 3918/3474/2402 3934/3475/2403
f 3946/3451/2404 3903/3450/2405 3917/3476/2406 3949/3477/2407
f 3955/3478/2408 3937/3479/2409 3915/3453/2385 3950/3452/2384
f 3958/3480/2410 3922/3481/2411 3933/3482/2412 3964/3483/2413
f 3922/3481/2411 3921/3472/2400 3934/3475/2403 3933/3482/2412
f 3957/3484/2375 3962/3485/2375 3932/3486/2375 3920/3487/2375
f 3920/3487/2375 3932/3486/2375 3931/3469/2375 3919/3468/2375
f 3966/3488/2375 3961/3489/2375 3930/3490/2375 3939/3491/2375
f 3939/3491/2375 3930/3490/2375 3929/3440/2375 3940/3466/2375
f 3965/3492/2414 3941/3493/2415 3927/3494/2416 3963/3495/2417
f 3941/3493/2415 3942/3464/2398 3928/3444/2376 3927/3494/2416
f 3967/3496/2418 3957/3497/2419 3920/3498/2420 3951/3499/2421
f 3951/3499/2421 3920/3498/2420 3919/3449/2381 3952/3448/2380
f 3963/3495/2417 3927/3494/2416 3924/3500/2422 3959/3501/2423
f 3927/3494/2416 3928/3444/2376 3923/3447/2379 3924/3500/2422
f 3961/3489/2375 3960/3502/2375 3926/3503/2375 3930/3490/2375
f 3930/3490/2375 3926/3503/2375 3925/3441/2375 3929/3440/2375
f 3945/3459/2424 3905/3458/2425 3925/3504/2426 3953/3505/2427
f 3953/3505/2427 3925/3504/2426 3926/3506/2428 3954/3507/2429
f 3933/3482/2412 3934/3475/2403 3942/3464/2398 3941/3493/2415
f 3964/3483/2430 3933/3482/2412 3941/3493/2415 3965/3492/2414
f 3932/3486/2375 3939/3491/2375 3940/3466/2375 3931/3469/2375
f 3962/3485/2375 3966/3488/2375 3939/3491/2375 3932/3486/2375
f 3948/3463/2397 3912/3462/2396 3937/3479/2409 3955/3478/2408
f 3931/3469/2375 3940/3466/2375 3935/3467/2375 3917/3470/2375
f 3934/3475/2403 3918/3474/2402 3936/3465/2399 3942/3464/2398
f 3949/3477/2407 3917/3476/2406 3935/3461/2393 3956/3460/2392
f 3918/3474/2431 3949/3477/2407 3956/3460/2392 3936/3465/2432
f 3913/3508/2433 3948/3463/2397 3955/3478/2408 3938/3509/2434
f 3923/3447/2435 3953/3505/2427 3954/3507/2429 3924/3500/2436
f 3908/3446/2437 3945/3459/2424 3953/3505/2427 3923/3447/2435
f 3922/3481/2438 3951/3499/2421 3952/3448/2380 3921/3472/2439
f 3958/3480/2410 3967/3496/2418 3951/3499/2421 3922/3481/2438
f 3938/3509/2434 3955/3478/2408 3950/3452/2384 3916/3510/2440
f 3910/3473/2441 3946/3451/2404 3949/3477/2407 3918/3474/2431
f 3907/3511/2442 3943/3439/2394 3948/3463/2397 3913/3508/2433
f 3936/3465/2432 3956/3460/2392 3947/3456/2388 3914/3445/2443
f 3914/3445/2443 3947/3456/2388 3945/3459/2391 3908/3446/2444
f 3916/3510/2440 3950/3452/2384 3944/3455/2387 3909/3512/2445
f 3921/3472/2439 3952/3448/2380 3946/3451/2383 3910/3473/2446
f 3959/3501/2447 3968/3436/2372 3943/3439/2448 3907/3511/2448
f 3924/3500/2436 3954/3507/2429 3968/3436/2372 3959/3501/2447
f 3909/3512/2449 3944/3455/2450 3967/3496/2418 3958/3480/2410
f 3915/3513/2375 3937/3514/2375 3966/3488/2375 3962/3485/2375
f 3916/3510/2451 3964/3483/2430 3965/3492/2414 3938/3509/2452
f 3912/3515/2375 3906/3516/2375 3960/3502/2375 3961/3489/2375
f 3913/3508/2453 3963/3495/2417 3959/3501/2423 3907/3511/2454
f 3944/3455/2450 3904/3454/2455 3957/3497/2419 3967/3496/2418
f 3938/3509/2452 3965/3492/2414 3963/3495/2417 3913/3508/2453
f 3937/3514/2375 3912/3515/2375 3961/3489/2375 3966/3488/2375
f 3904/3517/2375 3915/3513/2375 3962/3485/2375 3957/3484/2375
f 3909/3512/2449 3958/3480/2410 3964/3483/2413 3916/3510/2456
f 3954/3507/2429 3926/3506/2428 3960/3437/2373 3968/3436/2372
f 4009/3436/2457 3989/3439/2458 3906/3438/2458 3960/3437/2459
f 3982/3444/2460 3979/3447/2461 3970/3446/2462 3974/3445/2463
f 3998/3448/2464 3992/3451/2465 3903/3450/2466 3919/3449/2467
f 3996/3452/2468 3990/3455/2469 3904/3454/2470 3915/3453/2471
f 3993/3456/2472 3991/3459/2473 3905/3458/2474 3911/3457/2475
f 4002/3460/2476 3993/3456/2472 3911/3457/2475 3935/3461/2393
f 3989/3439/2477 3994/3463/2478 3912/3462/2479 3906/3438/2480
f 3988/3464/2481 3982/3444/2460 3974/3445/2463 3985/3465/2482
f 3977/3472/2483 3984/3475/2484 3976/3474/2485 3972/3473/2486
f 3992/3451/2487 3995/3477/2488 3917/3476/2489 3903/3450/2490
f 4001/3478/2491 3996/3452/2468 3915/3453/2471 3937/3479/2409
f 4003/3480/2492 4006/3483/2493 3983/3482/2494 3978/3481/2495
f 3978/3481/2495 3983/3482/2494 3984/3475/2484 3977/3472/2483
f 4007/3492/2496 4005/3495/2497 3981/3494/2498 3987/3493/2499
f 3987/3493/2499 3981/3494/2498 3982/3444/2460 3988/3464/2481
f 4008/3496/2500 3997/3499/2501 3920/3498/2502 3957/3497/2503
f 3997/3499/2501 3998/3448/2464 3919/3449/2467 3920/3498/2502
f 4005/3495/2497 4004/3501/2504 3980/3500/2505 3981/3494/2498
f 3981/3494/2498 3980/3500/2505 3979/3447/2461 3982/3444/2460
f 3991/3459/2506 3999/3505/2507 3925/3504/2508 3905/3458/2509
f 3999/3505/2507 4000/3507/2510 3926/3506/2511 3925/3504/2508
f 3983/3482/2494 3987/3493/2499 3988/3464/2481 3984/3475/2484
f 4006/3483/2512 4007/3492/2496 3987/3493/2499 3983/3482/2494
f 3994/3463/2478 4001/3478/2491 3937/3479/2409 3912/3462/2479
f 3984/3475/2484 3988/3464/2481 3985/3465/2482 3976/3474/2485
f 3995/3477/2488 4002/3460/2476 3935/3461/2393 3917/3476/2489
f 3976/3474/2513 3985/3465/2514 4002/3460/2476 3995/3477/2488
f 3973/3508/2515 3986/3509/2516 4001/3478/2491 3994/3463/2478
f 3979/3447/2517 3980/3500/2518 4000/3507/2510 3999/3505/2507
f 3970/3446/2519 3979/3447/2517 3999/3505/2507 3991/3459/2506
f 3978/3481/2520 3977/3472/2521 3998/3448/2464 3997/3499/2501
f 4003/3480/2492 3978/3481/2520 3997/3499/2501 4008/3496/2500
f 3986/3509/2516 3975/3510/2522 3996/3452/2468 4001/3478/2491
f 3972/3473/2523 3976/3474/2513 3995/3477/2488 3992/3451/2487
f 3969/3511/2524 3973/3508/2515 3994/3463/2478 3989/3439/2477
f 3985/3465/2514 3974/3445/2525 3993/3456/2472 4002/3460/2476
f 3974/3445/2525 3970/3446/2526 3991/3459/2473 3993/3456/2472
f 3975/3510/2522 3971/3512/2527 3990/3455/2469 3996/3452/2468
f 3977/3472/2521 3972/3473/2528 3992/3451/2465 3998/3448/2464
f 4004/3501/2529 3969/3511/2530 3989/3439/2530 4009/3436/2457
f 3980/3500/2518 4004/3501/2529 4009/3436/2457 4000/3507/2510
f 3971/3512/2531 4003/3480/2492 4008/3496/2500 3990/3455/2532
f 3975/3510/2533 3986/3509/2534 4007/3492/2496 4006/3483/2512
f 3973/3508/2535 3969/3511/2536 4004/3501/2504 4005/3495/2497
f 3990/3455/2532 4008/3496/2500 3957/3497/2503 3904/3454/2537
f 3986/3509/2534 3973/3508/2535 4005/3495/2497 4007/3492/2496
f 3971/3512/2531 3975/3510/2538 4006/3483/2493 4003/3480/2492
f 4000/3507/2510 4009/3436/2457 3960/3437/2459 3926/3506/2511
o Cube.070
v -0.000000 1.761619 -0.238038
v -0.000000 1.706891 -0.169395
v -0.000000 1.749051 0.029212
v -0.000000 1.661451 -0.004626
v 0.088461 1.661451 -0.004626
v 0.088461 1.749051 0.029212
v 0.088461 1.706891 -0.148300
v 0.088461 1.761619 -0.216942
v -0.000000 1.734255 -0.203717
v 0.088461 1.734255 -0.182621
v 0.088461 1.705251 0.012293
v -0.000000 1.705251 0.012293
v 0.144907 1.747777 -0.149988
v 0.117231 1.720413 -0.115667
v 0.158388 1.761619 -0.193043
v 0.114399 1.713752 0.037704
v 0.135359 1.721915 0.019832
v 0.103282 1.669952 0.000864
v 0.124244 1.681269 -0.015797
v 0.148841 1.750156 0.042661
v 0.114321 1.749051 0.064319
v -0.088462 1.661451 -0.004626
v -0.088462 1.749051 0.029212
v -0.088462 1.706891 -0.148300
v -0.088462 1.761619 -0.216942
v -0.088462 1.734255 -0.182621
v -0.088462 1.705251 0.012293
v -0.144907 1.747777 -0.149988
v -0.117232 1.720413 -0.115667
v -0.158389 1.761619 -0.193043
v -0.114399 1.713752 0.037704
v -0.135360 1.721915 0.019832
v -0.103283 1.669952 0.000864
v -0.124244 1.681269 -0.015797
v -0.148842 1.750156 0.042661
v -0.114321 1.749051 0.064319
vn -0.0000 -0.3603 0.9328
vn -1.0000 -0.0000 -0.0000
vn 0.1470 -0.7734 -0.6166
vn 0.0337 -0.9587 -0.2825
vn -0.0058 0.9988 0.0489
vn 0.5338 -0.7529 -0.3850
vn 0.2777 -0.8672 -0.4134
vn 0.6610 -0.5813 0.4746
vn 0.5326 -0.5869 0.6098
vn -0.4219 -0.4347 0.7956
vn 0.8397 -0.5430 -0.0104
vn 0.8643 -0.4908 -0.1102
vn -0.6864 -0.3512 0.6368
vn 0.5141 -0.8100 -0.2820
vn -0.0226 0.9986 0.0476
vn -0.1470 -0.7734 -0.6166
vn -0.0337 -0.9587 -0.2825
vn 0.0058 0.9988 0.0489
vn -0.5338 -0.7529 -0.3850
vn -0.2777 -0.8672 -0.4134
vn -0.6610 -0.5813 0.4746
vn -0.5326 -0.5869 0.6098
vn 0.4219 -0.4347 0.7956
vn -0.8397 -0.5430 -0.0104
vn -0.8643 -0.4908 -0.1102
vn 0.6864 -0.3512 0.6368
vn -0.5141 -0.8100 -0.2820
vn 0.0226 0.9986 0.0476
vt 0.884715 0.019049
vt 0.905732 0.025809
vt 0.898161 0.033853
vt 0.885072 0.029490
vt 0.909690 0.071639
vt 0.916233 0.013843
vt 0.916233 0.083301
vt 0.882938 0.074158
vt 0.884963 0.088490
vt 0.904212 0.062038
vt 0.882197 0.061834
vt 0.825059 0.378441
vt 0.847430 0.374059
vt 0.844722 0.441068
vt 0.822566 0.440173
vt 0.885399 0.003875
vt 0.863862 0.066940
vt 0.873349 0.055153
vt 0.859250 0.081723
vt 0.867527 0.020590
vt 0.874466 0.014977
vt 0.882003 0.027957
vt 0.877081 0.030825
vt 0.857908 0.011948
vt 0.868761 0.001084
vt 0.815725 0.448698
vt 0.807301 0.442913
vt 0.807301 0.383712
s 0
usemtl Material.006
f 4020/3518/2539 4021/3519/2539 4013/3520/2539 4014/3521/2539
f 4018/3522/2540 4021/3519/2540 4012/3523/2540 4010/3524/2540
f 4019/3525/2541 4018/3522/2541 4010/3524/2541 4017/3526/2541
f 4014/3521/2542 4013/3520/2542 4011/3527/2542 4016/3528/2542
f 4017/3529/2543 4010/3530/2543 4012/3531/2543 4015/3532/2543
f 4016/3528/2541 4011/3527/2541 4018/3522/2541 4019/3525/2541
f 4011/3527/2540 4013/3520/2540 4021/3519/2540 4018/3522/2540
f 4015/3533/2539 4012/3523/2539 4021/3519/2539 4020/3518/2539
f 4019/3525/2544 4022/3534/2544 4023/3535/2544 4016/3528/2544
f 4017/3526/2545 4024/3536/2545 4022/3534/2545 4019/3525/2545
f 4026/3537/2546 4025/3538/2546 4027/3539/2546 4028/3540/2546
f 4029/3541/2547 4030/3542/2547 4025/3538/2547 4026/3537/2547
f 4014/3521/2548 4027/3539/2548 4025/3538/2548 4020/3518/2548
f 4022/3534/2549 4024/3536/2549 4029/3541/2549 4026/3537/2549
f 4023/3535/2550 4022/3534/2550 4026/3537/2550 4028/3540/2550
f 4020/3518/2551 4025/3538/2551 4030/3542/2551 4015/3533/2551
f 4016/3528/2552 4023/3535/2552 4028/3540/2552 4027/3539/2552 4014/3521/2552
f 4015/3532/2553 4030/3543/2553 4029/3544/2553 4024/3545/2553 4017/3529/2553
f 4036/3518/2539 4031/3521/2539 4013/3520/2539 4021/3519/2539
f 4035/3525/2554 4034/3526/2554 4010/3524/2554 4018/3522/2554
f 4031/3521/2555 4033/3528/2555 4011/3527/2555 4013/3520/2555
f 4034/3529/2556 4032/3532/2556 4012/3531/2556 4010/3530/2556
f 4033/3528/2554 4035/3525/2554 4018/3522/2554 4011/3527/2554
f 4032/3533/2539 4036/3518/2539 4021/3519/2539 4012/3523/2539
f 4035/3525/2557 4033/3528/2557 4038/3535/2557 4037/3534/2557
f 4034/3526/2558 4035/3525/2558 4037/3534/2558 4039/3536/2558
f 4041/3537/2559 4043/3540/2559 4042/3539/2559 4040/3538/2559
f 4044/3541/2560 4041/3537/2560 4040/3538/2560 4045/3542/2560
f 4031/3521/2561 4036/3518/2561 4040/3538/2561 4042/3539/2561
f 4037/3534/2562 4041/3537/2562 4044/3541/2562 4039/3536/2562
f 4038/3535/2563 4043/3540/2563 4041/3537/2563 4037/3534/2563
f 4036/3518/2564 4032/3533/2564 4045/3542/2564 4040/3538/2564
f 4033/3528/2565 4031/3521/2565 4042/3539/2565 4043/3540/2565 4038/3535/2565
f 4032/3532/2566 4034/3529/2566 4039/3545/2566 4044/3544/2566 4045/3543/2566
o Sphere.002
v -0.000000 1.895838 0.543271
v -0.000000 2.029348 0.389906
v 0.096669 2.065664 0.189134
v -0.000000 1.977234 -0.399019
v 0.017659 1.897548 0.539408
v 0.064368 2.028010 0.389337
v 0.096384 2.062556 0.196210
v 0.097788 2.145340 0.032540
v 0.098723 2.109417 -0.145069
v 0.098122 2.020247 -0.329419
v 0.097307 1.976580 -0.377509
v 0.084418 1.882339 0.465305
v 0.134354 1.874116 0.401647
v -0.000000 2.102588 0.209893
v 0.246150 1.911509 0.110509
v 0.259284 1.955170 -0.078091
v 0.234709 1.961609 -0.215257
v 0.191232 1.971441 -0.295760
v -0.000000 2.161802 0.014886
v -0.000000 2.113932 -0.148197
v -0.000000 2.011119 -0.351721
v 0.187622 2.004161 -0.260926
v -0.000000 2.105092 0.202819
v 0.161710 1.974010 -0.329170
v 0.211585 2.026959 0.071525
v 0.049126 1.890818 0.509123
v 0.226558 2.030828 -0.111580
v 0.133852 1.949598 0.395492
v 0.080826 2.100415 0.198803
v 0.127261 1.975295 -0.350903
v 0.136530 2.078684 0.052032
v 0.034930 1.894183 0.524266
v 0.166251 2.062656 -0.128324
v 0.084250 1.968300 0.392415
v 0.143659 2.007374 -0.282135
v 0.080327 2.097965 0.205972
v 0.112284 1.975937 -0.364206
v 0.117159 2.112012 0.042286
v 0.026295 1.895865 0.531837
v 0.132487 2.086036 -0.136696
v 0.074309 1.998155 0.390876
v 0.120890 2.013811 -0.305777
v -0.000000 2.107456 0.211562
v -0.000000 2.109960 0.204488
v 0.083189 2.101942 0.207596
v 0.083858 2.104273 0.200405
v 0.206170 1.884519 0.257405
v 0.203549 1.883657 0.264186
v 0.161669 1.973142 0.305863
v 0.159966 1.971540 0.312369
v 0.118070 2.036595 0.232404
v 0.116928 2.034192 0.239678
v 0.100136 2.065764 0.197720
v 0.101021 2.068121 0.190424
v 0.195866 1.888398 0.265801
v 0.198442 1.889283 0.259040
v 0.157834 1.970217 0.304026
v 0.155842 1.969039 0.310530
v 0.115096 2.032728 0.230717
v 0.114064 2.030258 0.237956
v -0.000000 1.881138 0.507453
v -0.000000 1.966997 -0.357585
v 0.026339 1.879857 0.502374
v 0.099327 1.966398 -0.337874
v 0.087516 1.870604 0.434467
v 0.133276 1.865923 0.376132
v 0.235725 1.906768 0.109338
v 0.247760 1.946778 -0.063492
v 0.225240 1.952678 -0.189189
v 0.185398 1.961688 -0.262961
v 0.158346 1.964043 -0.293577
v 0.055175 1.875620 0.474622
v 0.126777 1.965220 -0.313493
v 0.042166 1.876613 0.488498
v 0.113052 1.965809 -0.325684
v 0.034253 1.878155 0.495436
v 0.199087 1.882035 0.243951
v 0.196686 1.881244 0.250165
v -0.096669 2.065664 0.189134
v -0.017660 1.897548 0.539408
v -0.064368 2.028010 0.389337
v -0.096385 2.062556 0.196210
v -0.097789 2.145340 0.032540
v -0.098723 2.109417 -0.145069
v -0.098123 2.020247 -0.329419
v -0.097307 1.976580 -0.377509
v -0.084419 1.882339 0.465305
v -0.134354 1.874116 0.401647
v -0.246151 1.911509 0.110509
v -0.259284 1.955170 -0.078091
v -0.234709 1.961609 -0.215257
v -0.191232 1.971441 -0.295760
v -0.187622 2.004161 -0.260926
v -0.161711 1.974010 -0.329170
v -0.211585 2.026959 0.071525
v -0.049126 1.890818 0.509123
v -0.226558 2.030828 -0.111580
v -0.133853 1.949598 0.395492
v -0.080826 2.100415 0.198803
v -0.127262 1.975295 -0.350903
v -0.136531 2.078684 0.052032
v -0.034931 1.894183 0.524266
v -0.166252 2.062656 -0.128324
v -0.084251 1.968300 0.392415
v -0.143659 2.007374 -0.282135
v -0.080327 2.097965 0.205972
v -0.112284 1.975937 -0.364206
v -0.117160 2.112012 0.042286
v -0.026295 1.895865 0.531837
v -0.132488 2.086036 -0.136696
v -0.074310 1.998155 0.390876
v -0.120891 2.013811 -0.305777
v -0.083189 2.101942 0.207596
v -0.083859 2.104273 0.200405
v -0.206170 1.884519 0.257405
v -0.203549 1.883657 0.264186
v -0.161670 1.973142 0.305863
v -0.159967 1.971540 0.312369
v -0.118071 2.036595 0.232404
v -0.116929 2.034192 0.239678
v -0.100137 2.065764 0.197720
v -0.101022 2.068121 0.190424
v -0.195866 1.888398 0.265801
v -0.198443 1.889283 0.259040
v -0.157834 1.970217 0.304026
v -0.155843 1.969039 0.310530
v -0.115097 2.032728 0.230717
v -0.114064 2.030258 0.237956
v -0.026340 1.879857 0.502374
v -0.099328 1.966398 -0.337874
v -0.087517 1.870604 0.434467
v -0.133277 1.865923 0.376132
v -0.235725 1.906768 0.109338
v -0.247760 1.946778 -0.063492
v -0.225240 1.952678 -0.189189
v -0.185399 1.961688 -0.262961
v -0.158346 1.964043 -0.293577
v -0.055175 1.875620 0.474622
v -0.126777 1.965220 -0.313493
v -0.042167 1.876613 0.488498
v -0.113052 1.965809 -0.325684
v -0.034253 1.878155 0.495436
v -0.199088 1.882035 0.243951
v -0.196686 1.881244 0.250165
vn 0.1154 0.9929 0.0304
vn 0.0831 0.9362 -0.3414
vn -0.0000 0.9388 -0.3443
vn -0.0000 0.9998 -0.0190
vn 0.0668 0.8485 -0.5249
vn -0.0000 0.8319 -0.5549
vn 0.1073 0.7710 -0.6278
vn -0.0000 0.7755 -0.6314
vn -0.0000 0.8469 0.5317
vn -0.0000 0.7520 0.6592
vn 0.0322 0.7516 0.6588
vn 0.0452 0.8548 0.5171
vn 0.9124 0.3619 0.1913
vn 0.5570 0.7641 0.3254
vn 0.5615 0.7541 0.3406
vn 0.5581 0.7618 0.3289
vn 0.9041 0.4173 -0.0926
vn 0.9175 0.3976 0.0026
vn 0.8502 0.4568 -0.2617
vn 0.7854 0.5027 -0.3611
vn 0.9012 0.2554 0.3501
vn 0.7409 0.5262 -0.4175
vn 0.5456 0.7786 0.3099
vn 0.9165 0.3576 0.1794
vn 0.9100 0.3482 0.2253
vn 0.7866 0.0597 0.6145
vn 0.8490 0.0984 0.5191
vn 0.8653 0.1098 0.4890
vn 0.3614 0.7230 0.5888
vn 0.3820 0.7868 0.4848
vn 0.5946 0.6342 0.4942
vn 0.6572 0.7398 0.1445
vn 0.5405 0.8245 0.1673
vn 0.4793 0.8709 -0.1087
vn 0.5691 0.8063 -0.1615
vn 0.0425 0.3340 -0.9416
vn 0.1106 0.3100 -0.9443
vn 0.0447 0.3333 -0.9418
vn 0.4663 0.7857 -0.4066
vn 0.3771 0.8537 -0.3590
vn 0.3051 0.8281 -0.4703
vn 0.5177 0.7087 -0.4793
vn 0.5626 0.7515 0.3445
vn 0.6705 0.7151 -0.1978
vn 0.5927 0.6864 -0.4214
vn 0.1152 0.5228 -0.8446
vn 0.6074 0.6152 -0.5026
vn 0.6834 -0.3655 -0.6320
vn 0.6564 -0.3402 -0.6734
vn 0.6832 -0.3654 -0.6322
vn 0.7915 0.6039 0.0936
vn 0.7729 0.3546 0.5263
vn 0.7795 0.3613 0.5117
vn 0.8032 0.4226 0.4197
vn 0.7701 0.3519 0.5321
vn 0.8740 0.3485 0.3387
vn 0.8068 0.5897 0.0375
vn 0.6707 0.7079 -0.2215
vn 0.0706 0.9414 0.3299
vn -0.0000 0.9437 0.3307
vn 0.6077 0.6456 -0.4624
vn 0.6146 0.5992 -0.5131
vn -0.0000 0.3555 -0.9347
vn -0.1045 -0.3105 0.9448
vn -0.0419 -0.3346 0.9414
vn -0.0402 -0.3352 0.9413
vn 0.7081 -0.3896 -0.5889
vn -0.0971 -0.5173 0.8503
vn -0.0000 -0.3581 0.9337
vn -0.6685 0.3226 0.6701
vn -0.6567 0.3876 0.6470
vn -0.6566 0.3880 0.6468
vn 0.0547 0.9188 0.3908
vn -0.0000 0.9202 0.3914
vn -0.0000 0.9669 0.2552
vn 0.0984 0.9622 0.2539
vn 0.8762 0.4016 0.2666
vn 0.9099 0.3406 0.2369
vn 0.8666 0.4550 0.2048
vn 0.7995 0.5558 0.2276
vn 0.9019 0.1380 0.4094
vn 0.8987 0.3351 0.2829
vn 0.5933 0.7590 0.2683
vn 0.5512 0.7884 0.2732
vn 0.3932 0.8253 0.4053
vn 0.6830 0.6331 0.3642
vn -0.6415 0.4512 0.6204
vn 0.4642 -0.8751 -0.1366
vn 0.4221 -0.8985 -0.1202
vn 0.2068 -0.9708 -0.1217
vn 0.2258 -0.9623 -0.1518
vn 0.3191 -0.8658 0.3855
vn 0.3436 -0.8294 0.4406
vn 0.3291 -0.8509 0.4095
vn 0.3025 -0.8897 0.3421
vn 0.2813 -0.9345 -0.2180
vn 0.2126 -0.9660 -0.1469
vn 0.4183 -0.9068 -0.0528
vn 0.1602 -0.9822 -0.0979
vn 0.1843 -0.9497 -0.2534
vn 0.1661 -0.9527 -0.2544
vn 0.0490 -0.9800 -0.1930
vn 0.0697 -0.9789 -0.1922
vn 0.2048 -0.9476 -0.2453
vn 0.0985 -0.9766 -0.1909
vn -0.0000 -0.9694 -0.2453
vn 0.0882 -0.9647 -0.2481
vn 0.0593 -0.9779 -0.2007
vn -0.0000 -0.9810 -0.1942
vn 0.1468 -0.9560 -0.2538
vn 0.0745 -0.9778 -0.1961
vn 0.1288 -0.8947 0.4277
vn -0.0000 -0.9096 0.4155
vn 0.1884 -0.8732 0.4495
vn 0.2643 -0.8455 0.4639
vn 0.2350 -0.8535 0.4651
vn 0.2413 -0.8510 0.4664
vn 0.3253 -0.8296 0.4537
vn 0.3305 -0.8976 0.2917
vn 0.4195 -0.8882 0.1877
vn 0.3232 -0.9463 0.0046
vn 0.4529 -0.8797 0.1450
vn -0.0461 -0.9907 -0.1277
vn -0.0000 -0.9918 -0.1279
vn -0.1154 0.9929 0.0304
vn -0.0831 0.9362 -0.3414
vn -0.0668 0.8485 -0.5249
vn -0.1073 0.7710 -0.6278
vn -0.0452 0.8548 0.5171
vn -0.0322 0.7516 0.6588
vn -0.9124 0.3619 0.1913
vn -0.5570 0.7641 0.3254
vn -0.5581 0.7618 0.3289
vn -0.5615 0.7541 0.3406
vn -0.9041 0.4173 -0.0926
vn -0.7854 0.5027 -0.3611
vn -0.8502 0.4568 -0.2617
vn -0.9175 0.3976 0.0026
vn -0.9012 0.2554 0.3501
vn -0.7409 0.5262 -0.4175
vn -0.5456 0.7786 0.3099
vn -0.9165 0.3576 0.1794
vn -0.9100 0.3482 0.2253
vn -0.7866 0.0597 0.6145
vn -0.8653 0.1098 0.4890
vn -0.8490 0.0984 0.5191
vn -0.3614 0.7230 0.5888
vn -0.5946 0.6342 0.4942
vn -0.3820 0.7868 0.4848
vn -0.6572 0.7398 0.1445
vn -0.5691 0.8063 -0.1615
vn -0.4793 0.8709 -0.1087
vn -0.5405 0.8245 0.1673
vn -0.0425 0.3340 -0.9416
vn -0.0447 0.3333 -0.9418
vn -0.1106 0.3100 -0.9443
vn -0.4663 0.7857 -0.4066
vn -0.5177 0.7087 -0.4793
vn -0.3051 0.8281 -0.4703
vn -0.3771 0.8537 -0.3590
vn -0.5626 0.7515 0.3445
vn -0.6705 0.7151 -0.1978
vn -0.5927 0.6864 -0.4214
vn -0.1152 0.5228 -0.8446
vn -0.6074 0.6152 -0.5026
vn -0.6834 -0.3655 -0.6320
vn -0.6833 -0.3654 -0.6322
vn -0.6564 -0.3402 -0.6733
vn -0.7915 0.6039 0.0936
vn -0.7729 0.3546 0.5263
vn -0.8032 0.4226 0.4197
vn -0.7795 0.3613 0.5117
vn -0.7701 0.3519 0.5321
vn -0.8740 0.3485 0.3387
vn -0.8068 0.5897 0.0375
vn -0.6707 0.7079 -0.2215
vn -0.0706 0.9414 0.3299
vn -0.6077 0.6456 -0.4624
vn -0.6146 0.5992 -0.5131
vn 0.1045 -0.3105 0.9448
vn 0.0402 -0.3352 0.9413
vn 0.0419 -0.3346 0.9414
vn -0.7081 -0.3896 -0.5889
vn 0.0971 -0.5173 0.8503
vn 0.6685 0.3226 0.6701
vn 0.6566 0.3880 0.6468
vn 0.6567 0.3876 0.6470
vn -0.0547 0.9188 0.3908
vn -0.0984 0.9622 0.2539
vn -0.9099 0.3406 0.2369
vn -0.8762 0.4016 0.2666
vn -0.8666 0.4550 0.2048
vn -0.7995 0.5558 0.2276
vn -0.9019 0.1380 0.4094
vn -0.8987 0.3351 0.2829
vn -0.5933 0.7590 0.2683
vn -0.5512 0.7884 0.2732
vn -0.6830 0.6331 0.3642
vn -0.3932 0.8253 0.4053
vn 0.6415 0.4512 0.6204
vn -0.4642 -0.8751 -0.1366
vn -0.2258 -0.9623 -0.1518
vn -0.2068 -0.9708 -0.1217
vn -0.4221 -0.8985 -0.1202
vn -0.3191 -0.8658 0.3855
vn -0.3025 -0.8897 0.3421
vn -0.3291 -0.8509 0.4095
vn -0.3436 -0.8294 0.4406
vn -0.2813 -0.9345 -0.2180
vn -0.2126 -0.9660 -0.1469
vn -0.1602 -0.9822 -0.0979
vn -0.4183 -0.9068 -0.0528
vn -0.1843 -0.9497 -0.2534
vn -0.0697 -0.9789 -0.1922
vn -0.0490 -0.9800 -0.1930
vn -0.1661 -0.9527 -0.2544
vn -0.2048 -0.9476 -0.2453
vn -0.0985 -0.9766 -0.1909
vn -0.0593 -0.9779 -0.2007
vn -0.0882 -0.9647 -0.2481
vn -0.0745 -0.9778 -0.1961
vn -0.1468 -0.9560 -0.2538
vn -0.1288 -0.8947 0.4277
vn -0.1884 -0.8732 0.4495
vn -0.2643 -0.8455 0.4639
vn -0.3253 -0.8296 0.4537
vn -0.2413 -0.8510 0.4664
vn -0.2350 -0.8535 0.4651
vn -0.3305 -0.8976 0.2917
vn -0.4195 -0.8881 0.1877
vn -0.3232 -0.9463 0.0046
vn -0.4529 -0.8797 0.1450
vn 0.0461 -0.9907 -0.1277
vt 0.612748 0.111312
vt 0.598003 0.072361
vt 0.619531 0.060759
vt 0.635647 0.102405
vt 0.572890 0.034283
vt 0.585825 0.013014
vt 0.563466 0.023837
vt 0.572885 0.002936
vt 0.859501 0.872714
vt 0.837120 0.830554
vt 0.841419 0.830423
vt 0.872377 0.862496
vt 0.915944 0.881696
vt 0.910415 0.889860
vt 0.908635 0.888908
vt 0.914681 0.880537
vt 0.904003 0.846027
vt 0.911277 0.869818
vt 0.909887 0.868840
vt 0.902457 0.845545
vt 0.567789 0.087888
vt 0.550811 0.097564
vt 0.551369 0.068430
vt 0.561469 0.056589
vt 0.916689 0.826085
vt 0.914940 0.826248
vt 0.553737 0.049918
vt 0.556359 0.040962
vt 0.915170 0.823966
vt 0.917101 0.823651
vt 0.576211 0.127076
vt 0.548557 0.143863
vt 0.850584 0.828438
vt 0.863206 0.825592
vt 0.880420 0.824091
vt 0.881439 0.838810
vt 0.846334 0.829413
vt 0.875351 0.848282
vt 0.596769 0.119411
vt 0.581020 0.080852
vt 0.907558 0.888300
vt 0.913441 0.880524
vt 0.567231 0.047994
vt 0.559684 0.031925
vt 0.589364 0.076773
vt 0.569933 0.041285
vt 0.901141 0.845303
vt 0.561549 0.027648
vt 0.908663 0.869298
vt 0.604162 0.115532
vt 0.843893 0.829912
vt 0.873986 0.855266
vt 0.900826 0.909322
vt 0.899270 0.908623
vt 0.898178 0.908204
vt 0.606176 0.154799
vt 0.615528 0.149304
vt 0.615751 0.150374
vt 0.607084 0.155804
vt 0.557844 0.181386
vt 0.580696 0.177166
vt 0.581048 0.178136
vt 0.560210 0.182411
vt 0.635647 0.152143
vt 0.635370 0.153372
vt 0.597798 0.165439
vt 0.598508 0.166195
vt 0.545809 0.144520
vt 0.547637 0.101050
vt 0.856851 0.821981
vt 0.868891 0.820728
vt 0.547477 0.072926
vt 0.554303 0.179413
vt 0.549663 0.034328
vt 0.551832 0.029970
vt 0.547745 0.054770
vt 0.554106 0.025679
vt 0.561195 0.001084
vt 0.548181 0.044322
vt 0.840605 0.821495
vt 0.847427 0.823393
vt 0.849798 0.822938
vt 0.852237 0.822547
vt 0.884610 0.820593
vt 0.917464 0.820771
vt 0.919028 0.820593
vt 0.542600 0.443539
vt 0.539399 0.440745
vt 0.536197 0.437950
vt 0.528848 0.433404
vt 0.522522 0.426359
vt 0.513176 0.409231
vt 0.507736 0.380157
vt 0.510747 0.339125
vt 0.519187 0.307446
vt 0.519739 0.305996
vt 0.533838 0.276355
vt 0.544811 0.263124
vt 0.552601 0.254014
vt 0.555700 0.250881
vt 0.557593 0.249308
vt 0.559487 0.247727
vt 0.565624 0.246752
vt 0.565624 0.447891
s 1
usemtl Material.006
f 4053/3546/2567 4054/3547/2568 4065/3548/2569 4064/3549/2570
f 4054/3547/2568 4055/3550/2571 4066/3551/2572 4065/3548/2569
f 4055/3550/2571 4056/3552/2573 4049/3553/2574 4066/3551/2572
f 4047/3554/2575 4046/3555/2576 4050/3556/2577 4051/3557/2578
f 4048/3558/2579 4074/3559/2579 4081/3560/2579 4052/3561/2579
f 4102/3562/2580 4104/3563/2581 4105/3564/2582 4103/3565/2580
f 4072/3566/2583 4061/3567/2584 4062/3568/2585 4067/3569/2586
f 4101/3570/2587 4102/3562/2587 4103/3565/2587 4100/3571/2587
f 4067/3569/2586 4062/3568/2585 4063/3572/2588 4069/3573/2588
f 4093/3574/2589 4092/3575/2589 4101/3570/2589 4100/3571/2589
f 4070/3576/2590 4060/3577/2591 4061/3567/2584 4072/3566/2583
f 4071/3578/2592 4057/3579/2592 4058/3580/2593 4073/3581/2594
f 4077/3582/2595 4071/3578/2595 4073/3581/2596 4079/3583/2597
f 4076/3584/2598 4070/3576/2599 4072/3566/2600 4078/3585/2601
f 4090/3586/2602 4098/3587/2603 4052/3561/2603 4081/3560/2604
f 4080/3588/2605 4067/3569/2606 4069/3573/2607 4075/3589/2608
f 4104/3563/2581 4048/3558/2609 4052/3561/2609 4105/3564/2582
f 4078/3585/2601 4072/3566/2600 4067/3569/2606 4080/3588/2605
f 4085/3590/2610 4078/3585/2601 4080/3588/2605 4087/3591/2611
f 4095/3592/2612 4093/3574/2612 4100/3571/2612 4103/3565/2612
f 4087/3591/2611 4080/3588/2605 4075/3589/2608 4082/3593/2613
f 4097/3594/2614 4095/3592/2615 4103/3565/2615 4105/3564/2616
f 4083/3595/2617 4076/3584/2598 4078/3585/2601 4085/3590/2610
f 4084/3596/2618 4077/3582/2619 4079/3583/2597 4086/3597/2620
f 4050/3556/2621 4084/3596/2618 4086/3597/2620 4051/3557/2622
f 4053/3546/2623 4083/3595/2617 4085/3590/2610 4054/3547/2624
f 4074/3559/2625 4068/3598/2626 4059/3599/2626 4081/3560/2625
f 4055/3550/2627 4087/3591/2611 4082/3593/2613 4056/3552/2628
f 4088/3600/2629 4090/3586/2602 4081/3560/2604 4059/3599/2629
f 4054/3547/2624 4085/3590/2610 4087/3591/2611 4055/3550/2627
f 4099/3601/2630 4091/3602/2631 4074/3603/2632 4048/3604/2630
f 4098/3587/2633 4097/3594/2614 4105/3564/2616 4052/3561/2633
f 4092/3605/2634 4094/3606/2634 4102/3607/2634 4101/3608/2634
f 4091/3602/2631 4089/3609/2635 4068/3610/2635 4074/3603/2632
f 4094/3606/2636 4096/3611/2637 4104/3612/2638 4102/3607/2636
f 4047/3554/2575 4051/3557/2578 4090/3586/2639 4088/3600/2640
f 4089/3609/2641 4091/3602/2642 4053/3546/2567 4064/3549/2570
f 4051/3557/2622 4086/3597/2620 4098/3587/2643 4090/3586/2644
f 4091/3602/2645 4099/3601/2646 4083/3595/2617 4053/3546/2623
f 4073/3581/2594 4058/3580/2593 4093/3574/2647 4095/3592/2647
f 4094/3606/2648 4092/3605/2648 4060/3577/2591 4070/3576/2590
f 4096/3611/2649 4094/3606/2650 4070/3576/2599 4076/3584/2598
f 4079/3583/2597 4073/3581/2596 4095/3592/2651 4097/3594/2652
f 4099/3601/2646 4096/3611/2649 4076/3584/2598 4083/3595/2617
f 4086/3597/2620 4079/3583/2597 4097/3594/2652 4098/3587/2643
f 4096/3611/2637 4099/3601/2653 4048/3604/2653 4104/3612/2638
f 4061/3567/2654 4060/3577/2655 4112/3613/2656 4113/3614/2657
f 4057/3579/2658 4071/3578/2659 4117/3615/2660 4110/3616/2661
f 4062/3568/2662 4061/3567/2654 4113/3614/2657 4114/3617/2663
f 4060/3577/2655 4092/3605/2664 4122/3618/2665 4112/3613/2656
f 4082/3593/2666 4075/3589/2667 4118/3619/2668 4120/3620/2669
f 4063/3572/2670 4062/3568/2662 4114/3617/2663 4115/3621/2671
f 4049/3553/2672 4056/3552/2673 4109/3622/2674 4107/3623/2675
f 4075/3589/2667 4069/3573/2676 4116/3624/2677 4118/3619/2668
f 4050/3556/2678 4046/3555/2679 4106/3625/2679 4108/3626/2680
f 4077/3582/2681 4084/3596/2682 4121/3627/2683 4119/3628/2684
f 4058/3580/2685 4057/3579/2658 4110/3616/2661 4111/3629/2686
f 4056/3552/2673 4082/3593/2666 4120/3620/2669 4109/3622/2674
f 4071/3578/2659 4077/3582/2681 4119/3628/2684 4117/3615/2660
f 4092/3575/2687 4093/3574/2687 4123/3630/2687 4122/3631/2687
f 4069/3573/2676 4063/3572/2670 4115/3621/2671 4116/3624/2677
f 4093/3574/2688 4058/3580/2685 4111/3629/2686 4123/3630/2688
f 4084/3596/2682 4050/3556/2678 4108/3626/2680 4121/3627/2683
f 4109/3632/2674 4120/3633/2669 4118/3634/2668 4116/3635/2677 4115/3636/2671 4114/3637/2663 4113/3638/2657 4112/3639/2656 4122/3640/2665 4123/3641/2689 4111/3642/2689 4110/3643/2689 4117/3644/2689 4119/3645/2689 4121/3646/2689 4108/3647/2689 4106/3648/2690 4107/3649/2675
f 4128/3546/2691 4064/3549/2570 4065/3548/2569 4129/3547/2692
f 4129/3547/2692 4065/3548/2569 4066/3551/2572 4130/3550/2693
f 4130/3550/2693 4066/3551/2572 4049/3553/2574 4131/3552/2694
f 4047/3554/2575 4126/3557/2695 4125/3556/2696 4046/3555/2576
f 4124/3558/2697 4127/3561/2697 4151/3560/2697 4144/3559/2697
f 4170/3562/2698 4171/3565/2698 4173/3564/2699 4172/3563/2700
f 4142/3566/2701 4138/3569/2702 4136/3568/2703 4135/3567/2704
f 4169/3570/2705 4168/3571/2705 4171/3565/2705 4170/3562/2705
f 4138/3569/2702 4139/3573/2706 4137/3572/2706 4136/3568/2703
f 4161/3574/2707 4168/3571/2707 4169/3570/2707 4160/3575/2707
f 4140/3576/2708 4142/3566/2701 4135/3567/2704 4134/3577/2709
f 4141/3578/2710 4143/3581/2711 4133/3580/2712 4132/3579/2710
f 4147/3582/2713 4149/3583/2714 4143/3581/2715 4141/3578/2713
f 4146/3584/2716 4148/3585/2717 4142/3566/2718 4140/3576/2719
f 4158/3586/2720 4151/3560/2721 4127/3561/2722 4166/3587/2722
f 4150/3588/2723 4145/3589/2724 4139/3573/2725 4138/3569/2726
f 4172/3563/2700 4173/3564/2699 4127/3561/2727 4124/3558/2727
f 4148/3585/2717 4150/3588/2723 4138/3569/2726 4142/3566/2718
f 4155/3590/2728 4157/3591/2729 4150/3588/2723 4148/3585/2717
f 4163/3592/2730 4171/3565/2730 4168/3571/2730 4161/3574/2730
f 4157/3591/2729 4152/3593/2731 4145/3589/2724 4150/3588/2723
f 4165/3594/2732 4173/3564/2733 4171/3565/2734 4163/3592/2734
f 4153/3595/2735 4155/3590/2728 4148/3585/2717 4146/3584/2716
f 4154/3596/2736 4156/3597/2737 4149/3583/2714 4147/3582/2738
f 4125/3556/2739 4126/3557/2740 4156/3597/2737 4154/3596/2736
f 4128/3546/2741 4129/3547/2742 4155/3590/2728 4153/3595/2735
f 4144/3559/2743 4151/3560/2743 4059/3599/2626 4068/3598/2626
f 4130/3550/2744 4131/3552/2745 4152/3593/2731 4157/3591/2729
f 4088/3600/2629 4059/3599/2629 4151/3560/2721 4158/3586/2720
f 4129/3547/2742 4130/3550/2744 4157/3591/2729 4155/3590/2728
f 4167/3601/2746 4124/3604/2746 4144/3603/2747 4159/3602/2748
f 4166/3587/2749 4127/3561/2749 4173/3564/2733 4165/3594/2732
f 4160/3605/2750 4169/3608/2750 4170/3607/2750 4162/3606/2750
f 4159/3602/2748 4144/3603/2747 4068/3610/2635 4089/3609/2635
f 4162/3606/2751 4170/3607/2751 4172/3612/2752 4164/3611/2753
f 4047/3554/2575 4088/3600/2640 4158/3586/2754 4126/3557/2695
f 4089/3609/2641 4064/3549/2570 4128/3546/2691 4159/3602/2755
f 4126/3557/2740 4158/3586/2756 4166/3587/2757 4156/3597/2737
f 4159/3602/2758 4128/3546/2741 4153/3595/2735 4167/3601/2759
f 4143/3581/2711 4163/3592/2760 4161/3574/2760 4133/3580/2712
f 4162/3606/2761 4140/3576/2708 4134/3577/2709 4160/3605/2761
f 4164/3611/2762 4146/3584/2716 4140/3576/2719 4162/3606/2763
f 4149/3583/2714 4165/3594/2764 4163/3592/2765 4143/3581/2715
f 4167/3601/2759 4153/3595/2735 4146/3584/2716 4164/3611/2762
f 4156/3597/2737 4166/3587/2757 4165/3594/2764 4149/3583/2714
f 4164/3611/2753 4172/3612/2752 4124/3604/2766 4167/3601/2766
f 4135/3567/2767 4179/3614/2768 4178/3613/2769 4134/3577/2770
f 4132/3579/2771 4176/3616/2772 4183/3615/2773 4141/3578/2774
f 4136/3568/2775 4180/3617/2776 4179/3614/2768 4135/3567/2767
f 4134/3577/2770 4178/3613/2769 4188/3618/2777 4160/3605/2778
f 4152/3593/2779 4186/3620/2780 4184/3619/2781 4145/3589/2782
f 4137/3572/2783 4181/3621/2784 4180/3617/2776 4136/3568/2775
f 4049/3553/2672 4107/3623/2675 4175/3622/2785 4131/3552/2786
f 4145/3589/2782 4184/3619/2781 4182/3624/2787 4139/3573/2788
f 4125/3556/2789 4174/3626/2790 4106/3625/2679 4046/3555/2679
f 4147/3582/2791 4185/3628/2792 4187/3627/2793 4154/3596/2794
f 4133/3580/2795 4177/3629/2796 4176/3616/2772 4132/3579/2771
f 4131/3552/2786 4175/3622/2785 4186/3620/2780 4152/3593/2779
f 4141/3578/2774 4183/3615/2773 4185/3628/2792 4147/3582/2791
f 4160/3575/2797 4188/3631/2797 4189/3630/2797 4161/3574/2797
f 4139/3573/2788 4182/3624/2787 4181/3621/2784 4137/3572/2783
f 4161/3574/2798 4189/3630/2798 4177/3629/2796 4133/3580/2795
f 4154/3596/2794 4187/3627/2793 4174/3626/2790 4125/3556/2789
f 4175/3632/2785 4107/3649/2675 4106/3648/2690 4174/3647/2799 4187/3646/2799 4185/3645/2799 4183/3644/2799 4176/3643/2799 4177/3642/2799 4189/3641/2799 4188/3640/2777 4178/3639/2769 4179/3638/2768 4180/3637/2776 4181/3636/2784 4182/3635/2787 4184/3634/2781 4186/3633/2780
o Cube.073
v -0.000000 1.876876 0.430795
v 0.020148 1.871672 0.418611
v 0.148199 1.898335 0.157342
v 0.065580 1.873181 0.322854
v 0.096266 1.880443 0.267062
v 0.182841 1.914281 0.082075
v -0.000000 1.907263 0.436490
v 0.031251 1.907671 0.424306
v 0.161550 1.923976 0.157342
v 0.078931 1.903705 0.322854
v 0.109617 1.905005 0.267062
v 0.194172 1.931642 0.091705
v -0.000000 1.877836 0.445653
v 0.031121 1.871645 0.431493
v 0.161013 1.897436 0.161002
v 0.078425 1.872862 0.327090
v 0.108989 1.878702 0.271128
v 0.195579 1.910873 0.085937
v -0.000000 1.906829 0.445653
v 0.038345 1.906140 0.431186
v 0.170174 1.920547 0.161064
v 0.087566 1.901027 0.327128
v 0.118217 1.901729 0.270972
v 0.202744 1.928234 0.095567
v -0.020148 1.871672 0.418611
v -0.148199 1.898335 0.157342
v -0.065581 1.873181 0.322854
v -0.096267 1.880443 0.267062
v -0.182841 1.914281 0.082075
v -0.031251 1.907671 0.424306
v -0.161550 1.923976 0.157342
v -0.078931 1.903705 0.322854
v -0.109617 1.905005 0.267062
v -0.194173 1.931642 0.091705
v -0.031121 1.871645 0.431493
v -0.161014 1.897436 0.161002
v -0.078425 1.872862 0.327090
v -0.108990 1.878702 0.271128
v -0.195579 1.910873 0.085937
v -0.038345 1.906140 0.431186
v -0.170175 1.920547 0.161064
v -0.087566 1.901027 0.327128
v -0.118218 1.901729 0.270972
v -0.202744 1.928234 0.095567
vn -0.7992 0.5245 -0.2936
vn -0.8171 0.3960 -0.4190
vn -0.8468 0.3459 -0.4041
vn -0.8361 0.4447 -0.3211
vn -0.4011 0.2197 -0.8893
vn 0.8416 -0.4206 0.3388
vn 0.8441 -0.3019 0.4432
vn 0.8818 -0.2285 0.4126
vn 0.8697 -0.3459 0.3520
vn 0.3775 -0.0385 0.9252
vn -0.0035 -0.9999 -0.0153
vn -0.1671 -0.9809 0.0991
vn -0.0357 -0.9901 -0.1357
vn -0.0455 -0.9817 -0.1851
vn -0.0946 -0.9679 -0.2327
vn 0.2182 0.9741 0.0598
vn 0.0433 0.9938 0.1026
vn 0.2552 0.9541 0.1569
vn 0.2409 0.9310 0.2742
vn 0.2649 0.9337 0.2410
vn 0.4033 0.2701 -0.8743
vn 0.7992 0.5245 -0.2936
vn 0.8171 0.3960 -0.4190
vn 0.8468 0.3459 -0.4041
vn 0.8361 0.4447 -0.3211
vn 0.4011 0.2197 -0.8893
vn -0.8416 -0.4206 0.3388
vn -0.8441 -0.3019 0.4432
vn -0.8818 -0.2285 0.4126
vn -0.8697 -0.3459 0.3520
vn -0.3775 -0.0385 0.9252
vn 0.0035 -0.9999 -0.0153
vn 0.1671 -0.9809 0.0991
vn 0.0357 -0.9901 -0.1357
vn 0.0455 -0.9817 -0.1851
vn 0.0946 -0.9679 -0.2327
vn -0.2182 0.9741 0.0598
vn -0.0433 0.9938 0.1026
vn -0.2552 0.9541 0.1569
vn -0.2409 0.9310 0.2742
vn -0.2649 0.9337 0.2410
vn -0.4033 0.2701 -0.8743
vt 0.575315 0.766298
vt 0.574278 0.743986
vt 0.581416 0.746447
vt 0.581400 0.765869
vt 0.574789 0.711103
vt 0.573126 0.694483
vt 0.581579 0.695932
vt 0.581998 0.713298
vt 0.572209 0.666561
vt 0.582114 0.666964
vt 0.572650 0.660235
vt 0.580656 0.658244
vt 0.589565 0.766844
vt 0.584043 0.765875
vt 0.584036 0.746461
vt 0.590384 0.744664
vt 0.591150 0.711746
vt 0.584701 0.713336
vt 0.584113 0.695936
vt 0.592581 0.694693
vt 0.584459 0.666951
vt 0.591919 0.666055
vt 0.582644 0.657029
vt 0.591719 0.656618
vt 0.596052 0.666323
vt 0.596146 0.694294
vt 0.596146 0.658836
vt 0.594749 0.711420
vt 0.593943 0.744247
vt 0.593214 0.766652
vt 0.589830 0.770484
vt 0.584081 0.768531
s 1
usemtl Material.006
f 4195/3650/2800 4192/3651/2800 4198/3652/2800 4201/3653/2800
f 4194/3654/2801 4193/3655/2801 4199/3656/2801 4200/3657/2801
f 4193/3655/2802 4191/3658/2802 4197/3659/2802 4199/3656/2802
f 4192/3651/2803 4194/3654/2803 4200/3657/2803 4198/3652/2803
f 4191/3658/2804 4190/3660/2804 4196/3661/2804 4197/3659/2804
f 4207/3662/2805 4213/3663/2805 4210/3664/2805 4204/3665/2805
f 4206/3666/2806 4212/3667/2806 4211/3668/2806 4205/3669/2806
f 4205/3669/2807 4211/3668/2807 4209/3670/2807 4203/3671/2807
f 4204/3665/2808 4210/3664/2808 4212/3667/2808 4206/3666/2808
f 4203/3671/2809 4209/3670/2809 4208/3672/2809 4202/3673/2809
f 4191/3674/2810 4193/3675/2810 4205/3669/2810 4203/3671/2810
f 4190/3676/2811 4191/3674/2811 4203/3671/2811 4202/3673/2811
f 4193/3675/2812 4194/3677/2812 4206/3666/2812 4205/3669/2812
f 4194/3677/2813 4192/3678/2813 4204/3665/2813 4206/3666/2813
f 4192/3678/2814 4195/3679/2814 4207/3662/2814 4204/3665/2814
f 4199/3656/2815 4197/3659/2815 4209/3670/2815 4211/3668/2815
f 4197/3659/2816 4196/3661/2816 4208/3672/2816 4209/3670/2816
f 4200/3657/2817 4199/3656/2817 4211/3668/2817 4212/3667/2817
f 4198/3652/2818 4200/3657/2818 4212/3667/2818 4210/3664/2818
f 4201/3653/2819 4198/3652/2819 4210/3664/2819 4213/3663/2819
f 4195/3680/2820 4201/3681/2820 4213/3663/2820 4207/3662/2820
f 4218/3650/2821 4223/3653/2821 4220/3652/2821 4215/3651/2821
f 4217/3654/2822 4222/3657/2822 4221/3656/2822 4216/3655/2822
f 4216/3655/2823 4221/3656/2823 4219/3659/2823 4214/3658/2823
f 4215/3651/2824 4220/3652/2824 4222/3657/2824 4217/3654/2824
f 4214/3658/2825 4219/3659/2825 4196/3661/2825 4190/3660/2825
f 4228/3662/2826 4225/3665/2826 4230/3664/2826 4233/3663/2826
f 4227/3666/2827 4226/3669/2827 4231/3668/2827 4232/3667/2827
f 4226/3669/2828 4224/3671/2828 4229/3670/2828 4231/3668/2828
f 4225/3665/2829 4227/3666/2829 4232/3667/2829 4230/3664/2829
f 4224/3671/2830 4202/3673/2830 4208/3672/2830 4229/3670/2830
f 4214/3674/2831 4224/3671/2831 4226/3669/2831 4216/3675/2831
f 4190/3676/2832 4202/3673/2832 4224/3671/2832 4214/3674/2832
f 4216/3675/2833 4226/3669/2833 4227/3666/2833 4217/3677/2833
f 4217/3677/2834 4227/3666/2834 4225/3665/2834 4215/3678/2834
f 4215/3678/2835 4225/3665/2835 4228/3662/2835 4218/3679/2835
f 4221/3656/2836 4231/3668/2836 4229/3670/2836 4219/3659/2836
f 4219/3659/2837 4229/3670/2837 4208/3672/2837 4196/3661/2837
f 4222/3657/2838 4232/3667/2838 4231/3668/2838 4221/3656/2838
f 4220/3652/2839 4230/3664/2839 4232/3667/2839 4222/3657/2839
f 4223/3653/2840 4233/3663/2840 4230/3664/2840 4220/3652/2840
f 4218/3680/2841 4228/3662/2841 4233/3663/2841 4223/3681/2841
